primMac,mac,bssid,dualband,type,upTime,createTime,lastSeen2GTime,lastSeen5GTime,capBits,zoneSet,staName,state,whiteTime,bw,stream,band,htMode,perf2G-health,perf2G-txRateRma,perf2G-ulRma,perf2G-ul,perf2G-rssiRma,perf2G-dl,perf2G-dlRma,perf2G-txRate,perf2G-rssi,perf5G-health,perf5G-txRateRma,perf5G-ulRma,perf5G-ul,perf5G-rssiRma,perf5G-dl,perf5G-dlRma,perf5G-txRate,perf5G-rssi,
04:bf:6d:5e:26:6f,c8:f7:33:ec:36:eb,04:bf:6d:5e:26:6d,1,0,1551360211305,1551360211307,0,-1,0,Z_347_311_3,YassineBouhlel,0,0,40,2,2,11NA_HT40,, , , , , , , , ,0,258,190024,23424,-51,16472,260151,300,-54,
04:bf:6d:5e:26:6f,44:91:60:5d:b8:55,04:bf:6d:5e:26:6d,1,0,1551360811293,1551321571293,1551304771048,-1,524288,Z_347_311_3,Galaxy-S9,0,0,80,2,2,11AC_VHT80,2,3,0,0,-79,0,0,1,-79,0,634,43735,0,-38,0,223227,108,-68,
b8:ec:a3:2f:bd:17,8c:85:90:a4:98:c5,b8:ec:a3:2f:bd:15,1,0,1551384241202,1551382321202,0,-1,0,Z_347_283_0,MBP-de-Florian,0,0,80,3,2,11AC_VHT80,, , , , , , , , ,0,791,232731,0,-46,0,193374,650,-59,
04:bf:6d:5e:12:9b,64:fb:81:03:ec:f7,04:bf:6d:5e:12:98,0,0,1551395161221,1538192652391,1551395136664,0,0,Z_347_283_3,android-eb77ed40d8621a41,0,1551396947892,20,1,1,11NG_HT20,0,15,908,1112,-33,2168,12485,40,-66,, , , , , , , , ,
04:bf:6d:5e:11:7b,38:59:f9:30:60:fc,04:bf:6d:5e:11:78,0,0,1551399451271,1537314451651,1551399447097,0,0,Z_348_281_0,Home-PC,0,0,20,2,1,11NG_HT20,0,77,8071,1792,-26,2008,60966,130,-61,, , , , , , , , ,
b8:ec:a3:2f:bd:f3,d4:a3:3d:bf:ea:3b,b8:ec:a3:2f:bd:f1,1,0,1551414451252,1551402811245,1550615143693,-1,524288,Z_347_283_3,iPhone-de-James,0,0,80,2,2,11AC_VHT80,1,12,20036,15184,-48,53856,52649,1,-52,0,674,95817,0,-42,0,254014,108,-75,
b8:ec:a3:2f:bd:f3,68:ab:1e:5a:ae:36,b8:ec:a3:2f:bd:f0,0,0,1551414451252,1541729256073,1551414446758,0,524288,Z_347_283_3,AppleWahdeJames,0,0,20,1,1,11NG_HT20,0,5,219,0,-37,0,38,64,-58,, , , , , , , , ,
b8:ec:a3:2f:bd:f3,98:9e:63:28:d0:3c,b8:ec:a3:2f:bd:f1,1,0,1551416371253,1551403411246,1548904774828,-1,0,Z_347_283_3,iMac,0,0,80,3,2,11AC_VHT80,0,79,28403,0,-31,0,1151532,93,-22,0,1238,351936,0,-35,48,1768353,1300,-45,
b8:ec:a3:2f:bd:67,00:27:10:e7:de:b4,b8:ec:a3:2f:bd:65,1,0,1551422761285,1551418201281,1546486276933,-1,0,Z_347_283_0,info-PC,0,0,40,2,2,11NA_HT40,0,81,33301,0,-43,0,530016,122,-41,0,213,39859,27696,-30,5024,66263,189,-57,
04:bf:6d:5e:11:7b,84:89:ad:60:db:ae,04:bf:6d:5e:11:79,1,0,1551450571267,1551445891270,0,-1,524288,Z_348_281_0,iPad,0,0,80,2,2,11AC_VHT80,, , , , , , , , ,0,620,41723,24,-55,136,51919,650,-61,
b8:ec:a3:2f:bd:77,a4:17:31:08:37:4b,b8:ec:a3:2f:bd:74,0,0,1551454531255,1538086332429,1551454511152,0,0,Z_347_283_0,owner1,0,0,20,1,1,11NG_HT20,1,13,55868,0,-38,312,1595077,65,-42,, , , , , , , , ,
b8:ec:a3:2f:bd:7f,60:30:d4:5e:0e:2a,b8:ec:a3:2f:bd:7d,1,0,1551490561291,1551378481290,1551378333634,-1,0,Z_347_283_0,Emmas-Air-2,0,0,80,2,2,11AC_VHT80,0,114,0,0,-36,0,0,114,-36,0,795,45397,22464,-47,5640,32155,650,-55,
b8:ec:a3:2f:bd:5f,80:86:f2:d2:b9:dc,b8:ec:a3:2f:bd:5c,0,0,1551515161293,1550313121279,1551515136378,0,0,Z_347_283_0,jul-laptop,0,0,20,2,1,11NG_HT20,0,91,35608,83288,-35,1454256,1171266,137,-48,, , , , , , , , ,
b8:ec:a3:2f:bd:7f,f4:f9:51:84:4a:a0,b8:ec:a3:2f:bd:7d,1,0,1551556411247,1551207841268,0,-1,0,Z_347_283_0,iPad,0,0,40,1,2,11NA_HT40,, , , , , , , , ,0,95,3018,0,-44,0,3877,6,-67,
b8:ec:a3:2f:bd:7f,88:e9:fe:bd:8f:39,b8:ec:a3:2f:bd:7c,1,0,1551556651251,1551554131253,1551556625342,-1,524288,Z_347_283_0,Emma-s-iPhone,0,0,20,2,1,11NG_HT20,1,1,67503,0,-74,0,79486,1,-82,0,724,24207,0,-43,0,14208,175,-77,
b8:ec:a3:2f:bd:1b,78:a8:73:4f:14:13,b8:ec:a3:2f:bd:18,0,0,1551567241285,1550784091286,1551567217196,0,524288,Z_347_283_0,android-e52da7b71e7c6971,0,0,20,1,1,11NG_HT20,0,50,12436,3472,-47,1960,8480,41,-47,, , , , , , , , ,
b8:ec:a3:2f:bd:2f,2c:f0:a2:61:58:0a,b8:ec:a3:2f:bd:2c,1,0,1551569611210,1551506041284,1551569583105,-1,524288,Z_347_283_3,Camilles-iPhone,0,0,20,1,1,11NG_HT20,0,26,338,0,-57,0,74,1,-80,0,360,24207,0,-48,0,30729,6,-88,
b8:ec:a3:2f:bd:33,cc:3d:82:a8:6c:1d,b8:ec:a3:2f:bd:31,1,0,1551590251218,1551584131228,0,-1,0,Z_347_283_3,marcos-HP-EliteDesk-705-G1-DM,0,0,40,2,2,11NA_HT40,, , , , , , , , ,0,216,73670,7288,-47,33520,629956,300,-47,
b8:ec:a3:2f:bd:17,bc:ff:eb:2a:6e:f4,b8:ec:a3:2f:bd:15,1,0,1551592561202,1551565201203,1551565062388,-1,524288,Z_347_283_0,*,0,0,40,1,2,11NA_HT40,0,1,3086,1112,-69,224,3417,60,-56,0,85,8688,0,-39,0,18281,6,-71,
b8:ec:a3:2f:bd:f3,74:9e:af:40:8a:18,b8:ec:a3:2f:bd:f1,1,0,1551645091224,1551642691234,1550883188095,-1,524288,Z_347_283_3,iPhonedeMathieu,0,0,80,2,2,11AC_VHT80,1,1,6546,0,-41,0,50200,58,-49,0,630,71715,162712,-34,150320,151654,433,-62,
b8:ec:a3:2f:bd:f3,78:92:9c:06:42:16,b8:ec:a3:2f:bd:f0,0,0,1551645091224,1537407211602,1551645078616,0,0,Z_347_283_3,MathB-5,0,0,20,1,1,11NG_HT20,0,13,67639,0,-27,0,40921,43,-41,, , , , , , , , ,
b8:ec:a3:2f:bd:f3,b8:8a:ec:84:37:b1,b8:ec:a3:2f:bd:f1,1,0,1551645091224,1550645401232,1548804812388,-1,0,Z_347_283_3,*,0,0,20,2,2,11AC_VHT20,1,2,3359,0,-48,0,53805,69,-55,0,114,190,168,-38,32,52,173,-52,
04:bf:6d:5e:12:a3,98:22:ef:99:2b:c3,04:bf:6d:5e:12:a1,1,0,1551656971215,1551641131212,1550016582854,-1,524288,Z_347_283_3,LAPTOP-6A9I3IRE,0,0,80,2,2,11AC_VHT80,0,143,188016,188016,-42,1906712,1906712,124,-43,0,807,36379,30856,-37,7392,159694,866,-44,
04:bf:6d:5e:26:6f,f4:8c:50:ed:e0:b3,04:bf:6d:5e:26:6d,1,0,1551658411275,1551652771263,1546376855274,-1,524288,Z_347_311_3,LAPTOP-8J7NVTA8,0,0,80,2,2,11AC_VHT80,0,111,4867,0,-35,0,30468,1,-76,0,763,98442,13936,-38,2040,261442,823,-61,
04:bf:6d:5e:12:9b,00:0a:f5:8c:a7:b4,04:bf:6d:5e:12:99,1,0,1551665161216,1551659881227,1551659854718,-1,524288,Z_347_283_3,,0,0,40,1,2,11NA_HT40,0,52,127,0,-54,0,37,52,-56,0,132,22026,0,-43,0,8932,6,-76,
b8:ec:a3:2f:bd:df,44:1c:a8:7b:2b:ff,b8:ec:a3:2f:bd:dc,0,0,1551674611261,1537296481643,1551674596139,0,524288,Z_347_283_3,DESKTOP-G413UGS,0,0,20,1,1,11NG_HT20,0,13,3468,2480,-24,1248,12017,54,-52,, , , , , , , , ,
04:bf:6d:5e:11:8f,44:91:60:d0:01:ce,04:bf:6d:5e:11:8d,1,0,1551677161296,1551673921294,1551673755249,-1,524288,Z_347_283_0,*,0,0,80,2,2,11AC_VHT80,0,51,2133,0,-56,0,27850,1,-73,0,585,2111244,12454736,-27,72843672,3710288,715,-55,
04:bf:6d:5e:11:8f,44:91:60:b3:c7:fd,04:bf:6d:5e:11:8d,1,0,1551677641292,1551673921294,1548701479939,-1,524288,Z_347_283_0,Galaxy-S8,0,0,80,2,2,11AC_VHT80,1,21,162,0,-73,0,76,27,-74,0,547,24358,0,-50,0,105280,6,-57,
b8:ec:a3:2f:bd:3b,14:9d:09:b7:0f:a4,b8:ec:a3:2f:bd:38,0,0,1551705961213,1537582051625,1551705936676,0,0,Z_347_283_3,HUAWEI_P9_lite,0,1551707387834,20,1,1,11NG_HT20,0,13,4485,4800,-30,7432,33510,72,-46,, , , , , , , , ,
04:bf:6d:5e:11:7b,38:53:9c:97:96:53,04:bf:6d:5e:11:78,1,0,1551712921275,1551712561292,1551712916173,-1,524288,Z_348_281_0,DarineAdsiPhone,0,0,20,2,1,11NG_HT20,0,56,8474,0,-38,0,14148,8,-85,0,544,49102,30296,-32,9544,6494,780,-61,
04:bf:6d:5e:11:7b,f8:95:ea:26:c6:7c,04:bf:6d:5e:11:78,1,0,1551713401285,1551294091294,1551713396626,-1,524288,Z_348_281_0,Sadeghs-iPhone,0,0,20,2,1,11NG_HT20,0,50,8324,0,-51,0,117106,18,-87,0,427,266107,34280,-53,8056,369936,308,-53,
04:bf:6d:5e:11:7b,d0:c5:f3:29:e7:ac,04:bf:6d:5e:11:78,1,0,1551713401285,1551708481277,1551713396626,-1,524288,Z_348_281_0,iPhonedCristina,0,0,20,2,1,11NG_HT20,0,126,6933,0,-50,0,2349,2,-88,0,703,17324,267080,-54,243384,7023,866,-55,
04:bf:6d:5e:11:7b,84:fc:ac:ea:5a:d4,04:bf:6d:5e:11:78,0,0,1551714481286,1543011486138,1551714476006,0,0,Z_348_281_0,DarinespleWatch,0,0,20,1,1,11NG_HT20,0,29,3105,8,-52,0,3481,70,-64,, , , , , , , , ,
04:bf:6d:5e:11:8f,e4:25:e7:4d:62:d5,04:bf:6d:5e:11:8c,0,0,1551715441273,1550025691254,1551715438178,0,0,Z_347_283_0,Mastoreh-iPhone,0,0,20,1,1,11NG_HT20,0,6,1566,0,-26,0,514,59,-44,, , , , , , , , ,
04:bf:6d:5e:11:7b,8c:85:90:74:a1:88,04:bf:6d:5e:11:79,1,0,1551717721283,1551712681295,1551712556020,-1,0,Z_348_281_0,Terezas-MBP,0,0,80,3,2,11AC_VHT80,0,209,9029,8,-41,8,9810,211,-45,0,1132,32208,0,-47,0,53989,526,-63,
04:bf:6d:5e:11:7b,6c:96:cf:df:5c:73,04:bf:6d:5e:11:79,1,0,1551718441281,1551712681295,0,-1,0,Z_348_281_0,Darines-MBP,0,0,80,3,2,11AC_VHT80,, , , , , , , , ,0,807,74052,168,-25,24,154368,702,-59,
04:bf:6d:5e:11:7b,78:31:c1:b8:ee:5c,04:bf:6d:5e:11:79,1,0,1551718441281,1551718441282,1550759473507,-1,0,Z_348_281_0,Ristorante,0,0,80,3,2,11AC_VHT80,0,169,151796,15672,-33,12208,3267165,163,-33,0,731,1215086,16968,-29,3384,6930741,866,-44,
04:bf:6d:5e:11:7b,40:4e:36:93:bc:1f,04:bf:6d:5e:11:79,1,0,1551718441281,1551708481277,1551708114937,-1,524288,Z_348_281_0,*,0,0,80,2,2,11AC_VHT80,1,51,156,464,-74,352,58,144,-50,0,577,9279,168,-33,8,2259,780,-53,
04:bf:6d:5e:26:6f,14:c2:13:48:3f:0d,04:bf:6d:5e:26:6c,0,0,1551725251283,1546679131326,1551725248974,0,524288,Z_347_311_3,ImensAppleWatch,0,0,20,1,1,11NG_HT20,0,13,240,0,-37,0,355,68,-73,, , , , , , , , ,
b8:ec:a3:2f:bd:df,dc:8b:28:af:f2:cb,b8:ec:a3:2f:bd:dd,1,0,1551749971302,1551749611283,0,-1,524288,Z_347_283_3,AH910552,0,0,80,2,2,11AC_VHT80,, , , , , , , , ,0,741,72127,33528,-47,14792,43101,823,-55,
b8:ec:a3:2f:bd:37,60:01:94:5d:fb:5a,b8:ec:a3:2f:bd:34,0,0,1551755851229,1538084022352,1551755830650,0,0,Z_347_283_3,ESP_5DFB5A,0,1551651167843,20,1,1,11NG_HT20,0,3,524,0,-15,0,25,65,-59,, , , , , , , , ,
04:bf:6d:5e:12:67,6c:71:d9:7c:da:89,04:bf:6d:5e:12:64,0,0,1551767041293,1537280521604,1551767017935,0,0,Z_347_283_3,Alexis,0,0,20,1,1,11NG_HT20,1,13,21375,0,-32,0,699983,70,-53,, , , , , , , , ,
04:bf:6d:5e:26:7b,14:cc:20:10:82:1c,04:bf:6d:5e:26:79,1,0,1551791161233,1551790921233,1543282347326,-1,0,Z_347_283_3,,0,0,40,1,2,11NA_HT40,0,72,0,0,-56,0,0,72,-49,0,144,0,0,-26,0,0,150,-28,
b8:ec:a3:2f:bd:53,24:18:1d:03:7d:27,b8:ec:a3:2f:bd:51,1,0,1551792121297,1551767401298,1550963640805,-1,524288,Z_347_283_0,Galaxy-S7,0,0,80,2,2,11AC_VHT80,1,1,960,24,-75,0,31,1,-83,0,552,6318,6224,-50,1760,51261,497,-71,
b8:ec:a3:2f:bd:17,6c:8d:c1:c4:76:26,b8:ec:a3:2f:bd:15,1,0,1551818281207,1551817921211,1551817794486,-1,524288,Z_347_283_0,iPhonedeFlorian,0,0,80,2,2,11AC_VHT80,0,84,23930,248,-56,56,153899,144,-57,0,419,5566,424,-47,1120,3427,6,-87,
04:bf:6d:5e:26:6f,b0:72:bf:fc:5e:20,04:bf:6d:5e:26:6d,1,0,1551818521296,1551815881295,0,-1,524288,Z_347_311_3,Galaxy-S8,0,0,80,2,2,11AC_VHT80,, , , , , , , , ,0,782,94752,2104,-43,152,183228,866,-51,
04:bf:6d:5e:26:6b,f8:59:71:43:69:bc,04:bf:6d:5e:26:69,1,0,1551821251224,1551807331212,0,-1,524288,Z_347_283_3,DESKTOP-M6LPPBK,0,0,80,2,2,11AC_VHT80,, , , , , , , , ,0,444,155897,0,-52,0,255641,468,-63,
04:bf:6d:5e:11:87,d0:6f:4a:95:4e:ea,04:bf:6d:5e:11:84,0,0,1551823051305,1549128091351,1551823030361,0,0,Z_263_311_0,*,0,0,20,1,1,11NG_HT20,1,1,28425,0,-28,0,1659372,45,-34,, , , , , , , , ,
04:bf:6d:5e:12:67,40:4e:36:d2:ca:a1,04:bf:6d:5e:12:65,1,0,1551824281298,1551822721295,1549384799600,-1,524288,Z_347_283_3,*,0,0,80,2,2,11AC_VHT80,0,3,9081,2088,-63,2952,10180,1,-76,0,378,28805,520,-46,32,95244,650,-54,
04:bf:6d:5e:26:8b,ac:bc:32:a3:9a:01,04:bf:6d:5e:26:89,1,0,1551827041233,1551825121241,1547609990987,-1,0,Z_347_283_3,Lucs-MBP,0,0,80,3,2,11AC_VHT80,0,13,0,0,-41,0,0,13,-41,0,1241,355134,28704,-28,2440,2006091,1300,-28,
04:bf:6d:5e:26:6b,f8:0d:60:0f:51:f6,04:bf:6d:5e:26:68,0,0,1551835651204,1548011251210,1551835625511,0,0,Z_347_283_3,*,0,0,20,1,1,11NG_HT20,0,12,321,56,-37,8,3401,71,-51,, , , , , , , , ,
04:bf:6d:5e:12:9b,e8:b1:fc:4c:1b:7a,04:bf:6d:5e:12:99,1,0,1551840121263,1551814081246,0,-1,0,Z_347_283_3,QC-LAV-LOAN-CE1,0,0,40,2,2,11NA_HT40,, , , , , , , , ,0,265,13983,12616,-43,3056,5222,300,-44,
04:bf:6d:5e:26:6b,30:24:32:9b:3b:f1,04:bf:6d:5e:26:69,1,0,1551840931211,1551837931209,1551712502928,-1,524288,Z_347_283_3,*,0,0,80,2,2,11AC_VHT80,0,83,33660,0,-51,0,860183,139,-55,0,721,42393,29912,-34,7216,76050,823,-48,
b8:ec:a3:2f:bd:1f,dc:8b:28:3c:43:21,b8:ec:a3:2f:bd:1d,1,0,1551847681296,1551841081291,0,-1,524288,Z_347_283_0,JLPC5656,0,0,80,1,2,11AC_VHT80,, , , , , , , , ,0,374,431454,165728,-38,43200,901577,433,-47,
b8:ec:a3:2f:bd:57,c8:ff:28:44:6a:0f,b8:ec:a3:2f:bd:55,1,0,1551856651287,1551856651289,1550183824652,-1,524288,Z_347_283_0,Krishna,0,0,80,1,2,11AC_VHT80,0,49,119133,42648,-29,101944,7347469,72,-34,0,374,24288,8120,-40,4176,82963,433,-56,
04:bf:6d:5e:26:7f,be:37:ea:7b:65:2a,04:bf:6d:5e:26:7c,1,0,1551861001270,1549546291256,1551861000706,-1,524288,Z_347_283_3,*,0,0,20,2,1,11NG_HT20,0,108,7014,40,-51,8,20596,142,-66,0,549,180932,65328,-49,8976,1417353,866,-68,
b8:ec:a3:2f:bd:7f,80:73:9f:3c:7d:55,b8:ec:a3:2f:bd:7c,1,0,1551873121282,1551727201248,1551873117521,-1,524288,Z_347_283_0,,0,0,20,1,1,11NG_HT20,0,36,38,0,-61,0,46,14,-81,0,96,0,0,-58,0,0,32,-86,
04:bf:6d:5e:12:73,54:b1:21:d4:37:2c,04:bf:6d:5e:12:70,1,0,1551876691237,1551876451253,1551876676185,-1,524288,Z_347_283_3,HUAWEI_P10-8ca15b9d920917,0,0,20,2,1,11NG_HT20,0,13,2189,0,-28,0,22876,72,-72,0,374,21892,0,-25,0,161204,433,0,
04:bf:6d:5e:26:7f,48:45:20:f3:71:c7,04:bf:6d:5e:26:7d,1,0,1551880771212,1551879931215,1551520312943,-1,524288,Z_347_283_3,*,0,0,80,2,2,11AC_VHT80,0,84,28858,0,-48,0,303640,113,-64,0,681,1799696,5437168,-21,503128,1088042,866,-60,
04:bf:6d:5e:26:7f,3c:28:6d:09:5c:a1,04:bf:6d:5e:26:7c,1,0,1551880771212,1549546171248,1551880741778,-1,524288,Z_347_283_3,*,0,0,20,2,1,11NG_HT20,0,16,10669,0,-58,0,1668,16,-67,0,478,105486,463904,-40,1734280,437697,676,-54,
b8:ec:a3:2f:bd:ff,2c:0e:3d:76:2a:cc,b8:ec:a3:2f:bd:fd,1,0,1551882361206,1551840241212,1551570673966,-1,524288,Z_347_283_0,Samsung-Galaxy-S7,0,0,80,2,2,11AC_VHT80,0,55,14291,552,-31,176,41690,34,-62,0,585,25699,864,-34,80,74667,650,-64,
b8:ec:a3:2f:bd:1b,48:a3:80:83:6e:17,b8:ec:a3:2f:bd:19,1,0,1551889081280,1551887761291,1550529678492,-1,0,Z_347_283_0,android-153c855f5c6db18c,0,0,40,1,2,11NA_HT40,0,60,0,0,-51,0,0,60,-51,0,97,76064,0,-37,0,122638,150,-55,
b8:ec:a3:2f:bd:6b,f8:34:41:e1:f5:3c,b8:ec:a3:2f:bd:69,1,0,1551897001272,1551893851316,1551115295623,-1,524288,Z_347_283_0,DESKTOP-EETUP68,0,0,80,2,2,11AC_VHT80,0,78,86959,0,-26,0,561462,78,-72,0,807,81626,18320,-25,16192,835252,866,-44,
04:bf:6d:5e:12:67,d8:c4:6a:2e:da:48,04:bf:6d:5e:12:65,1,0,1551897121289,1551896761268,1549578425777,-1,524288,Z_347_283_3,Samsung-Galaxy-S7-edge,0,0,80,2,2,11AC_VHT80,0,3,1689,0,-65,0,3715,6,-78,0,510,21653,0,-54,0,41460,585,-71,
04:bf:6d:5e:26:6f,d8:1c:79:a9:ca:ab,04:bf:6d:5e:26:6c,1,0,1551898531298,1551725011304,1551898503648,-1,524288,Z_347_311_3,,0,0,20,2,1,11NG_HT20,0,25,1582,0,-51,0,3084,14,-83,0,542,28388,0,-47,0,25499,108,-80,
04:bf:6d:5e:26:6f,c0:48:e6:b6:2e:ec,04:bf:6d:5e:26:6c,0,0,1551899491321,1542497556163,1551899471387,0,0,Z_347_311_3,localhost,0,0,20,2,1,11NG_HT20,0,84,29360,45904,-21,4944328,1889260,97,-44,, , , , , , , , ,
04:bf:6d:5e:26:6f,c8:3a:6b:d7:85:e9,04:bf:6d:5e:26:6d,1,0,1551899491321,1551874921298,0,-1,0,Z_347_311_3,*,0,0,20,2,2,11AC_VHT20,, , , , , , , , ,0,109,2247,1088,-22,104,3969,144,-46,
04:bf:6d:5e:26:6f,8c:f5:a3:26:af:79,04:bf:6d:5e:26:6d,1,0,1551899491321,1551887881294,1550693749960,-1,524288,Z_347_311_3,Samsung-Galaxy-S7-edge,0,0,80,2,2,11AC_VHT80,0,59,857,0,-63,0,921,4,-83,0,656,91591,332808,-29,5202344,189538,866,-55,
04:bf:6d:5e:26:6f,80:a5:89:3e:90:eb,04:bf:6d:5e:26:6c,0,0,1551899491321,1544905465956,1551899471387,0,0,Z_347_311_3,KAHLOUL-MED,0,0,20,1,1,11NG_HT20,0,18,5494,1048,-15,1256,47836,70,-34,, , , , , , , , ,
04:bf:6d:5e:12:9b,c0:ee:fb:dd:2f:ed,04:bf:6d:5e:12:99,1,0,1551901411222,1551901291222,1551901200394,-1,0,Z_347_283_3,OnePlus_3,0,0,80,1,2,11AC_VHT80,0,13,11203,11944,-31,16616,43767,53,-60,0,344,8786,23152,-34,7248,10145,433,-41,
04:bf:6d:5e:26:7b,b4:ae:2b:c6:2e:50,04:bf:6d:5e:26:78,1,0,1551902491220,1551834721253,1551902466269,-1,524288,Z_347_283_3,Gabriel-Surface,0,0,20,2,1,11NG_HT20,0,77,10328,48,-27,136,171631,122,-53,0,597,68913,1512,-31,48,339046,676,-55,
04:bf:6d:5e:12:83,48:45:20:1b:21:d7,04:bf:6d:5e:12:81,1,0,1551910801232,1551907321239,0,-1,524288,Z_347_283_3,DESKTOP-5Q70QGC,0,0,80,2,2,11AC_VHT80,, , , , , , , , ,0,722,63394,16760,-51,2024,104898,650,-55,
04:bf:6d:5e:12:83,ac:e0:10:6c:4b:d4,04:bf:6d:5e:12:80,0,0,1551911041243,1549590121212,1551911018906,0,0,Z_347_283_3,Kevin,0,0,20,1,1,11NG_HT20,1,15,44286,5600,-28,6600,74171,70,-36,, , , , , , , , ,
04:bf:6d:5e:12:83,9c:b7:0d:c9:b9:f3,04:bf:6d:5e:12:80,0,0,1551911401228,1547152651231,1551911378588,0,0,Z_347_283_3,Seven68,0,0,20,1,1,11NG_HT20,0,31,139921,7600,-38,3392,139309,31,-50,, , , , , , , , ,
b8:ec:a3:2f:bd:17,54:27:1e:3f:78:d7,b8:ec:a3:2f:bd:14,0,0,1551912211212,1537307761671,1551912210267,0,0,Z_347_283_0,PC-SEBASTIEN,0,0,20,1,1,11NG_HT20,1,13,6798,13712,-27,642312,112428,68,-35,, , , , , , , , ,
b8:ec:a3:2f:bd:37,8c:18:d9:e0:b9:ce,b8:ec:a3:2f:bd:34,0,0,1551912361219,1539041870973,1551912335058,0,0,Z_347_283_3,*,0,0,20,1,1,11NG_HT20,1,9,31438,37800,-16,1898616,2255028,10,-39,, , , , , , , , ,
04:bf:6d:5e:12:83,6c:88:14:c7:98:d8,04:bf:6d:5e:12:81,1,0,1551913801223,1551888001236,1550068896556,-1,0,Z_347_283_3,gtmtl-interm02,0,0,40,2,2,11NA_HT40,0,138,5372,6208,-38,41992,7942,105,-43,0,222,36404,23152,-42,15504,69686,300,-54,
04:bf:6d:5e:12:83,b8:8d:12:37:5d:2a,04:bf:6d:5e:12:81,1,0,1551913801223,1551888121230,1549586381783,-1,0,Z_347_283_3,MBP-de-Simon,0,0,40,3,2,11NA_HT40,0,162,30068,0,-30,0,36578,216,-34,0,391,50618,11056,-25,2160,37992,450,-32,
04:bf:6d:5e:26:7f,84:fe:dc:e4:8d:2a,04:bf:6d:5e:26:7c,0,0,1551914971211,1537386601615,1551914941836,0,524288,Z_347_283_3,*,0,1549185917769,20,1,1,11NG_HT20,0,13,54,0,-20,0,64,42,-68,, , , , , , , , ,
b8:ec:a3:2f:bd:47,2c:0e:3d:90:b5:26,b8:ec:a3:2f:bd:45,1,0,1551915241203,1551915121202,0,-1,524288,Z_347_283_0,Luzbel-S7,0,0,80,2,2,11AC_VHT80,, , , , , , , , ,0,517,8621,0,-65,48,614,6,-79,
04:bf:6d:5e:26:6b,b8:86:87:4b:82:c3,04:bf:6d:5e:26:68,0,0,1551920971230,1537272331612,1551920947284,0,0,Z_347_283_3,*,0,0,20,1,1,11NG_HT20,1,13,8359,0,-21,0,67937,72,-49,, , , , , , , , ,
04:bf:6d:5e:26:6b,b4:ae:2b:bd:d8:27,04:bf:6d:5e:26:69,1,0,1551921091225,1551914851229,1551752824847,-1,0,Z_347_283_3,XboxOne,0,0,40,2,2,11NA_HT40,0,45,153602,219120,-33,642688,571300,49,-34,0,248,67579,0,-27,0,54368,270,-31,
04:bf:6d:5e:26:7f,6c:71:d9:bc:8b:11,04:bf:6d:5e:26:7d,1,0,1551921211216,1551918571211,1551360346322,-1,524288,Z_347_283_3,DESKTOP-BQDIFNO,0,0,80,1,2,11AC_VHT80,1,12,22204,1128,-21,1984,259248,55,-60,0,332,432299,24080,-33,1944,529652,433,-60,
04:bf:6d:5e:12:a3,20:68:9d:d1:27:4a,04:bf:6d:5e:12:a0,0,0,1551921241209,1538357172349,1551921212742,0,0,Z_347_283_3,pc-marion,0,0,20,1,1,11NG_HT20,1,13,25232,304,-29,120,666562,68,-41,, , , , , , , , ,
b8:ec:a3:2f:bd:53,00:21:00:d1:e3:78,b8:ec:a3:2f:bd:50,0,0,1551921841294,1541032297244,1551921832337,0,0,Z_347_283_0,PC-de-kimo,0,0,20,1,1,11G,1,10,16614,448,-20,48,421623,51,-35,, , , , , , , , ,
b8:ec:a3:2f:bd:27,a4:f1:e8:5d:0b:06,b8:ec:a3:2f:bd:25,1,0,1551923011256,1551921451257,1551132425696,-1,524288,Z_347_283_3,Ipod-kun,0,0,80,1,2,11AC_VHT80,2,51,0,0,-76,0,0,1,-53,0,374,360233,11464,-54,1408,819745,390,-60,
b8:ec:a3:2f:bd:6b,88:07:4b:e4:19:d4,b8:ec:a3:2f:bd:69,1,0,1551923281247,1551923041276,1551584243467,-1,524288,Z_347_283_0,android-b31f50eaef29d5c5,0,0,80,1,2,11AC_VHT80,1,1,2872,0,-44,0,58925,53,-83,0,324,19519,0,-45,0,72282,6,-83,
04:bf:6d:5e:11:87,44:91:60:56:07:bc,04:bf:6d:5e:11:85,1,0,1551923731316,1551920851306,1551920713157,-1,524288,Z_263_311_0,Galaxy-S8,0,0,80,2,2,11AC_VHT80,0,27,0,0,-68,0,0,5,-57,0,687,50041,0,-39,0,138663,6,-84,
04:bf:6d:5e:26:7f,54:25:ea:86:f8:56,04:bf:6d:5e:26:7c,0,0,1551923971222,1537351321608,1551923943784,0,524288,Z_347_283_3,HUAWEI_P8_lite,0,1549652627844,20,1,1,11NG_HT20,1,11,11799,3136,-26,4728,174900,65,-44,, , , , , , , , ,
b8:ec:a3:2f:bd:33,00:d0:41:c3:b0:9f,b8:ec:a3:2f:bd:30,0,0,1551924361242,1537326211664,1551924358337,0,0,Z_347_283_3,DESKTOP-OE67I5R,0,0,20,1,1,11NG_HT20,0,13,7287,5288,-25,7544,32789,72,-28,, , , , , , , , ,
b8:ec:a3:2f:bd:37,f8:34:41:3c:de:9e,b8:ec:a3:2f:bd:35,1,0,1551924601224,1551923041232,1551832155448,-1,524288,Z_347_283_3,DESKTOP-VJLGTLC,0,0,80,2,2,11AC_VHT80,0,85,17721,4128,-28,2408,979994,143,-44,0,783,176522,65664,-23,1055600,3103449,866,-47,
b8:ec:a3:2f:bd:4b,74:40:bb:6d:7c:fb,b8:ec:a3:2f:bd:49,1,0,1551925201297,1551917041293,1542845309194,-1,524288,Z_347_283_0,DESKTOP-C5SLGLA,0,0,80,1,2,11AC_VHT80,0,69,122136,122136,-24,78560,78560,69,-24,0,374,402907,830424,-24,1887016,196568,433,-36,
04:bf:6d:5e:12:a3,9c:b7:0d:5d:80:b9,04:bf:6d:5e:12:a0,0,0,1551927721215,1537310851651,1551927695177,0,0,Z_347_283_3,Arthur-HP,0,0,20,1,1,11NG_HT20,1,2,20531,5864,-21,27232,589994,65,-56,, , , , , , , , ,
04:bf:6d:5e:12:73,60:30:d4:85:94:a0,04:bf:6d:5e:12:71,1,0,1551928171256,1551921091253,1551362383634,-1,0,Z_347_283_3,Air-de-Marilou,0,0,80,2,2,11AC_VHT80,0,62,30129,177416,-29,786096,837210,85,-43,0,751,630013,8576,-21,752,1306539,866,-39,
b8:ec:a3:2f:bd:ff,cc:20:e8:24:de:ec,b8:ec:a3:2f:bd:fd,1,0,1551928291202,1551917131205,1550923763437,-1,524288,Z_347_283_0,FarzanehsiPhone,0,0,80,2,2,11AC_VHT80,0,49,109010,0,-35,0,51943,98,-47,0,670,251902,24,-26,128,198238,823,-58,
04:bf:6d:5e:12:67,0c:84:dc:81:8c:13,04:bf:6d:5e:12:64,0,0,1551928801278,1551408211291,1551928781146,0,0,Z_347_283_3,pc-marie,0,0,20,1,1,11NG_HT20,1,1,13341,920,-39,1456,210244,41,-45,, , , , , , , , ,
04:bf:6d:5e:12:8f,e4:f0:42:a5:85:38,04:bf:6d:5e:12:8c,1,0,1551929131286,1551923131266,1551929129492,-1,0,Z_347_283_3,Chromecast,0,0,20,1,1,11NG_HT20,1,12,30254,0,-35,0,1771873,57,-56,0,223,570764,21504,-54,1632,1694938,294,-74,
b8:ec:a3:2f:bd:6f,d8:9c:67:d6:52:43,b8:ec:a3:2f:bd:6d,1,0,1551930721258,1551914131262,1542921821622,-1,524288,Z_347_283_0,DESKTOP-F5GRH8J,0,0,80,1,2,11AC_VHT80,0,58,7498,0,-26,0,164214,72,-28,0,374,545811,24504,-33,5872,1183217,433,-55,
04:bf:6d:5e:11:8f,54:27:1e:76:ae:07,04:bf:6d:5e:11:8c,0,0,1551930811284,1540132667873,1551930789158,0,0,Z_347_283_0,DESKTOP-SUNOKSR,0,0,20,1,1,11NG_HT20,1,12,12493,0,-18,0,405407,48,-39,, , , , , , , , ,
b8:ec:a3:2f:bd:77,f4:96:34:86:af:ce,b8:ec:a3:2f:bd:74,1,0,1551931081249,1551833761300,1551931054891,-1,524288,Z_347_283_0,Xiaomi,0,0,20,2,1,11NG_HT20,0,85,27417,17152,-30,2867272,3601843,144,-34,0,807,240515,5536,-42,1096,3975102,866,-47,
04:bf:6d:5e:12:8f,30:10:b3:2c:52:10,04:bf:6d:5e:12:8c,0,0,1551931891276,1547611561215,1551931889402,0,0,Z_347_283_3,JustineHestin,0,0,20,1,1,11NG_HT20,0,13,12941,0,-31,0,29548,65,-43,, , , , , , , , ,
b8:ec:a3:2f:bd:1b,40:b8:9a:f6:48:81,b8:ec:a3:2f:bd:18,0,0,1551934081281,1546461211258,1551934063390,0,0,Z_347_283_0,dell-PC,0,0,20,1,1,11NG_HT20,0,13,4684,0,-20,0,16958,72,-42,, , , , , , , , ,
04:bf:6d:5e:26:8b,6c:71:d9:77:26:79,04:bf:6d:5e:26:88,0,0,1551934531235,1537277281627,1551934505385,0,0,Z_347_283_3,DESKTOP-97U4DU3,0,0,20,1,1,11NG_HT20,1,13,116256,57104,-27,1756000,3368495,72,-41,, , , , , , , , ,
a0:e4:cb:fc:b4:ef,14:bb:6e:9d:be:f7,a0:e4:cb:fc:b4:ed,1,0,1551935251240,1551924091241,1549759284091,-1,0,Z_347_283_3,localhost,0,0,40,2,2,11NA_HT40,0,40,18822,1936,-44,928,870133,85,-45,0,241,91205,11520,-48,1152,725475,300,-52,
b8:ec:a3:2f:bd:fb,fc:01:7c:a4:6e:cf,b8:ec:a3:2f:bd:f9,1,0,1551935491264,1551924331255,0,-1,524288,Z_347_283_3,DESKTOP-10MJCP7,0,0,80,1,2,11AC_VHT80,, , , , , , , , ,0,374,68420,30752,-36,4408,154261,433,-43,
b8:ec:a3:2f:bd:fb,f4:06:69:3a:39:32,b8:ec:a3:2f:bd:f9,1,0,1551935491264,1551928051275,1551755357169,-1,0,Z_347_283_3,DESKTOP-DPGGFUA,0,0,80,1,2,11AC_VHT80,0,52,0,0,-39,0,0,70,-48,0,374,16685,17576,-47,7608,81688,433,-56,
b8:ec:a3:2f:bd:57,14:c2:13:01:49:b4,b8:ec:a3:2f:bd:55,1,0,1551935761291,1551933241298,1551563717134,-1,0,Z_347_283_0,Kuljeets-Air,0,0,80,2,2,11AC_VHT80,0,24,134438,36128,-31,30688,1163455,138,-33,0,752,234299,2542928,-32,14018280,1060506,823,-44,
b8:ec:a3:2f:bd:fb,94:65:2d:82:4f:8d,b8:ec:a3:2f:bd:f9,1,0,1551935851258,1551924331255,1551708359325,-1,524288,Z_347_283_3,OnePlus5,0,0,80,2,2,11AC_VHT80,0,10,2581,0,-29,0,13286,2,-76,0,767,39295,198760,-22,369472,68291,823,-48,
a0:e4:cb:fc:b4:ef,c0:bd:d1:7e:1a:7e,a0:e4:cb:fc:b4:ed,1,0,1551935971241,1551934891238,1551934752344,-1,0,Z_347_283_3,android-987375af826968d2,0,0,40,1,2,11NA_HT40,1,9,3302,13504,-26,31432,60637,27,-50,0,91,32447,528,-38,40,175371,150,-59,
04:bf:6d:5e:12:83,44:91:60:62:70:d7,04:bf:6d:5e:12:81,1,0,1551936001250,1551927001237,0,-1,524288,Z_347_283_3,*,0,0,80,2,2,11AC_VHT80,, , , , , , , , ,0,544,65341,0,-44,0,109973,6,-59,
04:bf:6d:5e:12:83,cc:c0:79:98:52:39,04:bf:6d:5e:12:81,1,0,1551936361232,1551930241230,1549832867739,-1,524288,Z_347_283_3,Galaxy-S9,0,0,80,2,2,11AC_VHT80,0,46,6286,0,-32,0,76313,14,-78,0,594,29740,0,-29,0,77946,6,-77,
04:bf:6d:5e:12:83,a0:99:9b:39:ae:b0,04:bf:6d:5e:12:81,1,0,1551936481231,1551926881229,1551851737332,-1,524288,Z_347_283_3,iPhone,0,0,80,1,2,11AC_VHT80,1,5,3881,0,-29,0,63586,1,-74,0,330,7256,0,-29,0,2367,6,-75,
b8:ec:a3:2f:bd:53,e0:19:1d:e3:01:73,b8:ec:a3:2f:bd:50,0,0,1551937321296,1546732891301,1551937313802,0,524288,Z_347_283_0,android-8a2e3a0485c6f45d,0,0,20,1,1,11NG_HT20,0,13,66,48,-34,8,27,71,-48,, , , , , , , , ,
04:bf:6d:5e:11:87,74:df:bf:b4:6d:9e,04:bf:6d:5e:11:84,0,0,1551937531311,1549145131324,1551937513253,0,524288,Z_263_311_0,*,0,0,20,2,1,11NG_HT20,0,71,32177,0,-24,0,2961481,104,-36,, , , , , , , , ,
b8:ec:a3:2f:bd:33,28:e3:47:d1:b0:ce,b8:ec:a3:2f:bd:30,0,0,1551938761257,1541258346073,1551938760129,0,0,Z_347_283_3,DESKTOP-OE67I5R,0,0,20,1,1,11NG_HT20,1,13,28952,160880,-30,170768,831818,72,-40,, , , , , , , , ,
b8:ec:a3:2f:bd:67,e4:d5:3d:94:11:6a,b8:ec:a3:2f:bd:64,0,0,1551939961280,1547527411375,1551939961132,0,0,Z_347_283_0,info-PC,0,0,20,1,1,11NG_HT20,1,13,18408,0,-30,0,385298,71,-51,, , , , , , , , ,
b8:ec:a3:2f:bd:4b,a0:d7:95:21:05:89,b8:ec:a3:2f:bd:49,1,0,1551942421371,1551942421373,1549150382369,-1,524288,Z_347_283_0,StephanerLajoie,0,0,80,1,2,11AC_VHT80,0,27,4518,18360,-38,650496,180313,30,-58,0,374,27245,24,-31,136,57189,433,-63,
b8:ec:a3:2f:bd:4b,24:a0:74:0f:36:40,b8:ec:a3:2f:bd:49,1,0,1551942421371,1551942421373,1551293244682,-1,524288,Z_347_283_0,iPhone-Anthony,0,0,40,1,2,11NA_HT40,0,19,1843,0,-36,0,30711,67,-60,0,91,122866,368,-27,136,339630,121,-44,
b8:ec:a3:2f:bd:17,54:60:09:9b:8f:e8,b8:ec:a3:2f:bd:15,1,0,1551943681202,1551925771213,1549175824336,1551943652753,0,Z_347_283_0,Chromecast,0,0,80,1,2,11AC_VHT80,0,54,39397,7504,-45,94144,2426807,54,-47,0,291,396060,6600,-43,656,1211040,63,-51,
b8:ec:a3:2f:bd:53,44:91:60:f2:ab:b8,b8:ec:a3:2f:bd:51,1,0,1551943921297,1551942421368,1551484159230,1551943914475,524288,Z_347_283_0,Galaxy-S8,0,0,80,2,2,11AC_VHT80,0,99,1953,0,-59,0,9231,1,-81,0,721,13862,0,-39,24,16205,866,-56,
b8:ec:a3:2f:bd:ff,60:03:08:ee:27:8a,b8:ec:a3:2f:bd:fd,1,0,1551944131202,1551941731212,1548398967857,1551944102461,0,Z_347_283_0,Farzanehs-MBP,0,0,40,3,2,11NA_HT40,0,204,4389,464,-32,16,2043,196,-35,0,391,81833,0,-29,0,56629,450,-43,
b8:ec:a3:2f:bd:5f,8c:f5:a3:cf:a6:39,b8:ec:a3:2f:bd:5d,1,0,1551944521297,1551922081285,1551709064772,1551944511551,524288,Z_347_283_0,Samsung-Galaxy-S7,0,0,80,2,2,11AC_VHT80,0,11,1758,0,-66,0,1126,2,-66,0,143,52620,336,-28,104,117892,158,-48,
b8:ec:a3:2f:bd:5f,00:f4:8d:0a:f2:c4,b8:ec:a3:2f:bd:5d,1,0,1551944521297,1551890041298,0,1551944511551,0,Z_347_283_0,Pikachu,0,0,20,2,2,11AC_VHT20,, , , , , , , , ,0,161,54738,3520,-43,880,140496,173,-51,
b8:ec:a3:2f:bd:57,8c:29:37:f3:f2:50,b8:ec:a3:2f:bd:55,1,0,1551945481294,1551924841275,1551362118245,1551945457076,0,Z_347_283_0,sahils-Air,0,0,80,2,2,11AC_VHT80,0,101,84448,0,-32,0,277746,73,-44,0,646,240476,0,-29,0,1223992,6,-59,
b8:ec:a3:2f:bd:ff,b4:6d:83:e2:89:d4,b8:ec:a3:2f:bd:fd,1,0,1551946411202,1551034171204,1544493031220,1551946381833,0,Z_347_283_0,DESKTOP-A03JT3I,1,0,80,1,2,11AC_VHT80,0,57,226285,0,-32,0,104392,57,-42,0,374,25440,26384,-33,4080,23454,433,-46,
04:bf:6d:5e:26:7f,10:cd:b6:00:ad:eb,04:bf:6d:5e:26:7d,1,0,1551946411210,1551922531227,1551905582502,1551946383006,524288,Z_347_283_3,*,1,0,80,2,2,11AC_VHT80,0,74,14222,0,-25,0,27777,108,-37,0,508,49516,46496,-23,9856,43425,497,-54,
04:bf:6d:5e:26:7f,30:fd:38:68:be:02,04:bf:6d:5e:26:7d,1,0,1551946411210,1546482481221,1543844348653,1551946383006,0,Z_347_283_3,*,1,0,80,1,2,11AC_VHT80,0,34,12671,0,-58,0,41846,19,-61,0,374,62855,66360,-18,7288,6947,433,-27,
04:bf:6d:5e:26:7f,38:8b:59:23:fd:36,04:bf:6d:5e:26:7d,1,0,1551946411210,1550630851254,1546629463442,1551946383006,0,Z_347_283_3,Google-Home-Mini,1,0,80,1,2,11AC_VHT80,0,28,159424,159424,-37,8719848,8719848,28,-37,0,292,31744,34912,-43,3432,3973,390,-52,
04:bf:6d:5e:12:9b,1c:1e:e3:8c:98:0f,04:bf:6d:5e:12:98,0,0,1551946411216,1545258631171,1551946383557,0,0,Z_347_283_3,,1,0,20,2,1,11NG_HT20,0,85,387,328,-26,80,161,143,-36,, , , , , , , , ,
04:bf:6d:5e:26:7b,6c:ad:f8:b6:0a:0b,04:bf:6d:5e:26:78,0,0,1551946411220,1537286881642,1551946384956,0,524288,Z_347_283_3,Chromecast,1,0,20,1,1,11NG_HT20,1,13,5521,1752,-23,824,289286,68,-42,, , , , , , , , ,
04:bf:6d:5e:26:7b,a0:c9:a0:89:33:71,04:bf:6d:5e:26:79,1,0,1551946411220,1551924931224,1551655630038,1551946384956,524288,Z_347_283_3,Galaxy-S8,1,0,80,2,2,11AC_VHT80,0,75,11674,0,-25,0,174602,7,-76,0,807,14902,7296,-27,1664,27443,866,-56,
04:bf:6d:5e:26:6b,04:d6:aa:66:76:5a,04:bf:6d:5e:26:69,1,0,1551946411226,1551910651238,1551872105935,1551946387646,524288,Z_347_283_3,Samsung-Galaxy-S7,1,0,80,2,2,11AC_VHT80,0,33,13389,37800,-33,998848,327780,115,-54,0,108,11007,864,-27,80,18901,144,-55,
04:bf:6d:5e:26:6b,a0:6a:44:9d:56:b1,04:bf:6d:5e:26:69,1,0,1551946411226,1548984961213,1548984815487,1551946387646,0,Z_347_283_3,VIZIOCastAudio1714,1,0,20,2,2,11NA_HT20,0,83,467,0,-1,0,12729,102,-40,0,85,59,0,-18,0,0,144,-22,
04:bf:6d:5e:26:6b,d0:d2:b0:4e:d9:8d,04:bf:6d:5e:26:69,1,0,1551946411226,1551917491228,1551910867262,1551946387646,524288,Z_347_283_3,iPhone,1,1551947177676,80,2,2,11AC_VHT80,1,6,7646,232,-52,56,82677,1,-65,0,374,265049,24,-40,144,612008,433,-71,
04:bf:6d:5e:26:8b,c0:f2:fb:bc:9f:69,04:bf:6d:5e:26:89,1,0,1551946411231,1551910081252,1551623715093,1551946389694,524288,Z_347_283_3,iPhone,1,0,40,1,2,11NA_HT40,1,13,6430,0,-29,0,54125,72,-44,0,91,8945,24,-35,136,2052,150,-52,
a0:e4:cb:fc:b4:ef,00:16:44:89:48:a1,a0:e4:cb:fc:b4:ec,0,0,1551946411236,1547595961257,1551946393198,0,0,Z_347_283_3,PC-de-beg,1,0,20,1,1,11G,0,2,1409,592,-19,352,15122,40,-25,, , , , , , , , ,
a0:e4:cb:fc:b4:ef,34:12:f9:e8:4d:da,a0:e4:cb:fc:b4:ed,1,0,1551946411236,1551923971240,1551923832729,1551946393198,524288,Z_347_283_3,HUAWEI_P20-d68a8ff2a01629,1,0,80,2,2,11AC_VHT80,0,34,745,0,-36,0,3016,75,-37,0,721,2401,0,-32,32,9203,676,-64,
04:bf:6d:5e:26:73,dc:ef:ca:d6:22:f1,04:bf:6d:5e:26:71,1,0,1551946411241,1551924691245,1550890035895,1551946394428,524288,Z_347_283_3,FAUJ-Galaxy-S8,1,0,80,2,2,11AC_VHT80,0,85,1653,0,-28,0,20734,104,-70,0,806,26210,0,-30,24,115493,866,-48,
04:bf:6d:5e:26:73,ec:8e:b5:61:aa:29,04:bf:6d:5e:26:70,0,0,1551946411241,1537396681630,1551946394428,0,0,Z_347_283_3,HP61AA29,1,0,20,1,1,11NG_HT20,0,21,72,80,-12,8,8,55,-27,, , , , , , , , ,
04:bf:6d:5e:26:73,ec:c4:0d:6b:07:7c,04:bf:6d:5e:26:71,1,0,1551946411241,1551217531219,1547254782755,1551946394428,0,Z_347_283_3,*,1,0,20,2,2,11AC_VHT20,0,63,28993,3928,-34,1616,33040,53,-54,0,114,132,0,-33,24,56,173,-45,
b8:ec:a3:2f:bd:27,9c:e0:63:36:09:ce,b8:ec:a3:2f:bd:25,1,0,1551946411247,1551892771259,1551737748799,1551946400578,524288,Z_347_283_3,Galaxy-A5-2017,1,0,80,1,2,11AC_VHT80,1,2,5293,0,-43,0,165078,24,-71,0,374,5934,0,-33,24,20512,433,-63,
b8:ec:a3:2f:bd:27,92:3b:90:a3:1a:d6,b8:ec:a3:2f:bd:25,1,0,1551946411247,1551915691247,1551133986321,1551946400578,524288,Z_347_283_3,*,1,0,80,2,2,11AC_VHT80,0,71,42121,92360,-27,5371568,1206034,56,-41,0,807,223989,598640,-32,4828904,1737722,866,-47,
b8:ec:a3:2f:bd:27,5c:52:1e:61:57:2a,b8:ec:a3:2f:bd:25,1,0,1551946411247,1551112051214,0,1551946400578,0,Z_347_283_3,*,1,0,20,2,2,11AC_VHT20,, , , , , , , , ,0,114,20056,0,-38,24,42365,144,-47,
04:bf:6d:5e:12:73,44:07:0b:f2:a0:f3,04:bf:6d:5e:12:71,1,0,1551946411253,1551137971229,1550387734815,1551946404010,0,Z_347_283_3,Google-Home-Mini,1,0,80,1,2,11AC_VHT80,0,26,74982,15080,-45,82952,3510685,1,-54,0,323,24195,21792,-46,1688,7111,390,-55,
04:bf:6d:5e:12:73,b4:18:d1:16:cf:95,04:bf:6d:5e:12:71,1,0,1551946411253,1551807211234,1551713950116,1551946404010,524288,Z_347_283_3,iPhone,1,0,40,1,2,11NA_HT40,0,53,8238,192,-46,88,158363,72,-47,0,91,3954,24,-40,160,4130,150,-51,
04:bf:6d:5e:12:73,bc:76:5e:34:4c:59,04:bf:6d:5e:12:71,1,0,1551946411253,1551813811236,1551813794697,1551946404010,524288,Z_347_283_3,Galaxy-Tab-E,1,0,40,1,2,11NA_HT40,0,6,88,0,-54,0,43,11,-58,0,130,1354,0,-19,24,1343,150,-47,
04:bf:6d:5e:12:8f,cc:fa:00:b5:65:de,04:bf:6d:5e:12:8d,1,0,1551946411258,1551929131289,1551890483488,1551946408841,0,Z_347_283_3,android-6ab211b9e9d41e57,1,0,80,1,2,11AC_VHT80,0,39,3831,0,-43,0,80674,12,-51,0,373,8107,168,-31,24,76865,325,-63,
04:bf:6d:5e:12:8f,2c:0e:3d:95:a6:4e,04:bf:6d:5e:12:8d,1,0,1551946411258,1551922171287,1551818476043,1551946408841,524288,Z_347_283_3,Galaxy-S6,1,0,80,2,2,11AC_VHT80,0,57,5477,3128,-28,2744,43832,138,-56,0,797,18825,0,-40,24,49486,866,-52,
04:bf:6d:5e:11:8f,00:f4:8d:1b:b8:2f,04:bf:6d:5e:11:8d,1,0,1551946411266,1551650761289,0,1551946389480,0,Z_347_283_0,*,1,0,20,2,2,11AC_VHT20,, , , , , , , , ,0,114,0,0,-10,48,8,173,-17,
04:bf:6d:5e:11:8f,c0:a6:00:02:f4:31,04:bf:6d:5e:11:8d,1,0,1551946411266,1551930931298,1551930789158,1551946389480,524288,Z_347_283_0,Pourias-iPhone,1,0,80,2,2,11AC_VHT80,0,25,1486,368,-45,88,5416,1,-57,0,792,116261,24,-39,136,272163,866,-55,
b8:ec:a3:2f:bd:6f,dc:0b:34:c8:d7:54,b8:ec:a3:2f:bd:6d,1,0,1551946411270,1551903931269,1551903785647,1551946396440,524288,Z_347_283_0,android-2c683a5f774ea93f,1,0,80,1,2,11AC_VHT80,1,12,10692,0,-24,0,150870,69,-37,0,374,11296,176,-28,72,31604,433,-56,
b8:ec:a3:2f:bd:6f,44:1c:a8:6d:5e:3a,b8:ec:a3:2f:bd:6c,0,0,1551946411270,1537301911598,1551946396440,0,0,Z_347_283_0,BRW441CA86D5E3A,1,0,20,1,1,11NG_HT20,0,13,104,96,-30,24,13,71,-41,, , , , , , , , ,
04:bf:6d:5e:11:93,dc:a9:04:7d:27:a9,04:bf:6d:5e:11:91,1,0,1551946411277,1551823651272,1540872086254,1551946403780,0,Z_347_283_0,MBP-de-Axel,1,0,80,3,2,11AC_VHT80,0,105,106410,110240,-29,1821408,2826709,210,-31,0,1241,295773,160832,-31,27576,564607,1300,-43,
04:bf:6d:5e:11:93,f0:98:9d:a3:89:f1,04:bf:6d:5e:11:91,1,0,1551946411277,1551893371297,1551494628798,1551946403780,524288,Z_347_283_0,iPhone-de-Axel,1,0,80,2,2,11AC_VHT80,1,15,25228,15904,-41,19464,241253,18,-51,0,374,154654,3704,-29,328,374311,433,-67,
04:bf:6d:5e:11:93,98:28:a6:ba:e8:c1,04:bf:6d:5e:11:91,1,0,1551946411277,1551600961295,0,1551946403780,0,Z_347_283_0,amazon-7adf2db69,1,0,80,2,2,11AC_VHT80,, , , , , , , , ,0,807,5262,0,-10,48,1081,866,-15,
b8:ec:a3:2f:bd:7f,d0:57:7b:fe:eb:6a,b8:ec:a3:2f:bd:7d,1,0,1551946411283,1551825481281,1540764726851,1551946404689,524288,Z_347_283_0,DESKTOP-BGF7K2T,1,0,80,2,2,11AC_VHT80,0,85,32423,24128,-24,3897592,3095681,142,-32,0,807,13785,12784,-27,1832,6280,866,-44,
b8:ec:a3:2f:bd:7f,bc:e1:43:0a:09:04,b8:ec:a3:2f:bd:7d,1,0,1551946411283,1551937771307,1551896118856,1551946404689,524288,Z_347_283_0,Alexiss-iPhone,1,0,80,2,2,11AC_VHT80,0,16,4188,0,-30,0,35121,50,-72,0,582,58417,368,-29,144,178027,780,-48,
b8:ec:a3:2f:bd:7f,98:e7:f4:3e:15:ce,b8:ec:a3:2f:bd:7c,0,0,1551946411283,1537302841628,1551946404689,0,0,Z_347_283_0,HP3E15CE,1,0,20,1,1,11NG_HT20,0,19,94,120,-35,32,8,71,-49,, , , , , , , , ,
b8:ec:a3:2f:bd:df,60:30:d4:3d:2a:73,b8:ec:a3:2f:bd:dd,1,0,1551946411293,1551926011325,1551925871524,1551946403737,524288,Z_347_283_3,Stevens-iPhone,1,0,80,2,2,11AC_VHT80,0,47,6975,256,-39,80,68483,57,-55,0,374,33995,24,-28,136,37487,433,-64,
b8:ec:a3:2f:bd:df,c4:b3:01:b8:5a:87,b8:ec:a3:2f:bd:dd,1,0,1551946411293,1551923851311,1548193653846,1551946403737,0,Z_347_283_3,Yassines-MBP,1,0,80,3,2,11AC_VHT80,0,88,28441,129680,-34,1721200,753941,53,-45,0,939,50143,0,-31,32,77254,975,-55,
b8:ec:a3:2f:bd:df,98:29:a6:da:5b:42,b8:ec:a3:2f:bd:dd,1,0,1551946411293,1551864961298,0,1551946403737,0,Z_347_283_3,amazon-0eeca8d9d,1,0,80,2,2,11AC_VHT80,, , , , , , , , ,0,777,19918,7464,-47,2296,94609,866,-56,
b8:ec:a3:2f:bd:df,f0:81:73:ad:45:fc,b8:ec:a3:2f:bd:dd,1,0,1551946411293,1551864961298,0,1551946403737,0,Z_347_283_3,amazon-3b64fa5b1,1,0,80,1,2,11AC_VHT80,, , , , , , , , ,0,374,3194,2072,-42,144,363,433,-54,
b8:ec:a3:2f:bd:df,f8:2d:7c:89:d5:3f,b8:ec:a3:2f:bd:dd,1,0,1551946411293,1551926731324,1551926591288,1551946403737,524288,Z_347_283_3,iPhone,1,0,80,2,2,11AC_VHT80,0,78,294599,40464,-52,454736,13699054,121,-55,0,599,31884,24,-55,120,61921,650,-63,
b8:ec:a3:2f:bd:17,2c:59:8a:6b:53:c5,b8:ec:a3:2f:bd:15,1,0,1551946441201,1551925771213,1551467379289,1551946412422,524288,Z_347_283_0,android-497d161d18f7a9a0,1,0,80,1,2,11AC_VHT80,1,13,21096,21584,-32,150728,386097,72,-49,0,374,53296,3344,-35,760,358615,433,-58,
b8:ec:a3:2f:bd:47,a4:50:46:1f:87:eb,b8:ec:a3:2f:bd:45,1,0,1551946441206,1551909121204,1551908975514,1551946416053,0,Z_347_283_0,*,1,0,40,1,2,11NA_HT40,0,70,660,0,-24,0,369,14,-73,0,141,461,0,-30,24,57,150,-51,
b8:ec:a3:2f:bd:47,d4:a3:3d:a6:43:3c,b8:ec:a3:2f:bd:45,1,0,1551946441206,1551909241203,1551909095641,1551946416053,524288,Z_347_283_0,iPhone-3,1,0,80,2,2,11AC_VHT80,0,133,386,2768,-39,2096,95,5,-48,0,775,2663,192,-31,120,3056,780,-60,
b8:ec:a3:2f:bd:47,8c:85:90:b5:7c:bd,b8:ec:a3:2f:bd:45,1,0,1551946441206,1551913561203,0,1551946416053,0,Z_347_283_0,Veronicas-MBP,1,0,80,2,2,11AC_VHT80,, , , , , , , , ,0,450,7862,0,-32,24,24224,433,-37,
b8:ec:a3:2f:bd:fb,08:78:08:13:f5:94,b8:ec:a3:2f:bd:f9,1,0,1551946441213,1551211921248,1547215413023,1551946412284,524288,Z_347_283_3,Galaxy-Tab-S3,1,0,80,2,2,11AC_VHT80,2,1,354,0,-78,0,461,5,-85,0,751,83995,0,-25,24,702043,866,-52,
b8:ec:a3:2f:bd:fb,f4:a9:97:86:e6:f4,b8:ec:a3:2f:bd:f8,0,0,1551946441213,1537560691614,1551946412284,0,0,Z_347_283_3,*,1,0,20,1,1,11NG_HT20,0,29,8,32,-19,8,34,69,-29,, , , , , , , , ,
b8:ec:a3:2f:bd:fb,64:1c:b0:c7:c5:d4,b8:ec:a3:2f:bd:f8,0,0,1551946441213,1537723771604,1551946412284,0,0,Z_347_283_3,localhost,1,0,20,2,1,11NG_HT20,0,85,3511,1904,-34,152,5732,144,-42,, , , , , , , , ,
b8:ec:a3:2f:bd:fb,48:d6:d5:73:81:5f,b8:ec:a3:2f:bd:f9,1,0,1551946441213,1549614331223,1549614184859,1551946412284,0,Z_347_283_3,Google-Home,1,0,80,1,2,11AC_VHT80,0,52,6856,0,-35,0,3895,56,-36,0,365,4787,4144,-34,416,587,433,-47,
04:bf:6d:5e:26:67,4c:b1:99:15:eb:3a,04:bf:6d:5e:26:65,1,0,1551946441220,1550642851233,1543012305534,1551946415155,0,Z_347_283_3,Joes-iPad,1,0,20,1,2,11NA_HT20,0,29,2378,0,-29,0,93713,49,-40,0,31,62,0,-31,48,26,58,-35,
04:bf:6d:5e:26:67,fc:c2:de:94:56:d9,04:bf:6d:5e:26:65,1,0,1551946441220,1551929041217,1551928894829,1551946415155,0,Z_347_283_3,android-df36a891a9152f7f,1,0,80,2,2,11AC_VHT80,0,60,3623,296,-20,24,32630,105,-36,0,807,12610,520,-26,72,39245,866,-51,
b8:ec:a3:2f:bd:37,88:66:a5:ba:5b:1b,b8:ec:a3:2f:bd:35,1,0,1551946441225,1551909211251,1551884595642,1551946415949,524288,Z_347_283_3,IphonedeMarilou,1,0,80,2,2,11AC_VHT80,0,1,3219,0,-28,0,36649,57,-72,0,374,6847,7440,-29,104,9496,433,-56,
b8:ec:a3:2f:bd:37,60:01:94:83:d7:6e,b8:ec:a3:2f:bd:34,0,0,1551946441225,1538083782357,1551946415949,0,0,Z_347_283_3,ESP_83D76E,1,1551651167843,20,1,1,11NG_HT20,0,11,638,784,-15,24,3,44,-57,, , , , , , , , ,
b8:ec:a3:2f:bd:37,2c:3a:e8:3b:5b:7e,b8:ec:a3:2f:bd:34,0,0,1551946441225,1538084262359,1551946415949,0,0,Z_347_283_3,ESP_3B5B7E,1,0,20,1,1,11NG_HT20,0,12,637,752,-29,8,8,57,-38,, , , , , , , , ,
b8:ec:a3:2f:bd:37,2c:3a:e8:3b:61:14,b8:ec:a3:2f:bd:34,0,0,1551946441225,1538086422365,1551946415949,0,0,Z_347_283_3,ESP_3B6114,1,0,20,1,1,11NG_HT20,0,11,618,712,-35,8,8,70,-44,, , , , , , , , ,
b8:ec:a3:2f:bd:37,34:ea:34:e5:51:8a,b8:ec:a3:2f:bd:34,0,0,1551946441225,1538442822368,1551946415949,0,0,Z_347_283_3,BroadLink_OEM-T1-e5-51-8a,1,1549193837769,20,1,1,11G,0,1,73,80,-36,80,80,45,-45,, , , , , , , , ,
b8:ec:a3:2f:bd:37,34:ce:00:8e:a1:85,b8:ec:a3:2f:bd:34,0,0,1551946441225,1538792840930,1551946415949,0,0,Z_347_283_3,yeelink-light-color1_miio57709880,1,1540940423021,20,1,1,11NG_HT20,0,6,133,160,-27,48,30,63,-34,, , , , , , , , ,
b8:ec:a3:2f:bd:37,b0:2a:43:3c:61:3d,b8:ec:a3:2f:bd:35,1,0,1551946441225,1549766761221,1549766614642,1551946415949,0,Z_347_283_3,Google-Home-Mini,1,0,80,1,2,11AC_VHT80,0,35,194942,1792,-46,640,6952038,60,-46,0,293,11737,15560,-42,1616,1184,245,-52,
b8:ec:a3:2f:bd:37,2c:3a:e8:2e:c2:50,b8:ec:a3:2f:bd:34,0,0,1551946441225,1547221891221,1551946415949,0,0,Z_347_283_3,ESP_2EC250,1,1551796457782,20,1,1,11NG_HT20,0,1,17,32,-13,8,7,1,-62,, , , , , , , , ,
b8:ec:a3:2f:bd:37,30:fd:38:6d:89:c9,b8:ec:a3:2f:bd:35,1,0,1551946441225,1551478171248,1549099045104,1551946415949,0,Z_347_283_3,*,1,0,80,1,2,11AC_VHT80,0,31,1570,1224,-37,632,1502,71,-41,0,310,16614,14872,-45,1360,1458,143,-55,
04:bf:6d:5e:12:a3,50:01:d9:f6:df:5b,04:bf:6d:5e:12:a0,0,0,1551946441233,1537494241599,1551946417046,0,0,Z_347_283_3,Honor_6X,1,0,20,1,1,11NG_HT20,0,5,1605,176,-23,152,11151,5,-44,, , , , , , , , ,
04:bf:6d:5e:12:a3,90:97:f3:75:1c:fe,04:bf:6d:5e:12:a0,0,0,1551946441233,1537670041669,1551946417046,0,0,Z_347_283_3,android-7286649488bc97e5,1,0,20,1,1,11NG_HT20,0,11,302,56,-26,8,1228,66,-43,, , , , , , , , ,
04:bf:6d:5e:12:83,68:64:4b:40:8a:f4,04:bf:6d:5e:12:81,1,0,1551946441238,1549577971263,1537753175688,1551946418376,0,Z_347_283_3,Simons-TV,1,0,40,1,2,11NA_HT40,0,24,13996,142632,-44,4421512,359102,25,-48,0,91,45223,368,-43,144,113472,150,-52,
04:bf:6d:5e:12:83,50:1e:2d:05:37:6e,04:bf:6d:5e:12:80,1,0,1551946441238,1549577971263,1551946418376,-1,524288,Z_347_283_3,Beoplay-M3-28711707,1,0,20,2,1,11NG_HT20,0,81,8350,3832,-31,632,48603,124,-33,0,714,33456,32432,-54,616,552,526,-55,
b8:ec:a3:2f:bd:2f,3c:6a:a7:c0:91:c6,b8:ec:a3:2f:bd:2d,1,0,1551946441244,1551717841235,1547007933306,1551946434590,524288,Z_347_283_3,LAPTOP-2SVH1NQ1,1,0,80,2,2,11AC_VHT80,0,84,528622,2584,-28,2856,1167137,37,-47,0,739,14456,4848,-29,696,19999,823,-54,
b8:ec:a3:2f:bd:2f,f0:0f:ec:f8:01:ac,b8:ec:a3:2f:bd:2d,1,0,1551946441244,1551935041240,1551912232216,1551946434590,524288,Z_347_283_3,HUAWEI_P20_Pro-9790c2be68,1,0,80,2,2,11AC_VHT80,0,65,3662,552,-33,24,69057,14,-52,0,725,98772,7432,-27,2904,201993,866,-59,
b8:ec:a3:2f:bd:2f,40:bc:60:b8:47:9a,b8:ec:a3:2f:bd:2d,1,0,1551946441244,1551920161235,1551733557721,1551946434590,524288,Z_347_283_3,iPaddelPhilippe,1,0,80,2,2,11AC_VHT80,0,118,445,0,-54,0,285,1,-49,0,798,80196,24,-49,128,736255,866,-68,
b8:ec:a3:2f:bd:33,48:4b:aa:af:cb:19,b8:ec:a3:2f:bd:31,1,0,1551946441250,1551940441255,1551940320092,1551946439565,524288,Z_347_283_3,iPhonedeMarcos,1,0,80,2,2,11AC_VHT80,0,53,48305,208,-25,80,155403,109,-45,0,671,38469,576,-32,128,92076,650,-64,
b8:ec:a3:2f:bd:6b,f0:79:60:68:b4:f7,b8:ec:a3:2f:bd:69,1,0,1551946441258,1551937801256,1551825326504,1551946414344,524288,Z_347_283_0,iPhone,1,0,80,1,2,11AC_VHT80,1,2,5260,144800,-37,1636616,51549,60,-49,0,374,62801,7312,-33,664,123521,433,-64,
b8:ec:a3:2f:bd:77,dc:ef:ca:7c:34:64,b8:ec:a3:2f:bd:75,1,0,1551946441262,1551909361268,1551909213606,1551946416023,524288,Z_347_283_0,Galaxy-S8,1,0,80,2,2,11AC_VHT80,0,42,5752,14808,-33,22992,144582,134,-53,0,737,25619,344,-42,48,113321,866,-56,
b8:ec:a3:2f:bd:77,b4:cd:27:14:1a:79,b8:ec:a3:2f:bd:75,1,0,1551946441262,1551917881259,1551830852625,1551946416023,524288,Z_347_283_0,HUAWEI_P20_Pro-7a8efa9664,1,0,80,2,2,11AC_VHT80,0,23,3329,264,-35,40,53369,143,-58,0,790,18400,168,-29,24,187926,866,-55,
b8:ec:a3:2f:bd:77,a0:8c:fd:70:33:b2,b8:ec:a3:2f:bd:74,0,0,1551946441262,1544239405949,1551946416023,0,0,Z_347_283_0,HP7033B2,1,0,20,1,1,11NG_HT20,0,20,54,72,-21,24,8,72,-31,, , , , , , , , ,
b8:ec:a3:2f:bd:1b,00:ae:fa:88:e6:e7,b8:ec:a3:2f:bd:19,1,0,1551946441270,1551926041263,1551735096315,1551946423061,524288,Z_347_283_0,Galaxy-S6,1,0,80,2,2,11AC_VHT80,0,48,19549,560,-46,296,30760,63,-48,0,591,22142,0,-31,24,37666,650,-54,
b8:ec:a3:2f:bd:1f,d8:c4:6a:23:6a:7a,b8:ec:a3:2f:bd:1d,1,0,1551946441274,1551927721275,1550938276142,1551946427728,524288,Z_347_283_0,Samsung-Galaxy-S7-edge,1,0,80,2,2,11AC_VHT80,0,49,6765,0,-31,0,96484,11,-78,0,175,30944,52896,-35,25072,219938,173,-48,
b8:ec:a3:2f:bd:1f,b8:27:eb:09:e1:38,b8:ec:a3:2f:bd:1d,1,0,1551946441274,1551794761264,1550148684508,1551946427728,524288,Z_347_283_0,raspberrypi,1,0,40,1,2,11NA_HT40,0,71,640,640,-34,160,160,71,-34,0,136,6632,6656,-47,80,36,150,-54,
b8:ec:a3:2f:bd:67,48:13:7e:8f:ed:6e,b8:ec:a3:2f:bd:64,0,0,1551946441279,1546643971291,1551946440618,0,524288,Z_347_283_0,android-46ec1b0c163948f4,1,0,20,1,1,11NG_HT20,0,13,2868,760,-28,6320,24667,72,-50,, , , , , , , , ,
04:bf:6d:5e:12:67,58:82:a8:64:a7:f1,04:bf:6d:5e:12:65,1,0,1551946441287,1551909841287,1551863858913,1551946420987,0,Z_347_283_3,XboxOne,1,0,40,2,2,11NA_HT40,0,61,8794,0,-30,0,112473,105,-42,0,240,4765734,0,-38,64,11126160,300,-50,
04:bf:6d:5e:12:67,30:6a:85:53:46:72,04:bf:6d:5e:12:64,0,0,1551946441287,1537305961605,1551946420987,0,524288,Z_347_283_3,Galaxy-J3-Prime,1,0,20,1,1,11NG_HT20,0,13,388,24,-28,8,12517,69,-42,, , , , , , , , ,
04:bf:6d:5e:12:67,00:9d:6b:46:11:5f,04:bf:6d:5e:12:65,1,0,1551946441287,1551933601283,1551446605818,1551946420987,524288,Z_347_283_3,Galaxy-S8,1,0,80,2,2,11AC_VHT80,0,84,3689,192,-34,24,29327,136,-51,0,723,16889,5704,-45,1352,36605,715,-55,
b8:ec:a3:2f:bd:57,64:a2:f9:3b:5f:dd,b8:ec:a3:2f:bd:55,1,0,1551946441296,1551925441272,1549932924293,1551946416687,524288,Z_347_283_0,OnePlus_6,1,0,80,2,2,11AC_VHT80,0,36,11474,0,-27,16,34969,1,-78,0,633,50520,0,-27,24,90242,650,-55,
b8:ec:a3:2f:bd:57,6c:c7:ec:12:8a:f4,b8:ec:a3:2f:bd:55,1,0,1551946441296,1551403051277,1549846991421,1551946416687,524288,Z_347_283_0,Galaxy-Note9,1,0,80,2,2,11AC_VHT80,0,81,7538,0,-53,0,69628,2,-76,0,705,9039,2288,-39,616,4487,823,-62,
b8:ec:a3:2f:bd:57,9c:f4:8e:9e:12:12,b8:ec:a3:2f:bd:55,1,0,1551946441296,1551925441272,1551673399189,1551946416687,524288,Z_347_283_0,Sahils-iPhone,1,0,80,2,2,11AC_VHT80,0,66,8062,9760,-50,64304,10507,143,-50,0,629,43931,210808,-38,139704,53960,497,-59,
