dateTime,countryCode,enabled,id,name,ssidList2pt4GHz,ssidList5GHz
2019-03-25 00:45:01,CA,True,a21b3fed-aef4-4725-a6a3-8261d08fb884,Profile Generique Global,[''],['']
2019-03-25 00:45:01,CA,True,1487f815-4346-47b5-887e-23e858ea854b,Profile Global par defaut,[''],['']
2019-03-25 00:45:01,CA,True,f1b9598c-0a45-4030-b008-133696d7c2b2,Profile Generique Global 2,[''],['']
2019-03-25 01:45:01,CA,True,a21b3fed-aef4-4725-a6a3-8261d08fb884,Profile Generique Global,[''],['']
2019-03-25 01:45:01,CA,True,1487f815-4346-47b5-887e-23e858ea854b,Profile Global par defaut,[''],['']
2019-03-25 01:45:01,CA,True,f1b9598c-0a45-4030-b008-133696d7c2b2,Profile Generique Global 2,[''],['']
2019-03-25 02:45:01,CA,True,a21b3fed-aef4-4725-a6a3-8261d08fb884,Profile Generique Global,[''],['']
2019-03-25 02:45:01,CA,True,1487f815-4346-47b5-887e-23e858ea854b,Profile Global par defaut,[''],['']
2019-03-25 02:45:01,CA,True,f1b9598c-0a45-4030-b008-133696d7c2b2,Profile Generique Global 2,[''],['']
2019-03-25 03:45:02,CA,True,a21b3fed-aef4-4725-a6a3-8261d08fb884,Profile Generique Global,[''],['']
2019-03-25 03:45:02,CA,True,1487f815-4346-47b5-887e-23e858ea854b,Profile Global par defaut,[''],['']
2019-03-25 03:45:02,CA,True,f1b9598c-0a45-4030-b008-133696d7c2b2,Profile Generique Global 2,[''],['']
2019-03-25 04:45:01,CA,True,a21b3fed-aef4-4725-a6a3-8261d08fb884,Profile Generique Global,[''],['']
2019-03-25 04:45:01,CA,True,1487f815-4346-47b5-887e-23e858ea854b,Profile Global par defaut,[''],['']
2019-03-25 04:45:01,CA,True,f1b9598c-0a45-4030-b008-133696d7c2b2,Profile Generique Global 2,[''],['']
2019-03-25 05:45:01,CA,True,a21b3fed-aef4-4725-a6a3-8261d08fb884,Profile Generique Global,[''],['']
2019-03-25 05:45:01,CA,True,1487f815-4346-47b5-887e-23e858ea854b,Profile Global par defaut,[''],['']
2019-03-25 05:45:01,CA,True,f1b9598c-0a45-4030-b008-133696d7c2b2,Profile Generique Global 2,[''],['']
2019-03-25 06:45:01,CA,True,a21b3fed-aef4-4725-a6a3-8261d08fb884,Profile Generique Global,[''],['']
2019-03-25 06:45:01,CA,True,1487f815-4346-47b5-887e-23e858ea854b,Profile Global par defaut,[''],['']
2019-03-25 06:45:01,CA,True,f1b9598c-0a45-4030-b008-133696d7c2b2,Profile Generique Global 2,[''],['']
2019-03-25 07:45:02,CA,True,a21b3fed-aef4-4725-a6a3-8261d08fb884,Profile Generique Global,[''],['']
2019-03-25 07:45:02,CA,True,1487f815-4346-47b5-887e-23e858ea854b,Profile Global par defaut,[''],['']
2019-03-25 07:45:02,CA,True,f1b9598c-0a45-4030-b008-133696d7c2b2,Profile Generique Global 2,[''],['']
2019-03-25 08:45:01,CA,True,a21b3fed-aef4-4725-a6a3-8261d08fb884,Profile Generique Global,[''],['']
2019-03-25 08:45:01,CA,True,1487f815-4346-47b5-887e-23e858ea854b,Profile Global par defaut,[''],['']
2019-03-25 08:45:01,CA,True,f1b9598c-0a45-4030-b008-133696d7c2b2,Profile Generique Global 2,[''],['']
2019-03-25 09:45:02,CA,True,a21b3fed-aef4-4725-a6a3-8261d08fb884,Profile Generique Global,[''],['']
2019-03-25 09:45:02,CA,True,1487f815-4346-47b5-887e-23e858ea854b,Profile Global par defaut,[''],['']
2019-03-25 09:45:02,CA,True,f1b9598c-0a45-4030-b008-133696d7c2b2,Profile Generique Global 2,[''],['']
2019-03-25 10:45:01,CA,True,a21b3fed-aef4-4725-a6a3-8261d08fb884,Profile Generique Global,[''],['']
2019-03-25 10:45:01,CA,True,1487f815-4346-47b5-887e-23e858ea854b,Profile Global par defaut,[''],['']
2019-03-25 10:45:01,CA,True,f1b9598c-0a45-4030-b008-133696d7c2b2,Profile Generique Global 2,[''],['']
2019-03-25 11:45:02,CA,True,a21b3fed-aef4-4725-a6a3-8261d08fb884,Profile Generique Global,[''],['']
2019-03-25 11:45:02,CA,True,1487f815-4346-47b5-887e-23e858ea854b,Profile Global par defaut,[''],['']
2019-03-25 11:45:02,CA,True,f1b9598c-0a45-4030-b008-133696d7c2b2,Profile Generique Global 2,[''],['']
2019-03-25 12:45:01,CA,True,a21b3fed-aef4-4725-a6a3-8261d08fb884,Profile Generique Global,[''],['']
2019-03-25 12:45:01,CA,True,1487f815-4346-47b5-887e-23e858ea854b,Profile Global par defaut,[''],['']
2019-03-25 12:45:01,CA,True,f1b9598c-0a45-4030-b008-133696d7c2b2,Profile Generique Global 2,[''],['']
2019-03-25 13:45:02,CA,True,a21b3fed-aef4-4725-a6a3-8261d08fb884,Profile Generique Global,[''],['']
2019-03-25 13:45:02,CA,True,1487f815-4346-47b5-887e-23e858ea854b,Profile Global par defaut,[''],['']
2019-03-25 13:45:02,CA,True,f1b9598c-0a45-4030-b008-133696d7c2b2,Profile Generique Global 2,[''],['']
2019-03-25 14:45:01,CA,True,a21b3fed-aef4-4725-a6a3-8261d08fb884,Profile Generique Global,[''],['']
2019-03-25 14:45:01,CA,True,1487f815-4346-47b5-887e-23e858ea854b,Profile Global par defaut,[''],['']
2019-03-25 14:45:01,CA,True,f1b9598c-0a45-4030-b008-133696d7c2b2,Profile Generique Global 2,[''],['']
2019-03-25 15:45:01,CA,True,a21b3fed-aef4-4725-a6a3-8261d08fb884,Profile Generique Global,[''],['']
2019-03-25 15:45:01,CA,True,1487f815-4346-47b5-887e-23e858ea854b,Profile Global par defaut,[''],['']
2019-03-25 15:45:01,CA,True,f1b9598c-0a45-4030-b008-133696d7c2b2,Profile Generique Global 2,[''],['']
2019-03-25 16:45:01,CA,True,a21b3fed-aef4-4725-a6a3-8261d08fb884,Profile Generique Global,[''],['']
2019-03-25 16:45:01,CA,True,1487f815-4346-47b5-887e-23e858ea854b,Profile Global par defaut,[''],['']
2019-03-25 16:45:01,CA,True,f1b9598c-0a45-4030-b008-133696d7c2b2,Profile Generique Global 2,[''],['']
2019-03-25 17:45:01,CA,True,a21b3fed-aef4-4725-a6a3-8261d08fb884,Profile Generique Global,[''],['']
2019-03-25 17:45:01,CA,True,1487f815-4346-47b5-887e-23e858ea854b,Profile Global par defaut,[''],['']
2019-03-25 17:45:01,CA,True,f1b9598c-0a45-4030-b008-133696d7c2b2,Profile Generique Global 2,[''],['']
2019-03-25 18:45:01,CA,True,a21b3fed-aef4-4725-a6a3-8261d08fb884,Profile Generique Global,[''],['']
2019-03-25 18:45:01,CA,True,1487f815-4346-47b5-887e-23e858ea854b,Profile Global par defaut,[''],['']
2019-03-25 18:45:01,CA,True,f1b9598c-0a45-4030-b008-133696d7c2b2,Profile Generique Global 2,[''],['']
2019-03-25 19:45:02,CA,True,a21b3fed-aef4-4725-a6a3-8261d08fb884,Profile Generique Global,[''],['']
2019-03-25 19:45:02,CA,True,1487f815-4346-47b5-887e-23e858ea854b,Profile Global par defaut,[''],['']
2019-03-25 19:45:02,CA,True,f1b9598c-0a45-4030-b008-133696d7c2b2,Profile Generique Global 2,[''],['']
2019-03-25 20:45:01,CA,True,a21b3fed-aef4-4725-a6a3-8261d08fb884,Profile Generique Global,[''],['']
2019-03-25 20:45:01,CA,True,1487f815-4346-47b5-887e-23e858ea854b,Profile Global par defaut,[''],['']
2019-03-25 20:45:01,CA,True,f1b9598c-0a45-4030-b008-133696d7c2b2,Profile Generique Global 2,[''],['']
2019-03-25 21:45:01,CA,True,a21b3fed-aef4-4725-a6a3-8261d08fb884,Profile Generique Global,[''],['']
2019-03-25 21:45:01,CA,True,1487f815-4346-47b5-887e-23e858ea854b,Profile Global par defaut,[''],['']
2019-03-25 21:45:01,CA,True,f1b9598c-0a45-4030-b008-133696d7c2b2,Profile Generique Global 2,[''],['']
2019-03-25 22:45:01,CA,True,a21b3fed-aef4-4725-a6a3-8261d08fb884,Profile Generique Global,[''],['']
2019-03-25 22:45:01,CA,True,1487f815-4346-47b5-887e-23e858ea854b,Profile Global par defaut,[''],['']
2019-03-25 22:45:01,CA,True,f1b9598c-0a45-4030-b008-133696d7c2b2,Profile Generique Global 2,[''],['']
2019-03-25 23:45:02,CA,True,a21b3fed-aef4-4725-a6a3-8261d08fb884,Profile Generique Global,[''],['']
2019-03-25 23:45:02,CA,True,1487f815-4346-47b5-887e-23e858ea854b,Profile Global par defaut,[''],['']
2019-03-25 23:45:02,CA,True,f1b9598c-0a45-4030-b008-133696d7c2b2,Profile Generique Global 2,[''],['']
