dateTime,groupCharacteristics,id,name,priority,profileId
2019-03-25 00:45:01,"{'boundingBox': {'bottomRightLongitude': -72.6538086310029, 'bottomFloor': 0, 'bottomRightLatitude': 45.235357901643305, 'topLeftLatitude': 46.04188830503832, 'topLeftLongitude': -74.4720459356904, 'topFloor': 0}, 'boundingBoxEnabled': False, 'macAddressList': ['04:bf:6d:5e:12:ab'], 'manufacturer': 'ZyXEL_EMG2926', 'deplTypeEnabled': False, 'addrEnabled': False, 'deploymentType': 'Indoor', 'manufacturerEnabled': True}",0c7a5d15-6ebf-480e-b6ef-7fe71e9d52db,Global Zyxel Network,1,a21b3fed-aef4-4725-a6a3-8261d08fb884
2019-03-25 00:45:01,"{'boundingBox': {}, 'manufacturer': 'ZyXEL_EMG2926', 'manufacturerEnabled': True}",002c2c68-c0e9-4ce0-9545-24063cbeb6df,Global Zyxel Network 2,2,f1b9598c-0a45-4030-b008-133696d7c2b2
2019-03-25 01:45:01,"{'manufacturer': 'ZyXEL_EMG2926', 'addrEnabled': False, 'boundingBoxEnabled': False, 'manufacturerEnabled': True, 'deplTypeEnabled': False, 'macAddressList': ['04:bf:6d:5e:12:ab'], 'boundingBox': {'topFloor': 0, 'topLeftLongitude': -74.4720459356904, 'bottomRightLatitude': 45.235357901643305, 'topLeftLatitude': 46.04188830503832, 'bottomFloor': 0, 'bottomRightLongitude': -72.6538086310029}, 'deploymentType': 'Indoor'}",0c7a5d15-6ebf-480e-b6ef-7fe71e9d52db,Global Zyxel Network,1,a21b3fed-aef4-4725-a6a3-8261d08fb884
2019-03-25 01:45:01,"{'manufacturer': 'ZyXEL_EMG2926', 'manufacturerEnabled': True, 'boundingBox': {}}",002c2c68-c0e9-4ce0-9545-24063cbeb6df,Global Zyxel Network 2,2,f1b9598c-0a45-4030-b008-133696d7c2b2
2019-03-25 02:45:01,"{'manufacturer': 'ZyXEL_EMG2926', 'addrEnabled': False, 'boundingBox': {'bottomRightLatitude': 45.235357901643305, 'bottomRightLongitude': -72.6538086310029, 'topFloor': 0, 'topLeftLatitude': 46.04188830503832, 'bottomFloor': 0, 'topLeftLongitude': -74.4720459356904}, 'deploymentType': 'Indoor', 'deplTypeEnabled': False, 'boundingBoxEnabled': False, 'manufacturerEnabled': True, 'macAddressList': ['04:bf:6d:5e:12:ab']}",0c7a5d15-6ebf-480e-b6ef-7fe71e9d52db,Global Zyxel Network,1,a21b3fed-aef4-4725-a6a3-8261d08fb884
2019-03-25 02:45:01,"{'manufacturer': 'ZyXEL_EMG2926', 'manufacturerEnabled': True, 'boundingBox': {}}",002c2c68-c0e9-4ce0-9545-24063cbeb6df,Global Zyxel Network 2,2,f1b9598c-0a45-4030-b008-133696d7c2b2
2019-03-25 03:45:02,"{'deploymentType': 'Indoor', 'manufacturerEnabled': True, 'boundingBox': {'topLeftLongitude': -74.4720459356904, 'topFloor': 0, 'bottomFloor': 0, 'bottomRightLatitude': 45.235357901643305, 'bottomRightLongitude': -72.6538086310029, 'topLeftLatitude': 46.04188830503832}, 'addrEnabled': False, 'boundingBoxEnabled': False, 'macAddressList': ['04:bf:6d:5e:12:ab'], 'manufacturer': 'ZyXEL_EMG2926', 'deplTypeEnabled': False}",0c7a5d15-6ebf-480e-b6ef-7fe71e9d52db,Global Zyxel Network,1,a21b3fed-aef4-4725-a6a3-8261d08fb884
2019-03-25 03:45:02,"{'manufacturerEnabled': True, 'boundingBox': {}, 'manufacturer': 'ZyXEL_EMG2926'}",002c2c68-c0e9-4ce0-9545-24063cbeb6df,Global Zyxel Network 2,2,f1b9598c-0a45-4030-b008-133696d7c2b2
2019-03-25 04:45:01,"{'deplTypeEnabled': False, 'deploymentType': 'Indoor', 'manufacturer': 'ZyXEL_EMG2926', 'manufacturerEnabled': True, 'addrEnabled': False, 'boundingBoxEnabled': False, 'macAddressList': ['04:bf:6d:5e:12:ab'], 'boundingBox': {'topFloor': 0, 'bottomFloor': 0, 'topLeftLongitude': -74.4720459356904, 'bottomRightLatitude': 45.235357901643305, 'bottomRightLongitude': -72.6538086310029, 'topLeftLatitude': 46.04188830503832}}",0c7a5d15-6ebf-480e-b6ef-7fe71e9d52db,Global Zyxel Network,1,a21b3fed-aef4-4725-a6a3-8261d08fb884
2019-03-25 04:45:01,"{'manufacturerEnabled': True, 'manufacturer': 'ZyXEL_EMG2926', 'boundingBox': {}}",002c2c68-c0e9-4ce0-9545-24063cbeb6df,Global Zyxel Network 2,2,f1b9598c-0a45-4030-b008-133696d7c2b2
2019-03-25 05:45:01,"{'deplTypeEnabled': False, 'manufacturer': 'ZyXEL_EMG2926', 'manufacturerEnabled': True, 'boundingBox': {'bottomRightLongitude': -72.6538086310029, 'topLeftLatitude': 46.04188830503832, 'bottomFloor': 0, 'topLeftLongitude': -74.4720459356904, 'bottomRightLatitude': 45.235357901643305, 'topFloor': 0}, 'addrEnabled': False, 'deploymentType': 'Indoor', 'boundingBoxEnabled': False, 'macAddressList': ['04:bf:6d:5e:12:ab']}",0c7a5d15-6ebf-480e-b6ef-7fe71e9d52db,Global Zyxel Network,1,a21b3fed-aef4-4725-a6a3-8261d08fb884
2019-03-25 05:45:01,"{'manufacturer': 'ZyXEL_EMG2926', 'manufacturerEnabled': True, 'boundingBox': {}}",002c2c68-c0e9-4ce0-9545-24063cbeb6df,Global Zyxel Network 2,2,f1b9598c-0a45-4030-b008-133696d7c2b2
2019-03-25 06:45:01,"{'deplTypeEnabled': False, 'boundingBoxEnabled': False, 'manufacturer': 'ZyXEL_EMG2926', 'boundingBox': {'bottomRightLongitude': -72.6538086310029, 'topLeftLatitude': 46.04188830503832, 'bottomRightLatitude': 45.235357901643305, 'bottomFloor': 0, 'topFloor': 0, 'topLeftLongitude': -74.4720459356904}, 'macAddressList': ['04:bf:6d:5e:12:ab'], 'addrEnabled': False, 'deploymentType': 'Indoor', 'manufacturerEnabled': True}",0c7a5d15-6ebf-480e-b6ef-7fe71e9d52db,Global Zyxel Network,1,a21b3fed-aef4-4725-a6a3-8261d08fb884
2019-03-25 06:45:01,"{'manufacturer': 'ZyXEL_EMG2926', 'boundingBox': {}, 'manufacturerEnabled': True}",002c2c68-c0e9-4ce0-9545-24063cbeb6df,Global Zyxel Network 2,2,f1b9598c-0a45-4030-b008-133696d7c2b2
2019-03-25 07:45:02,"{'boundingBox': {'topFloor': 0, 'bottomRightLatitude': 45.235357901643305, 'topLeftLatitude': 46.04188830503832, 'bottomRightLongitude': -72.6538086310029, 'topLeftLongitude': -74.4720459356904, 'bottomFloor': 0}, 'deploymentType': 'Indoor', 'boundingBoxEnabled': False, 'manufacturer': 'ZyXEL_EMG2926', 'manufacturerEnabled': True, 'deplTypeEnabled': False, 'macAddressList': ['04:bf:6d:5e:12:ab'], 'addrEnabled': False}",0c7a5d15-6ebf-480e-b6ef-7fe71e9d52db,Global Zyxel Network,1,a21b3fed-aef4-4725-a6a3-8261d08fb884
2019-03-25 07:45:02,"{'manufacturer': 'ZyXEL_EMG2926', 'boundingBox': {}, 'manufacturerEnabled': True}",002c2c68-c0e9-4ce0-9545-24063cbeb6df,Global Zyxel Network 2,2,f1b9598c-0a45-4030-b008-133696d7c2b2
2019-03-25 08:45:01,"{'manufacturer': 'ZyXEL_EMG2926', 'macAddressList': ['04:bf:6d:5e:12:ab'], 'deplTypeEnabled': False, 'addrEnabled': False, 'manufacturerEnabled': True, 'deploymentType': 'Indoor', 'boundingBoxEnabled': False, 'boundingBox': {'bottomRightLongitude': -72.6538086310029, 'bottomRightLatitude': 45.235357901643305, 'topFloor': 0, 'topLeftLatitude': 46.04188830503832, 'bottomFloor': 0, 'topLeftLongitude': -74.4720459356904}}",0c7a5d15-6ebf-480e-b6ef-7fe71e9d52db,Global Zyxel Network,1,a21b3fed-aef4-4725-a6a3-8261d08fb884
2019-03-25 08:45:01,"{'manufacturer': 'ZyXEL_EMG2926', 'manufacturerEnabled': True, 'boundingBox': {}}",002c2c68-c0e9-4ce0-9545-24063cbeb6df,Global Zyxel Network 2,2,f1b9598c-0a45-4030-b008-133696d7c2b2
2019-03-25 09:45:02,"{'macAddressList': ['04:bf:6d:5e:12:ab'], 'deploymentType': 'Indoor', 'boundingBox': {'bottomFloor': 0, 'bottomRightLatitude': 45.235357901643305, 'topLeftLatitude': 46.04188830503832, 'bottomRightLongitude': -72.6538086310029, 'topLeftLongitude': -74.4720459356904, 'topFloor': 0}, 'manufacturerEnabled': True, 'deplTypeEnabled': False, 'boundingBoxEnabled': False, 'manufacturer': 'ZyXEL_EMG2926', 'addrEnabled': False}",0c7a5d15-6ebf-480e-b6ef-7fe71e9d52db,Global Zyxel Network,1,a21b3fed-aef4-4725-a6a3-8261d08fb884
2019-03-25 09:45:02,"{'manufacturerEnabled': True, 'manufacturer': 'ZyXEL_EMG2926', 'boundingBox': {}}",002c2c68-c0e9-4ce0-9545-24063cbeb6df,Global Zyxel Network 2,2,f1b9598c-0a45-4030-b008-133696d7c2b2
2019-03-25 10:45:01,"{'deploymentType': 'Indoor', 'addrEnabled': False, 'macAddressList': ['04:bf:6d:5e:12:ab'], 'deplTypeEnabled': False, 'boundingBox': {'bottomRightLatitude': 45.235357901643305, 'bottomRightLongitude': -72.6538086310029, 'bottomFloor': 0, 'topLeftLatitude': 46.04188830503832, 'topFloor': 0, 'topLeftLongitude': -74.4720459356904}, 'manufacturer': 'ZyXEL_EMG2926', 'boundingBoxEnabled': False, 'manufacturerEnabled': True}",0c7a5d15-6ebf-480e-b6ef-7fe71e9d52db,Global Zyxel Network,1,a21b3fed-aef4-4725-a6a3-8261d08fb884
2019-03-25 10:45:01,"{'boundingBox': {}, 'manufacturer': 'ZyXEL_EMG2926', 'manufacturerEnabled': True}",002c2c68-c0e9-4ce0-9545-24063cbeb6df,Global Zyxel Network 2,2,f1b9598c-0a45-4030-b008-133696d7c2b2
2019-03-25 11:45:02,"{'macAddressList': ['04:bf:6d:5e:12:ab'], 'manufacturer': 'ZyXEL_EMG2926', 'deplTypeEnabled': False, 'boundingBox': {'bottomFloor': 0, 'bottomRightLongitude': -72.6538086310029, 'bottomRightLatitude': 45.235357901643305, 'topLeftLongitude': -74.4720459356904, 'topLeftLatitude': 46.04188830503832, 'topFloor': 0}, 'manufacturerEnabled': True, 'boundingBoxEnabled': False, 'deploymentType': 'Indoor', 'addrEnabled': False}",0c7a5d15-6ebf-480e-b6ef-7fe71e9d52db,Global Zyxel Network,1,a21b3fed-aef4-4725-a6a3-8261d08fb884
2019-03-25 11:45:02,"{'manufacturerEnabled': True, 'manufacturer': 'ZyXEL_EMG2926', 'boundingBox': {}}",002c2c68-c0e9-4ce0-9545-24063cbeb6df,Global Zyxel Network 2,2,f1b9598c-0a45-4030-b008-133696d7c2b2
2019-03-25 12:45:01,"{'addrEnabled': False, 'deploymentType': 'Indoor', 'manufacturer': 'ZyXEL_EMG2926', 'manufacturerEnabled': True, 'deplTypeEnabled': False, 'boundingBox': {'bottomFloor': 0, 'bottomRightLongitude': -72.6538086310029, 'topFloor': 0, 'bottomRightLatitude': 45.235357901643305, 'topLeftLatitude': 46.04188830503832, 'topLeftLongitude': -74.4720459356904}, 'boundingBoxEnabled': False, 'macAddressList': ['04:bf:6d:5e:12:ab']}",0c7a5d15-6ebf-480e-b6ef-7fe71e9d52db,Global Zyxel Network,1,a21b3fed-aef4-4725-a6a3-8261d08fb884
2019-03-25 12:45:01,"{'boundingBox': {}, 'manufacturerEnabled': True, 'manufacturer': 'ZyXEL_EMG2926'}",002c2c68-c0e9-4ce0-9545-24063cbeb6df,Global Zyxel Network 2,2,f1b9598c-0a45-4030-b008-133696d7c2b2
2019-03-25 13:45:02,"{'boundingBoxEnabled': False, 'macAddressList': ['04:bf:6d:5e:12:ab'], 'addrEnabled': False, 'deploymentType': 'Indoor', 'deplTypeEnabled': False, 'manufacturerEnabled': True, 'manufacturer': 'ZyXEL_EMG2926', 'boundingBox': {'bottomFloor': 0, 'topLeftLatitude': 46.04188830503832, 'bottomRightLatitude': 45.235357901643305, 'topFloor': 0, 'topLeftLongitude': -74.4720459356904, 'bottomRightLongitude': -72.6538086310029}}",0c7a5d15-6ebf-480e-b6ef-7fe71e9d52db,Global Zyxel Network,1,a21b3fed-aef4-4725-a6a3-8261d08fb884
2019-03-25 13:45:02,"{'manufacturerEnabled': True, 'manufacturer': 'ZyXEL_EMG2926', 'boundingBox': {}}",002c2c68-c0e9-4ce0-9545-24063cbeb6df,Global Zyxel Network 2,2,f1b9598c-0a45-4030-b008-133696d7c2b2
2019-03-25 14:45:01,"{'addrEnabled': False, 'boundingBoxEnabled': False, 'deploymentType': 'Indoor', 'manufacturer': 'ZyXEL_EMG2926', 'boundingBox': {'topLeftLongitude': -74.4720459356904, 'bottomFloor': 0, 'topLeftLatitude': 46.04188830503832, 'topFloor': 0, 'bottomRightLongitude': -72.6538086310029, 'bottomRightLatitude': 45.235357901643305}, 'manufacturerEnabled': True, 'deplTypeEnabled': False, 'macAddressList': ['04:bf:6d:5e:12:ab']}",0c7a5d15-6ebf-480e-b6ef-7fe71e9d52db,Global Zyxel Network,1,a21b3fed-aef4-4725-a6a3-8261d08fb884
2019-03-25 14:45:01,"{'manufacturerEnabled': True, 'manufacturer': 'ZyXEL_EMG2926', 'boundingBox': {}}",002c2c68-c0e9-4ce0-9545-24063cbeb6df,Global Zyxel Network 2,2,f1b9598c-0a45-4030-b008-133696d7c2b2
2019-03-25 15:45:01,"{'addrEnabled': False, 'manufacturer': 'ZyXEL_EMG2926', 'deploymentType': 'Indoor', 'boundingBox': {'bottomFloor': 0, 'bottomRightLongitude': -72.6538086310029, 'topLeftLatitude': 46.04188830503832, 'topLeftLongitude': -74.4720459356904, 'topFloor': 0, 'bottomRightLatitude': 45.235357901643305}, 'manufacturerEnabled': True, 'deplTypeEnabled': False, 'boundingBoxEnabled': False, 'macAddressList': ['04:bf:6d:5e:12:ab']}",0c7a5d15-6ebf-480e-b6ef-7fe71e9d52db,Global Zyxel Network,1,a21b3fed-aef4-4725-a6a3-8261d08fb884
2019-03-25 15:45:01,"{'boundingBox': {}, 'manufacturerEnabled': True, 'manufacturer': 'ZyXEL_EMG2926'}",002c2c68-c0e9-4ce0-9545-24063cbeb6df,Global Zyxel Network 2,2,f1b9598c-0a45-4030-b008-133696d7c2b2
2019-03-25 16:45:01,"{'addrEnabled': False, 'deploymentType': 'Indoor', 'deplTypeEnabled': False, 'boundingBox': {'topLeftLatitude': 46.04188830503832, 'topFloor': 0, 'topLeftLongitude': -74.4720459356904, 'bottomRightLongitude': -72.6538086310029, 'bottomFloor': 0, 'bottomRightLatitude': 45.235357901643305}, 'boundingBoxEnabled': False, 'manufacturer': 'ZyXEL_EMG2926', 'macAddressList': ['04:bf:6d:5e:12:ab'], 'manufacturerEnabled': True}",0c7a5d15-6ebf-480e-b6ef-7fe71e9d52db,Global Zyxel Network,1,a21b3fed-aef4-4725-a6a3-8261d08fb884
2019-03-25 16:45:01,"{'manufacturer': 'ZyXEL_EMG2926', 'boundingBox': {}, 'manufacturerEnabled': True}",002c2c68-c0e9-4ce0-9545-24063cbeb6df,Global Zyxel Network 2,2,f1b9598c-0a45-4030-b008-133696d7c2b2
2019-03-25 17:45:01,"{'boundingBox': {'topLeftLatitude': 46.04188830503832, 'topLeftLongitude': -74.4720459356904, 'bottomRightLatitude': 45.235357901643305, 'bottomFloor': 0, 'bottomRightLongitude': -72.6538086310029, 'topFloor': 0}, 'deploymentType': 'Indoor', 'manufacturerEnabled': True, 'addrEnabled': False, 'deplTypeEnabled': False, 'manufacturer': 'ZyXEL_EMG2926', 'boundingBoxEnabled': False, 'macAddressList': ['04:bf:6d:5e:12:ab']}",0c7a5d15-6ebf-480e-b6ef-7fe71e9d52db,Global Zyxel Network,1,a21b3fed-aef4-4725-a6a3-8261d08fb884
2019-03-25 17:45:01,"{'boundingBox': {}, 'manufacturerEnabled': True, 'manufacturer': 'ZyXEL_EMG2926'}",002c2c68-c0e9-4ce0-9545-24063cbeb6df,Global Zyxel Network 2,2,f1b9598c-0a45-4030-b008-133696d7c2b2
2019-03-25 18:45:01,"{'deploymentType': 'Indoor', 'boundingBoxEnabled': False, 'boundingBox': {'bottomRightLatitude': 45.235357901643305, 'topFloor': 0, 'bottomRightLongitude': -72.6538086310029, 'topLeftLongitude': -74.4720459356904, 'topLeftLatitude': 46.04188830503832, 'bottomFloor': 0}, 'deplTypeEnabled': False, 'manufacturerEnabled': True, 'macAddressList': ['04:bf:6d:5e:12:ab'], 'addrEnabled': False, 'manufacturer': 'ZyXEL_EMG2926'}",0c7a5d15-6ebf-480e-b6ef-7fe71e9d52db,Global Zyxel Network,1,a21b3fed-aef4-4725-a6a3-8261d08fb884
2019-03-25 18:45:01,"{'manufacturerEnabled': True, 'boundingBox': {}, 'manufacturer': 'ZyXEL_EMG2926'}",002c2c68-c0e9-4ce0-9545-24063cbeb6df,Global Zyxel Network 2,2,f1b9598c-0a45-4030-b008-133696d7c2b2
2019-03-25 19:45:02,"{'boundingBox': {'bottomFloor': 0, 'topLeftLongitude': -74.4720459356904, 'topFloor': 0, 'topLeftLatitude': 46.04188830503832, 'bottomRightLatitude': 45.235357901643305, 'bottomRightLongitude': -72.6538086310029}, 'boundingBoxEnabled': False, 'macAddressList': ['04:bf:6d:5e:12:ab'], 'addrEnabled': False, 'manufacturer': 'ZyXEL_EMG2926', 'deplTypeEnabled': False, 'deploymentType': 'Indoor', 'manufacturerEnabled': True}",0c7a5d15-6ebf-480e-b6ef-7fe71e9d52db,Global Zyxel Network,1,a21b3fed-aef4-4725-a6a3-8261d08fb884
2019-03-25 19:45:02,"{'manufacturer': 'ZyXEL_EMG2926', 'boundingBox': {}, 'manufacturerEnabled': True}",002c2c68-c0e9-4ce0-9545-24063cbeb6df,Global Zyxel Network 2,2,f1b9598c-0a45-4030-b008-133696d7c2b2
2019-03-25 20:45:01,"{'macAddressList': ['04:bf:6d:5e:12:ab'], 'manufacturer': 'ZyXEL_EMG2926', 'deploymentType': 'Indoor', 'addrEnabled': False, 'boundingBox': {'bottomRightLongitude': -72.6538086310029, 'topLeftLongitude': -74.4720459356904, 'topFloor': 0, 'bottomRightLatitude': 45.235357901643305, 'topLeftLatitude': 46.04188830503832, 'bottomFloor': 0}, 'manufacturerEnabled': True, 'deplTypeEnabled': False, 'boundingBoxEnabled': False}",0c7a5d15-6ebf-480e-b6ef-7fe71e9d52db,Global Zyxel Network,1,a21b3fed-aef4-4725-a6a3-8261d08fb884
2019-03-25 20:45:01,"{'boundingBox': {}, 'manufacturer': 'ZyXEL_EMG2926', 'manufacturerEnabled': True}",002c2c68-c0e9-4ce0-9545-24063cbeb6df,Global Zyxel Network 2,2,f1b9598c-0a45-4030-b008-133696d7c2b2
2019-03-25 21:45:01,"{'deploymentType': 'Indoor', 'manufacturer': 'ZyXEL_EMG2926', 'addrEnabled': False, 'boundingBoxEnabled': False, 'manufacturerEnabled': True, 'boundingBox': {'topLeftLongitude': -74.4720459356904, 'bottomRightLongitude': -72.6538086310029, 'topFloor': 0, 'bottomRightLatitude': 45.235357901643305, 'bottomFloor': 0, 'topLeftLatitude': 46.04188830503832}, 'deplTypeEnabled': False, 'macAddressList': ['04:bf:6d:5e:12:ab']}",0c7a5d15-6ebf-480e-b6ef-7fe71e9d52db,Global Zyxel Network,1,a21b3fed-aef4-4725-a6a3-8261d08fb884
2019-03-25 21:45:01,"{'manufacturer': 'ZyXEL_EMG2926', 'manufacturerEnabled': True, 'boundingBox': {}}",002c2c68-c0e9-4ce0-9545-24063cbeb6df,Global Zyxel Network 2,2,f1b9598c-0a45-4030-b008-133696d7c2b2
2019-03-25 22:45:01,"{'boundingBoxEnabled': False, 'manufacturer': 'ZyXEL_EMG2926', 'manufacturerEnabled': True, 'deploymentType': 'Indoor', 'deplTypeEnabled': False, 'addrEnabled': False, 'boundingBox': {'topLeftLongitude': -74.4720459356904, 'bottomRightLatitude': 45.235357901643305, 'topLeftLatitude': 46.04188830503832, 'bottomFloor': 0, 'topFloor': 0, 'bottomRightLongitude': -72.6538086310029}, 'macAddressList': ['04:bf:6d:5e:12:ab']}",0c7a5d15-6ebf-480e-b6ef-7fe71e9d52db,Global Zyxel Network,1,a21b3fed-aef4-4725-a6a3-8261d08fb884
2019-03-25 22:45:01,"{'manufacturerEnabled': True, 'manufacturer': 'ZyXEL_EMG2926', 'boundingBox': {}}",002c2c68-c0e9-4ce0-9545-24063cbeb6df,Global Zyxel Network 2,2,f1b9598c-0a45-4030-b008-133696d7c2b2
2019-03-25 23:45:02,"{'macAddressList': ['04:bf:6d:5e:12:ab'], 'manufacturerEnabled': True, 'deplTypeEnabled': False, 'deploymentType': 'Indoor', 'manufacturer': 'ZyXEL_EMG2926', 'boundingBox': {'bottomFloor': 0, 'bottomRightLatitude': 45.235357901643305, 'topLeftLatitude': 46.04188830503832, 'topFloor': 0, 'topLeftLongitude': -74.4720459356904, 'bottomRightLongitude': -72.6538086310029}, 'boundingBoxEnabled': False, 'addrEnabled': False}",0c7a5d15-6ebf-480e-b6ef-7fe71e9d52db,Global Zyxel Network,1,a21b3fed-aef4-4725-a6a3-8261d08fb884
2019-03-25 23:45:02,"{'manufacturerEnabled': True, 'manufacturer': 'ZyXEL_EMG2926', 'boundingBox': {}}",002c2c68-c0e9-4ce0-9545-24063cbeb6df,Global Zyxel Network 2,2,f1b9598c-0a45-4030-b008-133696d7c2b2
