

Historical Alarms - Detailed Log
ap,apId,apName,entity,category,severity,message,deviceType,createdTime,updatedTime,ackBy,ackTime
04:bf:6d:5e:12:8f,8108662df1b804bf6d5e128f,AP-4728,04:bf:6d:5e:12:8f/noiseInterference2G,noiseInterference2G,CLEAR,Channel Noise -80 is under threshold on channel 2437 on AP 04:bf:6d:5e:12:8f,,1553825391536,-1,,-1
04:bf:6d:5e:12:8f,8108662df1b804bf6d5e128f,AP-4728,04:bf:6d:5e:12:8f/noiseInterference2G,noiseInterference2G,MINOR,Noise -50 on channel 2437 Exceeded threshold -70 on AP 04:bf:6d:5e:12:8f,,1553825353290,-1,,-1
04:bf:6d:5e:12:8f,8108662df1b804bf6d5e128f,AP-4728,04:bf:6d:5e:12:8f/noiseInterference2G,noiseInterference2G,CLEAR,All High Noise Interference Alarms handled. Alarm Severity Modified to CLEAR By RRM,,1553825277737,-1,,-1
04:bf:6d:5e:12:8f,8108662df1b804bf6d5e128f,AP-4728,04:bf:6d:5e:12:8f/noiseInterference2G,noiseInterference2G,MINOR,Noise -70 on channel 2412 Exceeded threshold -70 on AP 04:bf:6d:5e:12:8f,,1553825231554,-1,,-1
04:bf:6d:5e:12:8f,8108662df1b804bf6d5e128f,AP-4728,04:bf:6d:5e:12:8f/noiseInterference2G,noiseInterference2G,CLEAR,All High Noise Interference Alarms handled. Alarm Severity Modified to CLEAR By RRM,,1553821017741,-1,,-1
04:bf:6d:5e:12:8f,8108662df1b804bf6d5e128f,AP-4728,04:bf:6d:5e:12:8f/noiseInterference2G,noiseInterference2G,MINOR,Noise -70 on channel 2462 Exceeded threshold -70 on AP 04:bf:6d:5e:12:8f,,1553820982504,-1,,-1
04:bf:6d:5e:12:8f,8108662df1b804bf6d5e128f,AP-4728,04:bf:6d:5e:12:8f/noiseInterference2G,noiseInterference2G,CLEAR,Channel Noise -79 is under threshold on channel 2412 on AP 04:bf:6d:5e:12:8f,,1553819176208,-1,,-1
04:bf:6d:5e:12:8f,8108662df1b804bf6d5e128f,AP-4728,04:bf:6d:5e:12:8f/noiseInterference2G,noiseInterference2G,MINOR,Noise -50 on channel 2412 Exceeded threshold -70 on AP 04:bf:6d:5e:12:8f,,1553819138844,-1,,-1
04:bf:6d:5e:12:8f,8108662df1b804bf6d5e128f,AP-4728,04:bf:6d:5e:12:8f/noiseInterference2G,noiseInterference2G,CLEAR,All High Noise Interference Alarms handled. Alarm Severity Modified to CLEAR By RRM,,1553818917732,-1,,-1
04:bf:6d:5e:12:8f,8108662df1b804bf6d5e128f,AP-4728,04:bf:6d:5e:12:8f/noiseInterference2G,noiseInterference2G,MINOR,Noise -69 on channel 2462 Exceeded threshold -70 on AP 04:bf:6d:5e:12:8f,,1553818862987,-1,,-1
b8:ec:a3:2f:bd:5b,8108662df1b8b8eca32fbd5b,AP-4238,b8:ec:a3:2f:bd:5b/uptime,uptime,CLEAR,Uptime CLEAR Severity Message from AP b8:ec:a3:2f:bd:5b,,1553818544285,-1,,-1
04:bf:6d:5e:12:8f,8108662df1b804bf6d5e128f,AP-4728,04:bf:6d:5e:12:8f/noiseInterference2G,noiseInterference2G,CLEAR,All High Noise Interference Alarms handled. Alarm Severity Modified to CLEAR By RRM,,1553817807932,-1,,-1
04:bf:6d:5e:12:8f,8108662df1b804bf6d5e128f,AP-4728,04:bf:6d:5e:12:8f/noiseInterference2G,noiseInterference2G,MINOR,Noise -50 on channel 2412 Exceeded threshold -70 on AP 04:bf:6d:5e:12:8f,,1553817738481,-1,,-1
04:bf:6d:5e:12:8f,8108662df1b804bf6d5e128f,AP-4728,04:bf:6d:5e:12:8f/noiseInterference2G,noiseInterference2G,CLEAR,All High Noise Interference Alarms handled. Alarm Severity Modified to CLEAR By RRM,,1553817657740,-1,,-1
04:bf:6d:5e:12:8f,8108662df1b804bf6d5e128f,AP-4728,04:bf:6d:5e:12:8f/noiseInterference2G,noiseInterference2G,MINOR,Noise -70 on channel 2462 Exceeded threshold -70 on AP 04:bf:6d:5e:12:8f,,1553817616745,-1,,-1
04:bf:6d:5e:12:8f,8108662df1b804bf6d5e128f,AP-4728,04:bf:6d:5e:12:8f/noiseInterference2G,noiseInterference2G,CLEAR,Channel Noise -81 is under threshold on channel 2412 on AP 04:bf:6d:5e:12:8f,,1553812509769,-1,,-1
04:bf:6d:5e:12:8f,8108662df1b804bf6d5e128f,AP-4728,04:bf:6d:5e:12:8f/noiseInterference2G,noiseInterference2G,MINOR,Noise -50 on channel 2412 Exceeded threshold -70 on AP 04:bf:6d:5e:12:8f,,1553812472376,-1,,-1
04:bf:6d:5e:12:8f,8108662df1b804bf6d5e128f,AP-4728,04:bf:6d:5e:12:8f/noiseInterference2G,noiseInterference2G,CLEAR,All High Noise Interference Alarms handled. Alarm Severity Modified to CLEAR By RRM,,1553812377736,-1,,-1
04:bf:6d:5e:12:8f,8108662df1b804bf6d5e128f,AP-4728,04:bf:6d:5e:12:8f/noiseInterference2G,noiseInterference2G,MINOR,Noise -70 on channel 2462 Exceeded threshold -70 on AP 04:bf:6d:5e:12:8f,,1553812321865,-1,,-1
04:bf:6d:5e:12:8f,8108662df1b804bf6d5e128f,AP-4728,04:bf:6d:5e:12:8f/noiseInterference2G,noiseInterference2G,CLEAR,All High Noise Interference Alarms handled. Alarm Severity Modified to CLEAR By RRM,,1553808627738,-1,,-1
04:bf:6d:5e:12:8f,8108662df1b804bf6d5e128f,AP-4728,04:bf:6d:5e:12:8f/noiseInterference2G,noiseInterference2G,MINOR,Noise -50 on channel 2412 Exceeded threshold -70 on AP 04:bf:6d:5e:12:8f,,1553808583294,-1,,-1
04:bf:6d:5e:12:8f,8108662df1b804bf6d5e128f,AP-4728,04:bf:6d:5e:12:8f/noiseInterference2G,noiseInterference2G,CLEAR,All High Noise Interference Alarms handled. Alarm Severity Modified to CLEAR By RRM,,1553808507747,-1,,-1
04:bf:6d:5e:12:8f,8108662df1b804bf6d5e128f,AP-4728,04:bf:6d:5e:12:8f/noiseInterference2G,noiseInterference2G,MINOR,Noise -69 on channel 2437 Exceeded threshold -70 on AP 04:bf:6d:5e:12:8f,,1553808462669,-1,,-1
04:bf:6d:5e:12:8f,8108662df1b804bf6d5e128f,AP-4728,04:bf:6d:5e:12:8f/noiseInterference2G,noiseInterference2G,CLEAR,All High Noise Interference Alarms handled. Alarm Severity Modified to CLEAR By RRM,,1553802567741,-1,,-1
04:bf:6d:5e:12:8f,8108662df1b804bf6d5e128f,AP-4728,04:bf:6d:5e:12:8f/noiseInterference2G,noiseInterference2G,MINOR,Noise -70 on channel 2412 Exceeded threshold -70 on AP 04:bf:6d:5e:12:8f,,1553802540784,-1,,-1
04:bf:6d:5e:26:73,8108662df1b804bf6d5e2673,AP-4733,04:bf:6d:5e:26:73/pollingTimeout,pollingTimeout,CLEAR,AP b8:ec:a3:2f:bd:73 Connection Lost CLEAR Severity Message,AP,1553796190679,-1,,-1
04:bf:6d:5e:26:73,8108662df1b804bf6d5e2673,AP-4733,04:bf:6d:5e:26:73/pollingTimeout,pollingTimeout,MAJOR,AP 04:bf:6d:5e:26:73 Connection Lost more than 5 minutes MAJOR Severity Message},AP,1553796100677,-1,,-1
04:bf:6d:5e:11:7b,8108662df1b804bf6d5e117b,AP-SYNCHRO,04:bf:6d:5e:11:7b/pollingTimeout,pollingTimeout,CRITICAL,AP 04:bf:6d:5e:11:7b Connection Lost more than 10 minutes CRITICAL Severity Message},AP,1553791060678,-1,,-1
04:bf:6d:5e:11:7b,8108662df1b804bf6d5e117b,AP-SYNCHRO,04:bf:6d:5e:11:7b/pollingTimeout,pollingTimeout,MAJOR,AP 04:bf:6d:5e:11:7b Connection Lost more than 5 minutes MAJOR Severity Message},AP,1553790790680,-1,,-1
04:bf:6d:5e:11:7b,8108662df1b804bf6d5e117b,AP-SYNCHRO,04:bf:6d:5e:11:7b/pollingTimeout,pollingTimeout,CLEAR,AP b8:ec:a3:2f:bd:73 Connection Lost CLEAR Severity Message,AP,1553789980679,-1,,-1
04:bf:6d:5e:11:7b,8108662df1b804bf6d5e117b,AP-SYNCHRO,04:bf:6d:5e:11:7b/pollingTimeout,pollingTimeout,MAJOR,AP 04:bf:6d:5e:11:7b Connection Lost more than 5 minutes MAJOR Severity Message},AP,1553789620682,-1,,-1
04:bf:6d:5e:11:7b,8108662df1b804bf6d5e117b,AP-SYNCHRO,04:bf:6d:5e:11:7b/pollingTimeout,pollingTimeout,CLEAR,AP b8:ec:a3:2f:bd:73 Connection Lost CLEAR Severity Message,AP,1553788720679,-1,,-1
04:bf:6d:5e:11:7b,8108662df1b804bf6d5e117b,AP-SYNCHRO,04:bf:6d:5e:11:7b/pollingTimeout,pollingTimeout,MAJOR,AP 04:bf:6d:5e:11:7b Connection Lost more than 5 minutes MAJOR Severity Message},AP,1553788450681,-1,,-1
04:bf:6d:5e:11:7b,8108662df1b804bf6d5e117b,AP-SYNCHRO,04:bf:6d:5e:11:7b/pollingTimeout,pollingTimeout,CLEAR,AP b8:ec:a3:2f:bd:73 Connection Lost CLEAR Severity Message,AP,1553787550679,-1,,-1
04:bf:6d:5e:11:7b,8108662df1b804bf6d5e117b,AP-SYNCHRO,04:bf:6d:5e:11:7b/pollingTimeout,pollingTimeout,MAJOR,AP 04:bf:6d:5e:11:7b Connection Lost more than 5 minutes MAJOR Severity Message},AP,1553787460680,-1,,-1
04:bf:6d:5e:11:7b,8108662df1b804bf6d5e117b,AP-SYNCHRO,04:bf:6d:5e:11:7b/pollingTimeout,pollingTimeout,CLEAR,AP b8:ec:a3:2f:bd:73 Connection Lost CLEAR Severity Message,AP,1553785840689,-1,,-1
04:bf:6d:5e:12:8f,8108662df1b804bf6d5e128f,AP-4728,04:bf:6d:5e:12:8f/noiseInterference2G,noiseInterference2G,CLEAR,Channel Noise -79 is under threshold on channel 2437 on AP 04:bf:6d:5e:12:8f,,1553774757244,-1,,-1
04:bf:6d:5e:12:8f,8108662df1b804bf6d5e128f,AP-4728,04:bf:6d:5e:12:8f/noiseInterference2G,noiseInterference2G,MINOR,Noise -50 on channel 2437 Exceeded threshold -70 on AP 04:bf:6d:5e:12:8f,,1553774719737,-1,,-1
04:bf:6d:5e:12:8f,8108662df1b804bf6d5e128f,AP-4728,04:bf:6d:5e:12:8f/noiseInterference2G,noiseInterference2G,CLEAR,All High Noise Interference Alarms handled. Alarm Severity Modified to CLEAR By RRM,,1553774637745,-1,,-1
04:bf:6d:5e:12:8f,8108662df1b804bf6d5e128f,AP-4728,04:bf:6d:5e:12:8f/noiseInterference2G,noiseInterference2G,MINOR,Noise -50 on channel 2412 Exceeded threshold -70 on AP 04:bf:6d:5e:12:8f,,1553774587981,-1,,-1
04:bf:6d:5e:12:8f,8108662df1b804bf6d5e128f,AP-4728,04:bf:6d:5e:12:8f/noiseInterference2G,noiseInterference2G,CLEAR,All High Noise Interference Alarms handled. Alarm Severity Modified to CLEAR By RRM,,1553774367864,-1,,-1
04:bf:6d:5e:12:8f,8108662df1b804bf6d5e128f,AP-4728,04:bf:6d:5e:12:8f/noiseInterference2G,noiseInterference2G,MINOR,Noise -50 on channel 2412 Exceeded threshold -70 on AP 04:bf:6d:5e:12:8f,,1553774304120,-1,,-1
04:bf:6d:5e:12:8f,8108662df1b804bf6d5e128f,AP-4728,04:bf:6d:5e:12:8f/noiseInterference2G,noiseInterference2G,CLEAR,Channel Noise -78 is under threshold on channel 2437 on AP 04:bf:6d:5e:12:8f,,1553774213322,-1,,-1
04:bf:6d:5e:12:8f,8108662df1b804bf6d5e128f,AP-4728,04:bf:6d:5e:12:8f/noiseInterference2G,noiseInterference2G,MINOR,Noise -50 on channel 2437 Exceeded threshold -70 on AP 04:bf:6d:5e:12:8f,,1553774144712,-1,,-1
04:bf:6d:5e:12:8f,8108662df1b804bf6d5e128f,AP-4728,04:bf:6d:5e:12:8f/noiseInterference2G,noiseInterference2G,CLEAR,All High Noise Interference Alarms handled. Alarm Severity Modified to CLEAR By RRM,,1553774067911,-1,,-1
04:bf:6d:5e:12:8f,8108662df1b804bf6d5e128f,AP-4728,04:bf:6d:5e:12:8f/noiseInterference2G,noiseInterference2G,MINOR,Noise -50 on channel 2412 Exceeded threshold -70 on AP 04:bf:6d:5e:12:8f,,1553773982426,-1,,-1
04:bf:6d:5e:12:8f,8108662df1b804bf6d5e128f,AP-4728,04:bf:6d:5e:12:8f/noiseInterference2G,noiseInterference2G,CLEAR,All High Noise Interference Alarms handled. Alarm Severity Modified to CLEAR By RRM,,1553773887755,-1,,-1
04:bf:6d:5e:12:8f,8108662df1b804bf6d5e128f,AP-4728,04:bf:6d:5e:12:8f/noiseInterference2G,noiseInterference2G,MINOR,Noise -69 on channel 2462 Exceeded threshold -70 on AP 04:bf:6d:5e:12:8f,,1553773832758,-1,,-1










