dateTime,baseConfig,enabled,id,name,rrmConfig
2019-03-28 00:45:02,0,,00000000-0000-0000-0000-000000000000,Default ClusterConfig,False
2019-03-28 00:45:02,0,,00000000-0000-0000-0000-0000balanced,Balanced,False
2019-03-28 00:45:02,2,,00000000-0000-0000-0000-00aggressive,Aggressive,False
2019-03-28 00:45:02,1,,00000000-0000-0000-0000-conservative,Conservative,False
2019-03-28 01:45:01,0,,00000000-0000-0000-0000-000000000000,Default ClusterConfig,False
2019-03-28 01:45:01,0,,00000000-0000-0000-0000-0000balanced,Balanced,False
2019-03-28 01:45:01,2,,00000000-0000-0000-0000-00aggressive,Aggressive,False
2019-03-28 01:45:01,1,,00000000-0000-0000-0000-conservative,Conservative,False
2019-03-28 02:45:01,0,,00000000-0000-0000-0000-000000000000,Default ClusterConfig,False
2019-03-28 02:45:01,0,,00000000-0000-0000-0000-0000balanced,Balanced,False
2019-03-28 02:45:01,2,,00000000-0000-0000-0000-00aggressive,Aggressive,False
2019-03-28 02:45:01,1,,00000000-0000-0000-0000-conservative,Conservative,False
2019-03-28 03:45:02,0,,00000000-0000-0000-0000-000000000000,Default ClusterConfig,False
2019-03-28 03:45:02,0,,00000000-0000-0000-0000-0000balanced,Balanced,False
2019-03-28 03:45:02,2,,00000000-0000-0000-0000-00aggressive,Aggressive,False
2019-03-28 03:45:02,1,,00000000-0000-0000-0000-conservative,Conservative,False
2019-03-28 04:45:01,0,,00000000-0000-0000-0000-000000000000,Default ClusterConfig,False
2019-03-28 04:45:01,0,,00000000-0000-0000-0000-0000balanced,Balanced,False
2019-03-28 04:45:01,2,,00000000-0000-0000-0000-00aggressive,Aggressive,False
2019-03-28 04:45:01,1,,00000000-0000-0000-0000-conservative,Conservative,False
2019-03-28 05:45:01,0,,00000000-0000-0000-0000-000000000000,Default ClusterConfig,False
2019-03-28 05:45:01,0,,00000000-0000-0000-0000-0000balanced,Balanced,False
2019-03-28 05:45:01,2,,00000000-0000-0000-0000-00aggressive,Aggressive,False
2019-03-28 05:45:01,1,,00000000-0000-0000-0000-conservative,Conservative,False
2019-03-28 06:45:02,0,,00000000-0000-0000-0000-000000000000,Default ClusterConfig,False
2019-03-28 06:45:02,0,,00000000-0000-0000-0000-0000balanced,Balanced,False
2019-03-28 06:45:02,2,,00000000-0000-0000-0000-00aggressive,Aggressive,False
2019-03-28 06:45:02,1,,00000000-0000-0000-0000-conservative,Conservative,False
2019-03-28 07:45:01,0,,00000000-0000-0000-0000-000000000000,Default ClusterConfig,False
2019-03-28 07:45:01,0,,00000000-0000-0000-0000-0000balanced,Balanced,False
2019-03-28 07:45:01,2,,00000000-0000-0000-0000-00aggressive,Aggressive,False
2019-03-28 07:45:01,1,,00000000-0000-0000-0000-conservative,Conservative,False
2019-03-28 08:45:01,0,,00000000-0000-0000-0000-000000000000,Default ClusterConfig,False
2019-03-28 08:45:01,0,,00000000-0000-0000-0000-0000balanced,Balanced,False
2019-03-28 08:45:01,2,,00000000-0000-0000-0000-00aggressive,Aggressive,False
2019-03-28 08:45:01,1,,00000000-0000-0000-0000-conservative,Conservative,False
2019-03-28 09:45:02,0,,00000000-0000-0000-0000-000000000000,Default ClusterConfig,False
2019-03-28 09:45:02,0,,00000000-0000-0000-0000-0000balanced,Balanced,False
2019-03-28 09:45:02,2,,00000000-0000-0000-0000-00aggressive,Aggressive,False
2019-03-28 09:45:02,1,,00000000-0000-0000-0000-conservative,Conservative,False
2019-03-28 10:45:02,0,,00000000-0000-0000-0000-000000000000,Default ClusterConfig,False
2019-03-28 10:45:02,0,,00000000-0000-0000-0000-0000balanced,Balanced,False
2019-03-28 10:45:02,2,,00000000-0000-0000-0000-00aggressive,Aggressive,False
2019-03-28 10:45:02,1,,00000000-0000-0000-0000-conservative,Conservative,False
2019-03-28 11:45:01,0,,00000000-0000-0000-0000-000000000000,Default ClusterConfig,False
2019-03-28 11:45:01,0,,00000000-0000-0000-0000-0000balanced,Balanced,False
2019-03-28 11:45:01,2,,00000000-0000-0000-0000-00aggressive,Aggressive,False
2019-03-28 11:45:01,1,,00000000-0000-0000-0000-conservative,Conservative,False
2019-03-28 12:45:01,0,,00000000-0000-0000-0000-000000000000,Default ClusterConfig,False
2019-03-28 12:45:01,0,,00000000-0000-0000-0000-0000balanced,Balanced,False
2019-03-28 12:45:01,2,,00000000-0000-0000-0000-00aggressive,Aggressive,False
2019-03-28 12:45:01,1,,00000000-0000-0000-0000-conservative,Conservative,False
2019-03-28 13:45:01,0,,00000000-0000-0000-0000-000000000000,Default ClusterConfig,False
2019-03-28 13:45:01,0,,00000000-0000-0000-0000-0000balanced,Balanced,False
2019-03-28 13:45:01,2,,00000000-0000-0000-0000-00aggressive,Aggressive,False
2019-03-28 13:45:01,1,,00000000-0000-0000-0000-conservative,Conservative,False
2019-03-28 14:45:01,0,,00000000-0000-0000-0000-000000000000,Default ClusterConfig,False
2019-03-28 14:45:01,0,,00000000-0000-0000-0000-0000balanced,Balanced,False
2019-03-28 14:45:01,2,,00000000-0000-0000-0000-00aggressive,Aggressive,False
2019-03-28 14:45:01,1,,00000000-0000-0000-0000-conservative,Conservative,False
2019-03-28 15:45:01,0,,00000000-0000-0000-0000-000000000000,Default ClusterConfig,False
2019-03-28 15:45:01,0,,00000000-0000-0000-0000-0000balanced,Balanced,False
2019-03-28 15:45:01,2,,00000000-0000-0000-0000-00aggressive,Aggressive,False
2019-03-28 15:45:01,1,,00000000-0000-0000-0000-conservative,Conservative,False
2019-03-28 16:45:01,0,,00000000-0000-0000-0000-000000000000,Default ClusterConfig,False
2019-03-28 16:45:01,0,,00000000-0000-0000-0000-0000balanced,Balanced,False
2019-03-28 16:45:01,2,,00000000-0000-0000-0000-00aggressive,Aggressive,False
2019-03-28 16:45:01,1,,00000000-0000-0000-0000-conservative,Conservative,False
2019-03-28 17:45:01,0,,00000000-0000-0000-0000-000000000000,Default ClusterConfig,False
2019-03-28 17:45:01,0,,00000000-0000-0000-0000-0000balanced,Balanced,False
2019-03-28 17:45:01,2,,00000000-0000-0000-0000-00aggressive,Aggressive,False
2019-03-28 17:45:01,1,,00000000-0000-0000-0000-conservative,Conservative,False
2019-03-28 18:45:01,0,,00000000-0000-0000-0000-000000000000,Default ClusterConfig,False
2019-03-28 18:45:01,0,,00000000-0000-0000-0000-0000balanced,Balanced,False
2019-03-28 18:45:01,2,,00000000-0000-0000-0000-00aggressive,Aggressive,False
2019-03-28 18:45:01,1,,00000000-0000-0000-0000-conservative,Conservative,False
2019-03-28 19:45:02,0,,00000000-0000-0000-0000-000000000000,Default ClusterConfig,False
2019-03-28 19:45:02,0,,00000000-0000-0000-0000-0000balanced,Balanced,False
2019-03-28 19:45:02,2,,00000000-0000-0000-0000-00aggressive,Aggressive,False
2019-03-28 19:45:02,1,,00000000-0000-0000-0000-conservative,Conservative,False
2019-03-28 20:45:02,0,,00000000-0000-0000-0000-000000000000,Default ClusterConfig,False
2019-03-28 20:45:02,0,,00000000-0000-0000-0000-0000balanced,Balanced,False
2019-03-28 20:45:02,2,,00000000-0000-0000-0000-00aggressive,Aggressive,False
2019-03-28 20:45:02,1,,00000000-0000-0000-0000-conservative,Conservative,False
2019-03-28 21:45:02,0,,00000000-0000-0000-0000-000000000000,Default ClusterConfig,False
2019-03-28 21:45:02,0,,00000000-0000-0000-0000-0000balanced,Balanced,False
2019-03-28 21:45:02,2,,00000000-0000-0000-0000-00aggressive,Aggressive,False
2019-03-28 21:45:02,1,,00000000-0000-0000-0000-conservative,Conservative,False
2019-03-28 22:45:01,0,,00000000-0000-0000-0000-000000000000,Default ClusterConfig,False
2019-03-28 22:45:01,0,,00000000-0000-0000-0000-0000balanced,Balanced,False
2019-03-28 22:45:01,2,,00000000-0000-0000-0000-00aggressive,Aggressive,False
2019-03-28 22:45:01,1,,00000000-0000-0000-0000-conservative,Conservative,False
2019-03-28 23:45:01,0,,00000000-0000-0000-0000-000000000000,Default ClusterConfig,False
2019-03-28 23:45:01,0,,00000000-0000-0000-0000-0000balanced,Balanced,False
2019-03-28 23:45:01,2,,00000000-0000-0000-0000-00aggressive,Aggressive,False
2019-03-28 23:45:01,1,,00000000-0000-0000-0000-conservative,Conservative,False
