AP,date:time,channel,new channel,reason for change,interference before,interference after,overall before,overall after,noise level before,noise level after,result
04:bf:6d:5e:12:8f,28/03/2019 07:51,11,1,Noise Alarm,4,7,4,7,-50,-50,Success
04:bf:6d:5e:12:8f,28/03/2019 07:54,1,6,Noise Alarm,7,11,7,11,-50,-50,Success
04:bf:6d:5e:12:8f,28/03/2019 07:56,6,1,Noise Threshold,10,5,10,5,-50,-79,Success
04:bf:6d:5e:12:8f,28/03/2019 07:59,1,6,Noise Alarm,10,8,10,8,-50,-86,Success
04:bf:6d:5e:12:8f,28/03/2019 08:01,6,1,Noise Threshold,8,3,8,3,-86,-53,Success
04:bf:6d:5e:12:8f,28/03/2019 08:03,1,6,Noise Alarm,3,18,3,18,-88,-82,Success
04:bf:6d:5e:12:8f,28/03/2019 08:05,6,1,Noise Threshold,11,8,11,8,-52,-91,Success
04:bf:6d:5e:12:8f,28/03/2019 15:49,1,6,Noise Alarm,4,13,4,13,-50,-88,Success
04:bf:6d:5e:12:8f,28/03/2019 17:28,6,1,Noise Alarm,12,6,12,6,-50,-52,Success
04:bf:6d:5e:12:8f,28/03/2019 17:30,1,6,Noise Alarm,6,11,6,11,-50,-89,Success
04:bf:6d:5e:12:8f,28/03/2019 17:32,6,11,Noise Threshold,11,11,11,11,-89,-86,Success
04:bf:6d:5e:12:8f,28/03/2019 18:32,11,1,Noise Alarm,3,4,3,4,-82,-81,Success
04:bf:6d:5e:12:8f,28/03/2019 18:35,1,11,Noise Threshold,4,5,4,5,-50,-87,Success
04:bf:6d:5e:12:8f,28/03/2019 20:00,11,1,Noise Alarm,4,8,4,8,-82,-52,Success
04:bf:6d:5e:12:8f,28/03/2019 20:03,1,11,Noise Alarm,5,10,5,10,-52,-88,Success
04:bf:6d:5e:12:8f,28/03/2019 20:21,11,6,Noise Alarm,6,11,6,11,-83,-83,Success
04:bf:6d:5e:12:8f,28/03/2019 20:24,6,1,Noise Threshold,11,41,11,41,-83,-79,Success
04:bf:6d:5e:12:8f,28/03/2019 20:26,1,11,Noise Threshold,5,8,5,8,-50,-84,Success
04:bf:6d:5e:12:8f,28/03/2019 20:56,11,1,Noise Alarm,5,5,5,5,-83,-84,Success
04:bf:6d:5e:12:8f,28/03/2019 20:58,1,6,Noise Threshold,5,17,5,17,-84,-90,Success
04:bf:6d:5e:12:8f,28/03/2019 21:00,6,1,Noise Threshold,17,17,17,17,-90,-83,Success
04:bf:6d:5e:12:8f,28/03/2019 22:07,1,6,Noise Alarm,7,12,7,12,-80,-78,Success
04:bf:6d:5e:12:8f,28/03/2019 22:09,6,11,Noise Threshold,13,11,13,11,-52,-89,Success