Client MAC Address, Source AP, Source AP Band, Target AP, Target AP Band, Source SS, Target SS, Steering Type, Steering Status, Steering Time, Update Time, LocalTime, Time Zone
c0:ee:fb:dd:2f:ed,b8:ec:a3:2f:bd:39,5G,b8:ec:a3:2f:bd:38,2.4G,-75,-64,LOW Signal Strength,Success,1553772737,1553772917,28-03-2019 07:35:17,America/New_York
c0:ee:fb:dd:2f:ed,b8:ec:a3:2f:bd:39,5G,b8:ec:a3:2f:bd:38,2.4G,-75,-64,LOW Signal Strength,Success,1553772947,1553773127,28-03-2019 07:38:47,America/New_York
c0:ee:fb:dd:2f:ed,b8:ec:a3:2f:bd:38,2.4G,b8:ec:a3:2f:bd:39,5G,-59,-60,5G PREFERENCE,Success,1553773227,1553773427,28-03-2019 07:43:47,America/New_York
c0:ee:fb:dd:2f:ed,b8:ec:a3:2f:bd:39,5G,04:bf:6d:5e:12:98,2.4G,-78,-55,LOW Signal Strength,Success,1553774597,1553774777,28-03-2019 08:06:17,America/New_York
c0:ee:fb:dd:2f:ed,b8:ec:a3:2f:bd:39,5G,04:bf:6d:5e:12:98,2.4G,-79,-49,LOW Signal Strength,Success,1553774807,1553774987,28-03-2019 08:09:47,America/New_York
c0:ee:fb:dd:2f:ed,04:bf:6d:5e:12:98,2.4G,04:bf:6d:5e:12:99,5G,-49,-46,5G PREFERENCE,Success,1553774997,1553775197,28-03-2019 08:13:17,America/New_York
c0:ee:fb:dd:2f:ed,b8:ec:a3:2f:bd:38,2.4G,04:bf:6d:5e:12:98,2.4G,-47,-58,5G PREFERENCE,,1553775387,1553775587,28-03-2019 08:19:47,America/New_York
c0:ee:fb:dd:2f:ed,b8:ec:a3:2f:bd:39,5G,04:bf:6d:5e:12:98,2.4G,-79,-59,LOW Signal Strength,Success,1553775587,1553775767,28-03-2019 08:22:47,America/New_York
c0:ee:fb:dd:2f:ed,04:bf:6d:5e:12:98,2.4G,,,-76,,LOW Signal Strength,Missing,1553775737,1553775977,28-03-2019 08:26:17,America/New_York
c0:ee:fb:dd:2f:ed,b8:ec:a3:2f:bd:39,5G,04:bf:6d:5e:12:99,5G,-75,-63,LOW Signal Strength,Success,1553793407,1553793587,28-03-2019 13:19:47,America/New_York
c0:ee:fb:dd:2f:ed,b8:ec:a3:2f:bd:39,5G,04:bf:6d:5e:12:99,5G,-78,-56,LOW Signal Strength,Success,1553793587,1553793767,28-03-2019 13:22:47,America/New_York
c0:ee:fb:dd:2f:ed,04:bf:6d:5e:12:99,5G,b8:ec:a3:2f:bd:39,5G,-75,-59,LOW Signal Strength,Success,1553829467,1553829647,28-03-2019 23:20:47,America/New_York
fc:c2:de:94:56:d9,04:bf:6d:5e:26:65,5G,04:bf:6d:5e:26:64,2.4G,-79,-67,LOW Signal Strength,Success,1553792837,1553793017,28-03-2019 13:10:17,America/New_York
fc:c2:de:94:56:d9,04:bf:6d:5e:26:65,5G,04:bf:6d:5e:26:64,2.4G,-79,-72,LOW Signal Strength,Success,1553815097,1553815277,28-03-2019 19:21:17,America/New_York
fc:c2:de:94:56:d9,04:bf:6d:5e:26:65,5G,04:bf:6d:5e:26:64,2.4G,-75,-72,LOW Signal Strength,Success,1553815277,1553815457,28-03-2019 19:24:17,America/New_York
78:31:c1:b8:ee:5c,04:bf:6d:5e:11:78,2.4G,04:bf:6d:5e:11:79,5G,-29,-31,5G PREFERENCE,Success,1553786518,1553786717,28-03-2019 11:25:17,America/New_York
78:31:c1:b8:ee:5c,04:bf:6d:5e:11:78,2.4G,04:bf:6d:5e:11:79,5G,-35,-36,5G PREFERENCE,Success,1553788768,1553788967,28-03-2019 12:02:47,America/New_York
c0:a6:00:02:f4:31,04:bf:6d:5e:11:8d,5G,,,-86,,LOW Signal Strength,Not Moved,1553778767,1553778947,28-03-2019 09:15:47,America/New_York
c0:a6:00:02:f4:31,04:bf:6d:5e:11:8c,2.4G,04:bf:6d:5e:11:8d,5G,-49,-60,5G PREFERENCE,Success,1553789877,1553790077,28-03-2019 12:21:17,America/New_York
c0:a6:00:02:f4:31,04:bf:6d:5e:11:8d,5G,,,-88,,LOW Signal Strength,Missing,1553795207,1553795447,28-03-2019 13:50:47,America/New_York
c0:a6:00:02:f4:31,04:bf:6d:5e:11:8d,5G,,,-78,,LOW Signal Strength,Not Moved,1553828357,1553828537,28-03-2019 23:02:17,America/New_York
c0:a6:00:02:f4:31,04:bf:6d:5e:11:8d,5G,,,-79,,LOW Signal Strength,Not Moved,1553828537,1553828717,28-03-2019 23:05:17,America/New_York
c0:bd:d1:7e:1a:7e,a0:e4:cb:fc:b4:ed,5G,,,-75,,LOW Signal Strength,Not Moved,1553768747,1553768927,28-03-2019 06:28:47,America/New_York
c0:bd:d1:7e:1a:7e,a0:e4:cb:fc:b4:ec,2.4G,,,-42,,5G PREFERENCE,Missing,1553815047,1553815307,28-03-2019 19:21:47,America/New_York
e4:f0:42:a5:85:38,04:bf:6d:5e:12:8d,5G,04:bf:6d:5e:12:8c,2.4G,-75,-58,LOW Signal Strength,Success,1553779787,1553779967,28-03-2019 09:32:47,America/New_York
e4:f0:42:a5:85:38,04:bf:6d:5e:12:8d,5G,04:bf:6d:5e:12:8c,2.4G,-75,-50,LOW Signal Strength,Success,1553831087,1553831267,28-03-2019 23:47:47,America/New_York
e4:f0:42:a5:85:38,04:bf:6d:5e:12:8c,2.4G,04:bf:6d:5e:12:8d,5G,-50,-76,5G PREFERENCE,Success,1553831277,1553831477,28-03-2019 23:51:17,America/New_York
e4:f0:42:a5:85:38,04:bf:6d:5e:12:8d,5G,04:bf:6d:5e:12:8c,2.4G,-76,-49,LOW Signal Strength,Success,1553831507,1553831687,28-03-2019 23:54:47,America/New_York
d0:d2:b0:4e:d9:8d,04:bf:6d:5e:26:69,5G,,,-75,,LOW Signal Strength,Not Moved,1553747447,1553747627,28-03-2019 00:33:47,America/New_York
d0:d2:b0:4e:d9:8d,04:bf:6d:5e:26:69,5G,,,-75,,LOW Signal Strength,Not Moved,1553747627,1553747807,28-03-2019 00:36:47,America/New_York
d0:d2:b0:4e:d9:8d,04:bf:6d:5e:26:69,5G,,,-75,,LOW Signal Strength,Not Moved,1553775587,1553775767,28-03-2019 08:22:47,America/New_York
d0:d2:b0:4e:d9:8d,04:bf:6d:5e:26:69,5G,,,-77,,LOW Signal Strength,Missing,1553775797,1553776037,28-03-2019 08:27:17,America/New_York
d0:d2:b0:4e:d9:8d,04:bf:6d:5e:26:69,5G,,,-75,,LOW Signal Strength,Not Moved,1553804417,1553804597,28-03-2019 16:23:17,America/New_York
d0:d2:b0:4e:d9:8d,04:bf:6d:5e:26:69,5G,,,-87,,LOW Signal Strength,Not Moved,1553804597,1553804777,28-03-2019 16:26:17,America/New_York
d0:d2:b0:4e:d9:8d,04:bf:6d:5e:26:69,5G,,,-75,,LOW Signal Strength,Not Moved,1553813027,1553813207,28-03-2019 18:46:47,America/New_York
d0:d2:b0:4e:d9:8d,04:bf:6d:5e:26:69,5G,,,-76,,LOW Signal Strength,Not Moved,1553818097,1553818277,28-03-2019 20:11:17,America/New_York
d0:d2:b0:4e:d9:8d,04:bf:6d:5e:26:69,5G,,,-85,,LOW Signal Strength,Missing,1553818307,1553818547,28-03-2019 20:15:47,America/New_York
8c:f5:a3:cf:a6:39,b8:ec:a3:2f:bd:5c,2.4G,b8:ec:a3:2f:bd:5d,5G,-54,-69,5G PREFERENCE,Success,1553801458,1553801657,28-03-2019 15:34:17,America/New_York
8c:f5:a3:cf:a6:39,b8:ec:a3:2f:bd:5d,5G,b8:ec:a3:2f:bd:5c,2.4G,-80,-81,LOW Signal Strength,Success,1553810988,1553811167,28-03-2019 18:12:47,America/New_York
8c:f5:a3:cf:a6:39,b8:ec:a3:2f:bd:5d,5G,,,-83,,LOW Signal Strength,Missing,1553811167,1553811407,28-03-2019 18:16:47,America/New_York
bc:e1:43:0a:09:04,b8:ec:a3:2f:bd:7d,5G,,,-76,,LOW Signal Strength,Not Moved,1553793977,1553794157,28-03-2019 13:29:17,America/New_York
bc:e1:43:0a:09:04,b8:ec:a3:2f:bd:7d,5G,,,-77,,LOW Signal Strength,Missing,1553794157,1553794397,28-03-2019 13:33:17,America/New_York
bc:e1:43:0a:09:04,b8:ec:a3:2f:bd:7c,2.4G,b8:ec:a3:2f:bd:7d,5G,-61,-53,5G PREFERENCE,Success,1553803677,1553803877,28-03-2019 16:11:17,America/New_York
34:12:f9:e8:4d:da,a0:e4:cb:fc:b4:ed,5G,,,-76,,LOW Signal Strength,Not Moved,1553793347,1553793527,28-03-2019 13:18:47,America/New_York
34:12:f9:e8:4d:da,a0:e4:cb:fc:b4:ed,5G,,,-79,,LOW Signal Strength,Missing,1553793557,1553793797,28-03-2019 13:23:17,America/New_York
34:12:f9:e8:4d:da,a0:e4:cb:fc:b4:ed,5G,,,-76,,LOW Signal Strength,Not Moved,1553801807,1553801987,28-03-2019 15:39:47,America/New_York
a0:99:9b:39:ae:b0,04:bf:6d:5e:12:81,5G,,,-76,,LOW Signal Strength,Not Moved,1553778587,1553778767,28-03-2019 09:12:47,America/New_York
a0:99:9b:39:ae:b0,04:bf:6d:5e:12:81,5G,,,-77,,LOW Signal Strength,Missing,1553778797,1553779037,28-03-2019 09:17:17,America/New_York
a0:99:9b:39:ae:b0,04:bf:6d:5e:12:81,5G,,,-78,,LOW Signal Strength,Missing,1553812817,1553813057,28-03-2019 18:44:17,America/New_York
a0:99:9b:39:ae:b0,04:bf:6d:5e:12:81,5G,,,-80,,LOW Signal Strength,Not Moved,1553828357,1553828537,28-03-2019 23:02:17,America/New_York
a0:99:9b:39:ae:b0,04:bf:6d:5e:12:81,5G,,,-83,,LOW Signal Strength,Missing,1553828567,1553828807,28-03-2019 23:06:47,America/New_York
f8:62:14:bd:f6:d2,04:bf:6d:5e:11:8d,5G,,,-79,,LOW Signal Strength,Not Moved,1553791667,1553791847,28-03-2019 12:50:47,America/New_York
f8:62:14:bd:f6:d2,04:bf:6d:5e:11:8d,5G,,,-85,,LOW Signal Strength,Missing,1553791847,1553792087,28-03-2019 12:54:47,America/New_York
f8:62:14:bd:f6:d2,04:bf:6d:5e:11:8d,5G,04:bf:6d:5e:11:8c,2.4G,-75,-60,LOW Signal Strength,Success,1553801957,1553802137,28-03-2019 15:42:17,America/New_York
f8:62:14:bd:f6:d2,04:bf:6d:5e:11:8d,5G,,,-75,,LOW Signal Strength,Not Moved,1553802137,1553802317,28-03-2019 15:45:17,America/New_York
dc:0b:34:c8:d7:54,b8:ec:a3:2f:bd:6d,5G,,,-78,,LOW Signal Strength,Not Moved,1553782787,1553782967,28-03-2019 10:22:47,America/New_York
dc:0b:34:c8:d7:54,b8:ec:a3:2f:bd:6d,5G,,,-82,,LOW Signal Strength,Missing,1553782967,1553783207,28-03-2019 10:26:47,America/New_York
54:b1:21:d4:37:2c,b8:ec:a3:2f:bd:34,2.4G,04:bf:6d:5e:12:70,2.4G,-41,-64,5G PREFERENCE,,1553761827,1553762027,28-03-2019 04:33:47,America/New_York
54:b1:21:d4:37:2c,b8:ec:a3:2f:bd:34,2.4G,04:bf:6d:5e:12:70,2.4G,-44,-66,5G PREFERENCE,,1553762037,1553762237,28-03-2019 04:37:17,America/New_York
54:b1:21:d4:37:2c,04:bf:6d:5e:12:70,2.4G,04:bf:6d:5e:12:71,5G,-62,-79,5G PREFERENCE,Success,1553764197,1553764397,28-03-2019 05:13:17,America/New_York
54:b1:21:d4:37:2c,04:bf:6d:5e:12:71,5G,b8:ec:a3:2f:bd:35,5G,-79,-48,LOW Signal Strength,Success,1553764427,1553764607,28-03-2019 05:16:47,America/New_York
9c:e0:63:36:09:ce,b8:ec:a3:2f:bd:25,5G,,,-77,,LOW Signal Strength,Not Moved,1553794637,1553794817,28-03-2019 13:40:17,America/New_York
9c:e0:63:36:09:ce,b8:ec:a3:2f:bd:25,5G,,,-76,,LOW Signal Strength,Not Moved,1553817827,1553818007,28-03-2019 20:06:47,America/New_York
9c:e0:63:36:09:ce,b8:ec:a3:2f:bd:25,5G,,,-80,,LOW Signal Strength,Missing,1553818007,1553818247,28-03-2019 20:10:47,America/New_York
10:98:c3:c1:6f:6f,04:bf:6d:5e:12:65,5G,,,-79,,LOW Signal Strength,Missing,1553787977,1553788217,28-03-2019 11:50:17,America/New_York
b4:cd:27:14:1a:79,b8:ec:a3:2f:bd:75,5G,b8:ec:a3:2f:bd:74,2.4G,-75,-80,LOW Signal Strength,Success,1553772947,1553773127,28-03-2019 07:38:47,America/New_York
b4:cd:27:14:1a:79,b8:ec:a3:2f:bd:75,5G,b8:ec:a3:2f:bd:74,2.4G,-75,-80,LOW Signal Strength,Success,1553773127,1553773307,28-03-2019 07:41:47,America/New_York
b4:cd:27:14:1a:79,b8:ec:a3:2f:bd:74,2.4G,b8:ec:a3:2f:bd:75,5G,-57,-71,5G PREFERENCE,Success,1553807457,1553807657,28-03-2019 17:14:17,America/New_York
b4:cd:27:14:1a:79,b8:ec:a3:2f:bd:75,5G,b8:ec:a3:2f:bd:74,2.4G,-80,-78,LOW Signal Strength,Success,1553816567,1553816747,28-03-2019 19:45:47,America/New_York
b4:cd:27:14:1a:79,b8:ec:a3:2f:bd:75,5G,b8:ec:a3:2f:bd:74,2.4G,-82,-79,LOW Signal Strength,Success,1553816747,1553816927,28-03-2019 19:48:47,America/New_York
2c:3a:e8:2e:c2:50,b8:ec:a3:2f:bd:34,2.4G,,,-75,,LOW Signal Strength,Not Moved,1553770397,1553770577,28-03-2019 06:56:17,America/New_York
2c:3a:e8:2e:c2:50,b8:ec:a3:2f:bd:34,2.4G,,,-75,,LOW Signal Strength,Missing,1553816717,1553816957,28-03-2019 19:49:17,America/New_York
2c:3a:e8:2e:c2:50,b8:ec:a3:2f:bd:34,2.4G,,,-75,,LOW Signal Strength,Not Moved,1553827907,1553828117,28-03-2019 22:55:17,America/New_York
6c:88:14:c7:98:d8,04:bf:6d:5e:12:80,2.4G,04:bf:6d:5e:12:81,5G,-42,-48,5G PREFERENCE,Success,1553794977,1553795177,28-03-2019 13:46:17,America/New_York
f0:0f:ec:f8:01:ac,b8:ec:a3:2f:bd:2d,5G,b8:ec:a3:2f:bd:2c,2.4G,-75,-50,LOW Signal Strength,Success,1553793797,1553793977,28-03-2019 13:26:17,America/New_York
f0:0f:ec:f8:01:ac,b8:ec:a3:2f:bd:2c,2.4G,b8:ec:a3:2f:bd:2d,5G,-50,-67,5G PREFERENCE,Success,1553793987,1553794187,28-03-2019 13:29:47,America/New_York
f0:0f:ec:f8:01:ac,b8:ec:a3:2f:bd:2d,5G,,,-75,,LOW Signal Strength,Not Moved,1553812487,1553812667,28-03-2019 18:37:47,America/New_York
f0:0f:ec:f8:01:ac,b8:ec:a3:2f:bd:2d,5G,,,-78,,LOW Signal Strength,Missing,1553812697,1553812937,28-03-2019 18:42:17,America/New_York
d8:c4:6a:23:6a:7a,b8:ec:a3:2f:bd:1d,5G,,,-77,,LOW Signal Strength,Missing,1553773487,1553773727,28-03-2019 07:48:47,America/New_York
04:d6:aa:66:76:5a,04:bf:6d:5e:26:69,5G,,,-77,,LOW Signal Strength,Not Moved,1553769647,1553769827,28-03-2019 06:43:47,America/New_York
04:d6:aa:66:76:5a,04:bf:6d:5e:26:69,5G,,,-75,,LOW Signal Strength,Not Moved,1553824427,1553824607,28-03-2019 21:56:47,America/New_York
48:4b:aa:af:cb:19,b8:ec:a3:2f:bd:31,5G,b8:ec:a3:2f:bd:30,2.4G,-75,-50,LOW Signal Strength,Success,1553763467,1553763647,28-03-2019 05:00:47,America/New_York
48:4b:aa:af:cb:19,b8:ec:a3:2f:bd:31,5G,b8:ec:a3:2f:bd:30,2.4G,-75,-50,LOW Signal Strength,Success,1553764127,1553764307,28-03-2019 05:11:47,America/New_York
48:4b:aa:af:cb:19,b8:ec:a3:2f:bd:31,5G,b8:ec:a3:2f:bd:30,2.4G,-75,-51,LOW Signal Strength,Success,1553764307,1553764487,28-03-2019 05:14:47,America/New_York
48:4b:aa:af:cb:19,b8:ec:a3:2f:bd:31,5G,b8:ec:a3:2f:bd:30,2.4G,-75,-53,LOW Signal Strength,Success,1553765327,1553765507,28-03-2019 05:31:47,America/New_York
48:4b:aa:af:cb:19,b8:ec:a3:2f:bd:31,5G,b8:ec:a3:2f:bd:30,2.4G,-75,-54,LOW Signal Strength,Success,1553765537,1553765717,28-03-2019 05:35:17,America/New_York
48:4b:aa:af:cb:19,b8:ec:a3:2f:bd:31,5G,b8:ec:a3:2f:bd:30,2.4G,-75,-54,LOW Signal Strength,Success,1553766227,1553766407,28-03-2019 05:46:47,America/New_York
48:4b:aa:af:cb:19,b8:ec:a3:2f:bd:31,5G,b8:ec:a3:2f:bd:30,2.4G,-75,-54,LOW Signal Strength,Success,1553766407,1553766587,28-03-2019 05:49:47,America/New_York
48:4b:aa:af:cb:19,b8:ec:a3:2f:bd:31,5G,b8:ec:a3:2f:bd:30,2.4G,-75,-51,LOW Signal Strength,Success,1553767127,1553767307,28-03-2019 06:01:47,America/New_York
48:4b:aa:af:cb:19,b8:ec:a3:2f:bd:31,5G,b8:ec:a3:2f:bd:30,2.4G,-75,-52,LOW Signal Strength,Success,1553767307,1553767487,28-03-2019 06:04:47,America/New_York
48:4b:aa:af:cb:19,b8:ec:a3:2f:bd:31,5G,b8:ec:a3:2f:bd:30,2.4G,-75,-53,LOW Signal Strength,Success,1553767697,1553767877,28-03-2019 06:11:17,America/New_York
48:4b:aa:af:cb:19,b8:ec:a3:2f:bd:31,5G,b8:ec:a3:2f:bd:30,2.4G,-75,-53,LOW Signal Strength,Success,1553767907,1553768087,28-03-2019 06:14:47,America/New_York
48:4b:aa:af:cb:19,b8:ec:a3:2f:bd:31,5G,b8:ec:a3:2f:bd:30,2.4G,-75,-53,LOW Signal Strength,Success,1553768867,1553769047,28-03-2019 06:30:47,America/New_York
48:4b:aa:af:cb:19,b8:ec:a3:2f:bd:31,5G,b8:ec:a3:2f:bd:30,2.4G,-75,-53,LOW Signal Strength,Success,1553769047,1553769227,28-03-2019 06:33:47,America/New_York
48:4b:aa:af:cb:19,b8:ec:a3:2f:bd:31,5G,b8:ec:a3:2f:bd:30,2.4G,-75,-52,LOW Signal Strength,Success,1553769647,1553769827,28-03-2019 06:43:47,America/New_York
48:4b:aa:af:cb:19,b8:ec:a3:2f:bd:31,5G,b8:ec:a3:2f:bd:30,2.4G,-75,-53,LOW Signal Strength,Success,1553769857,1553770037,28-03-2019 06:47:17,America/New_York
48:4b:aa:af:cb:19,b8:ec:a3:2f:bd:31,5G,b8:ec:a3:2f:bd:30,2.4G,-75,-53,LOW Signal Strength,Success,1553770577,1553770757,28-03-2019 06:59:17,America/New_York
48:4b:aa:af:cb:19,b8:ec:a3:2f:bd:31,5G,b8:ec:a3:2f:bd:30,2.4G,-75,-53,LOW Signal Strength,Success,1553774597,1553774777,28-03-2019 08:06:17,America/New_York
48:4b:aa:af:cb:19,b8:ec:a3:2f:bd:31,5G,b8:ec:a3:2f:bd:30,2.4G,-75,-50,LOW Signal Strength,Success,1553774807,1553774987,28-03-2019 08:09:47,America/New_York
48:4b:aa:af:cb:19,b8:ec:a3:2f:bd:31,5G,,,-75,,LOW Signal Strength,Not Moved,1553777177,1553777357,28-03-2019 08:49:17,America/New_York
48:4b:aa:af:cb:19,b8:ec:a3:2f:bd:31,5G,,,-75,,LOW Signal Strength,Missing,1553777357,1553777597,28-03-2019 08:53:17,America/New_York
94:65:2d:82:4f:8d,b8:ec:a3:2f:bd:f9,5G,,,-78,,LOW Signal Strength,Missing,1553778377,1553778617,28-03-2019 09:10:17,America/New_York
94:65:2d:82:4f:8d,b8:ec:a3:2f:bd:f8,2.4G,b8:ec:a3:2f:bd:f9,5G,-60,-47,5G PREFERENCE,Success,1553791977,1553792177,28-03-2019 12:56:17,America/New_York
c0:f2:fb:bc:9f:69,04:bf:6d:5e:26:89,5G,04:bf:6d:5e:26:88,2.4G,-78,-53,LOW Signal Strength,Success,1553824337,1553824517,28-03-2019 21:55:17,America/New_York
c0:f2:fb:bc:9f:69,04:bf:6d:5e:26:88,2.4G,04:bf:6d:5e:26:89,5G,-53,-63,5G PREFERENCE,Success,1553824527,1553824727,28-03-2019 21:58:47,America/New_York
2c:0e:3d:95:a6:4e,04:bf:6d:5e:12:8c,2.4G,04:bf:6d:5e:12:8d,5G,-55,-68,5G PREFERENCE,Success,1553786547,1553786747,28-03-2019 11:25:47,America/New_York
2c:0e:3d:95:a6:4e,04:bf:6d:5e:12:8d,5G,,,-76,,LOW Signal Strength,Missing,1553797727,1553797967,28-03-2019 14:32:47,America/New_York
dc:ef:ca:d6:22:f1,04:bf:6d:5e:26:71,5G,,,-77,,LOW Signal Strength,Not Moved,1553792837,1553793017,28-03-2019 13:10:17,America/New_York
dc:ef:ca:d6:22:f1,04:bf:6d:5e:26:71,5G,,,-78,,LOW Signal Strength,Missing,1553793047,1553793287,28-03-2019 13:14:47,America/New_York
dc:ef:ca:d6:22:f1,04:bf:6d:5e:26:70,2.4G,04:bf:6d:5e:26:71,5G,-58,-47,5G PREFERENCE,Success,1553796357,1553796557,28-03-2019 14:09:17,America/New_York
a4:50:46:1f:87:eb,b8:ec:a3:2f:bd:45,5G,,,-87,,LOW Signal Strength,Missing,1553810597,1553810837,28-03-2019 18:07:17,America/New_York
70:70:0d:db:99:d1,04:bf:6d:5e:11:8d,5G,,,-77,,LOW Signal Strength,Not Moved,1553828327,1553828507,28-03-2019 23:01:47,America/New_York
70:70:0d:db:99:d1,04:bf:6d:5e:11:8d,5G,,,-81,,LOW Signal Strength,Missing,1553828537,1553828777,28-03-2019 23:06:17,America/New_York
d4:a3:3d:a6:43:3c,b8:ec:a3:2f:bd:45,5G,,,-76,,LOW Signal Strength,Not Moved,1553779037,1553779217,28-03-2019 09:20:17,America/New_York
d4:a3:3d:a6:43:3c,b8:ec:a3:2f:bd:45,5G,,,-77,,LOW Signal Strength,Missing,1553779217,1553779457,28-03-2019 09:24:17,America/New_York
d4:a3:3d:a6:43:3c,b8:ec:a3:2f:bd:45,5G,,,-75,,LOW Signal Strength,Not Moved,1553797097,1553797277,28-03-2019 14:21:17,America/New_York
d4:a3:3d:a6:43:3c,b8:ec:a3:2f:bd:44,2.4G,b8:ec:a3:2f:bd:45,5G,-55,-65,5G PREFERENCE,Success,1553813787,1553813987,28-03-2019 18:59:47,America/New_York
e4:ce:8f:04:cb:ee,04:bf:6d:5e:11:78,2.4G,04:bf:6d:5e:11:79,5G,-35,-40,5G PREFERENCE,Success,1553786518,1553786717,28-03-2019 11:25:17,America/New_York
6c:8d:c1:c4:76:26,b8:ec:a3:2f:bd:15,5G,,,-75,,LOW Signal Strength,Not Moved,1553800307,1553800487,28-03-2019 15:14:47,America/New_York
6c:8d:c1:c4:76:26,b8:ec:a3:2f:bd:15,5G,,,-76,,LOW Signal Strength,Missing,1553800487,1553800727,28-03-2019 15:18:47,America/New_York
88:66:a5:ba:5b:1b,04:bf:6d:5e:12:70,2.4G,,,-54,,5G PREFERENCE,Not Moved,1553791617,1553791817,28-03-2019 12:50:17,America/New_York
88:66:a5:ba:5b:1b,04:bf:6d:5e:12:71,5G,b8:ec:a3:2f:bd:34,2.4G,-75,-59,LOW Signal Strength,Success,1553792687,1553792867,28-03-2019 13:07:47,America/New_York
88:66:a5:ba:5b:1b,04:bf:6d:5e:12:71,5G,,,-75,,LOW Signal Strength,Not Moved,1553792897,1553793077,28-03-2019 13:11:17,America/New_York
88:66:a5:ba:5b:1b,04:bf:6d:5e:12:71,5G,b8:ec:a3:2f:bd:34,2.4G,-76,-67,LOW Signal Strength,Success,1553793707,1553793887,28-03-2019 13:24:47,America/New_York
88:66:a5:ba:5b:1b,04:bf:6d:5e:12:71,5G,b8:ec:a3:2f:bd:34,2.4G,-75,-66,LOW Signal Strength,Success,1553793887,1553794067,28-03-2019 13:27:47,America/New_York
88:66:a5:ba:5b:1b,04:bf:6d:5e:12:71,5G,b8:ec:a3:2f:bd:34,2.4G,-75,-66,LOW Signal Strength,Success,1553810807,1553810987,28-03-2019 18:09:47,America/New_York
88:66:a5:ba:5b:1b,04:bf:6d:5e:12:71,5G,b8:ec:a3:2f:bd:34,2.4G,-75,-63,LOW Signal Strength,Success,1553811677,1553811857,28-03-2019 18:24:17,America/New_York
88:66:a5:ba:5b:1b,04:bf:6d:5e:12:71,5G,b8:ec:a3:2f:bd:34,2.4G,-75,-63,LOW Signal Strength,Success,1553811857,1553812037,28-03-2019 18:27:17,America/New_York
00:ae:fa:88:e6:e7,b8:ec:a3:2f:bd:19,5G,,,-78,,LOW Signal Strength,Not Moved,1553801027,1553801207,28-03-2019 15:26:47,America/New_York
00:ae:fa:88:e6:e7,b8:ec:a3:2f:bd:19,5G,,,-83,,LOW Signal Strength,Not Moved,1553801237,1553801417,28-03-2019 15:30:17,America/New_York
a0:c9:a0:89:33:71,04:bf:6d:5e:26:79,5G,,,-82,,LOW Signal Strength,Not Moved,1553774027,1553774207,28-03-2019 07:56:47,America/New_York
f0:98:9d:a3:89:f1,04:bf:6d:5e:11:91,5G,04:bf:6d:5e:11:90,2.4G,-75,-63,LOW Signal Strength,Success,1553790227,1553790407,28-03-2019 12:26:47,America/New_York
f0:98:9d:a3:89:f1,04:bf:6d:5e:11:90,2.4G,04:bf:6d:5e:11:91,5G,-47,-47,5G PREFERENCE,Success,1553790447,1553790647,28-03-2019 12:30:47,America/New_York
f0:98:9d:a3:89:f1,04:bf:6d:5e:11:90,2.4G,04:bf:6d:5e:11:91,5G,-55,-60,5G PREFERENCE,Success,1553814987,1553815187,28-03-2019 19:19:47,America/New_York
f0:79:60:68:b4:f7,b8:ec:a3:2f:bd:7d,5G,,,-87,,LOW Signal Strength,Not Moved,1553794037,1553794217,28-03-2019 13:30:17,America/New_York
f0:79:60:68:b4:f7,b8:ec:a3:2f:bd:7d,5G,,,-87,,LOW Signal Strength,Missing,1553794247,1553794487,28-03-2019 13:34:47,America/New_York
f0:79:60:68:b4:f7,b8:ec:a3:2f:bd:7d,5G,,,-83,,LOW Signal Strength,Not Moved,1553804147,1553804387,28-03-2019 16:19:47,America/New_York
f0:79:60:68:b4:f7,b8:ec:a3:2f:bd:7d,5G,,,-87,,LOW Signal Strength,Not Moved,1553808947,1553809127,28-03-2019 17:38:47,America/New_York
f0:79:60:68:b4:f7,b8:ec:a3:2f:bd:7d,5G,,,-87,,LOW Signal Strength,Missing,1553809127,1553809367,28-03-2019 17:42:47,America/New_York
