Event Log

MAC Address,Prim. MAC Address,Channel,Type,Module (from),Module (to),Message,Time stamp
04:bf:6d:5e:26:68,04:bf:6d:5e:26:6b,11 (2462 MHz),INFORM CS - MODIFY AP CONFIGURATION,RRM,CONFIG_SERVICE,"{candidateBssList=[{ ""bssid"" : ""04:bf:6d:5e:26:69"" , ""channel"" : 157 , ""bandwidth"" : 80}], deassociateStaList=[d0:d2:b0:4e:d9:8d], frequencySetBy=10}",2019-03-29 00:18
04:bf:6d:5e:26:68,04:bf:6d:5e:26:6b,11 (2462 MHz),INFORM CS - MODIFY AP CONFIGURATION,RRM,CONFIG_SERVICE,"{candidateBssList=[{ ""bssid"" : ""04:bf:6d:5e:26:69"" , ""channel"" : 157 , ""bandwidth"" : 80}], deassociateStaList=[d0:d2:b0:4e:d9:8d], frequencySetBy=10}",2019-03-29 00:12
04:bf:6d:5e:12:8c,04:bf:6d:5e:12:8f,11 (2462 MHz),INFORM CS - MODIFY AP CONFIGURATION,RRM,CONFIG_SERVICE,"{candidateBssList=[{ ""bssid"" : ""04:bf:6d:5e:12:8d"" , ""channel"" : 149 , ""bandwidth"" : 80}], deassociateStaList=[e4:f0:42:a5:85:38], frequencySetBy=10}",2019-03-28 23:47
04:bf:6d:5e:12:8c,04:bf:6d:5e:12:8f,6 (2437 MHz),INFORM CS - MODIFY AP CONFIGURATION,RRM,CONFIG_SERVICE,"{Frequency(MHz) Changed=2437 -> 2462}",2019-03-28 22:09
04:bf:6d:5e:12:8c,04:bf:6d:5e:12:8f,6 (2437 MHz),NOISE THRESHOLD EXCEEDED,RRM,RRM,"{Description=This event is triggered when reported noise threshold exceeds the specified threshold below for 2 reporting periods, ownChannelNoiseComputed=-59.833333333333336, ap_manufacturer=ZyXEL_EMG2926, noise_jammer_threshold=-70}",2019-03-28 22:09
04:bf:6d:5e:12:8c,04:bf:6d:5e:12:8f,1 (2412 MHz),INFORM CS - MODIFY AP CONFIGURATION,RRM,CONFIG_SERVICE,"{Frequency(MHz) Changed=2412 -> 2437}",2019-03-28 22:07
04:bf:6d:5e:12:8c,04:bf:6d:5e:12:8f,1 (2412 MHz),NOISE ALARM DETECTED,RRM,RRM,"{Description=This event is triggered when noise alarm reported by the AP, ap_manufacturer=ZyXEL_EMG2926, alarm message=Noise -70 on channel 2412 Exceeded threshold -70 on AP 04:bf:6d:5e:12:8f}",2019-03-28 22:07
04:bf:6d:5e:26:88,04:bf:6d:5e:26:8b,1 (2412 MHz),INFORM CS - MODIFY AP CONFIGURATION,RRM,CONFIG_SERVICE,"{candidateBssList=[{ ""bssid"" : ""04:bf:6d:5e:26:89"" , ""channel"" : 40 , ""bandwidth"" : 80}], deassociateStaList=[c0:f2:fb:bc:9f:69], frequencySetBy=10}",2019-03-28 21:55
04:bf:6d:5e:12:8c,04:bf:6d:5e:12:8f,6 (2437 MHz),INFORM CS - MODIFY AP CONFIGURATION,RRM,CONFIG_SERVICE,"{Frequency(MHz) Changed=2437 -> 2412}",2019-03-28 21:00
04:bf:6d:5e:12:8c,04:bf:6d:5e:12:8f,6 (2437 MHz),NOISE THRESHOLD EXCEEDED,RRM,RRM,"{Description=This event is triggered when reported noise threshold exceeds the specified threshold below for 2 reporting periods, ownChannelNoiseComputed=-65.25, ap_manufacturer=ZyXEL_EMG2926, noise_jammer_threshold=-70}",2019-03-28 21:00
04:bf:6d:5e:12:8c,04:bf:6d:5e:12:8f,1 (2412 MHz),INFORM CS - MODIFY AP CONFIGURATION,RRM,CONFIG_SERVICE,"{Frequency(MHz) Changed=2412 -> 2437}",2019-03-28 20:58
04:bf:6d:5e:12:8c,04:bf:6d:5e:12:8f,1 (2412 MHz),NOISE THRESHOLD EXCEEDED,RRM,RRM,"{Description=This event is triggered when reported noise threshold exceeds the specified threshold below for 2 reporting periods, ownChannelNoiseComputed=-60.0, ap_manufacturer=ZyXEL_EMG2926, noise_jammer_threshold=-70}",2019-03-28 20:58
04:bf:6d:5e:12:8c,04:bf:6d:5e:12:8f,11 (2462 MHz),INFORM CS - MODIFY AP CONFIGURATION,RRM,CONFIG_SERVICE,"{Frequency(MHz) Changed=2462 -> 2412}",2019-03-28 20:56
04:bf:6d:5e:12:8c,04:bf:6d:5e:12:8f,11 (2462 MHz),NOISE ALARM DETECTED,RRM,RRM,"{Description=This event is triggered when noise alarm reported by the AP, ap_manufacturer=ZyXEL_EMG2926, alarm message=Noise -70 on channel 2462 Exceeded threshold -70 on AP 04:bf:6d:5e:12:8f}",2019-03-28 20:56
04:bf:6d:5e:12:8c,04:bf:6d:5e:12:8f,1 (2412 MHz),INFORM CS - MODIFY AP CONFIGURATION,RRM,CONFIG_SERVICE,"{Frequency(MHz) Changed=2412 -> 2462}",2019-03-28 20:26
04:bf:6d:5e:12:8c,04:bf:6d:5e:12:8f,1 (2412 MHz),NOISE THRESHOLD EXCEEDED,RRM,RRM,"{Description=This event is triggered when reported noise threshold exceeds the specified threshold below for 2 reporting periods, ownChannelNoiseComputed=-54.0, ap_manufacturer=ZyXEL_EMG2926, noise_jammer_threshold=-70}",2019-03-28 20:26
04:bf:6d:5e:12:8c,04:bf:6d:5e:12:8f,6 (2437 MHz),INFORM CS - MODIFY AP CONFIGURATION,RRM,CONFIG_SERVICE,"{Frequency(MHz) Changed=2437 -> 2412}",2019-03-28 20:24
04:bf:6d:5e:12:8c,04:bf:6d:5e:12:8f,6 (2437 MHz),NOISE THRESHOLD EXCEEDED,RRM,RRM,"{Description=This event is triggered when reported noise threshold exceeds the specified threshold below for 2 reporting periods, ownChannelNoiseComputed=-69.0, ap_manufacturer=ZyXEL_EMG2926, noise_jammer_threshold=-70}",2019-03-28 20:24
04:bf:6d:5e:12:8c,04:bf:6d:5e:12:8f,11 (2462 MHz),INFORM CS - MODIFY AP CONFIGURATION,RRM,CONFIG_SERVICE,"{Frequency(MHz) Changed=2462 -> 2437}",2019-03-28 20:21
04:bf:6d:5e:12:8c,04:bf:6d:5e:12:8f,11 (2462 MHz),NOISE ALARM DETECTED,RRM,RRM,"{Description=This event is triggered when noise alarm reported by the AP, ap_manufacturer=ZyXEL_EMG2926, alarm message=Noise -69 on channel 2462 Exceeded threshold -70 on AP 04:bf:6d:5e:12:8f}",2019-03-28 20:21
04:bf:6d:5e:12:8c,04:bf:6d:5e:12:8f,1 (2412 MHz),INFORM CS - MODIFY AP CONFIGURATION,RRM,CONFIG_SERVICE,"{Frequency(MHz) Changed=2412 -> 2462}",2019-03-28 20:03
04:bf:6d:5e:12:8c,04:bf:6d:5e:12:8f,1 (2412 MHz),NOISE ALARM DETECTED,RRM,RRM,"{Description=This event is triggered when noise alarm reported by the AP, ap_manufacturer=ZyXEL_EMG2926, alarm message=Noise -50 on channel 2412 Exceeded threshold -70 on AP 04:bf:6d:5e:12:8f}",2019-03-28 20:03
04:bf:6d:5e:12:8c,04:bf:6d:5e:12:8f,11 (2462 MHz),INFORM CS - MODIFY AP CONFIGURATION,RRM,CONFIG_SERVICE,"{Frequency(MHz) Changed=2462 -> 2412}",2019-03-28 20:00
04:bf:6d:5e:12:8c,04:bf:6d:5e:12:8f,11 (2462 MHz),NOISE ALARM DETECTED,RRM,RRM,"{Description=This event is triggered when noise alarm reported by the AP, ap_manufacturer=ZyXEL_EMG2926, alarm message=Noise -70 on channel 2462 Exceeded threshold -70 on AP 04:bf:6d:5e:12:8f}",2019-03-28 20:00
a0:e4:cb:fc:b4:ec,a0:e4:cb:fc:b4:ef,6 (2437 MHz),INFORM CS - MODIFY AP CONFIGURATION,RRM,CONFIG_SERVICE,"{candidateBssList=[{ ""bssid"" : ""a0:e4:cb:fc:b4:ed"" , ""channel"" : 149 , ""bandwidth"" : 80}], deassociateStaList=[c0:bd:d1:7e:1a:7e], frequencySetBy=10}",2019-03-28 19:17
04:bf:6d:5e:11:90,04:bf:6d:5e:11:93,1 (2412 MHz),INFORM CS - MODIFY AP CONFIGURATION,RRM,CONFIG_SERVICE,"{candidateBssList=[{ ""bssid"" : ""04:bf:6d:5e:11:91"" , ""channel"" : 157 , ""bandwidth"" : 80}], deassociateStaList=[f0:98:9d:a3:89:f1], frequencySetBy=10}",2019-03-28 19:16
b8:ec:a3:2f:bd:44,b8:ec:a3:2f:bd:47,1 (2412 MHz),INFORM CS - MODIFY AP CONFIGURATION,RRM,CONFIG_SERVICE,"{candidateBssList=[{ ""bssid"" : ""b8:ec:a3:2f:bd:45"" , ""channel"" : 153 , ""bandwidth"" : 80}], deassociateStaList=[d4:a3:3d:a6:43:3c], frequencySetBy=10}",2019-03-28 18:56
04:bf:6d:5e:12:8c,04:bf:6d:5e:12:8f,1 (2412 MHz),INFORM CS - MODIFY AP CONFIGURATION,RRM,CONFIG_SERVICE,"{Frequency(MHz) Changed=2412 -> 2462}",2019-03-28 18:35
04:bf:6d:5e:12:8c,04:bf:6d:5e:12:8f,1 (2412 MHz),NOISE THRESHOLD EXCEEDED,RRM,RRM,"{Description=This event is triggered when reported noise threshold exceeds the specified threshold below for 2 reporting periods, ownChannelNoiseComputed=-54.5, ap_manufacturer=ZyXEL_EMG2926, noise_jammer_threshold=-70}",2019-03-28 18:35
04:bf:6d:5e:12:8c,04:bf:6d:5e:12:8f,11 (2462 MHz),INFORM CS - MODIFY AP CONFIGURATION,RRM,CONFIG_SERVICE,"{Frequency(MHz) Changed=2462 -> 2412}",2019-03-28 18:32
04:bf:6d:5e:12:8c,04:bf:6d:5e:12:8f,11 (2462 MHz),NOISE ALARM DETECTED,RRM,RRM,"{Description=This event is triggered when noise alarm reported by the AP, ap_manufacturer=ZyXEL_EMG2926, alarm message=Noise -70 on channel 2462 Exceeded threshold -70 on AP 04:bf:6d:5e:12:8f}",2019-03-28 18:32
04:bf:6d:5e:12:8c,04:bf:6d:5e:12:8f,6 (2437 MHz),INFORM CS - MODIFY AP CONFIGURATION,RRM,CONFIG_SERVICE,"{Frequency(MHz) Changed=2437 -> 2462}",2019-03-28 17:32
04:bf:6d:5e:12:8c,04:bf:6d:5e:12:8f,6 (2437 MHz),NOISE THRESHOLD EXCEEDED,RRM,RRM,"{Description=This event is triggered when reported noise threshold exceeds the specified threshold below for 2 reporting periods, ownChannelNoiseComputed=-69.0, ap_manufacturer=ZyXEL_EMG2926, noise_jammer_threshold=-70}",2019-03-28 17:32
04:bf:6d:5e:12:8c,04:bf:6d:5e:12:8f,1 (2412 MHz),INFORM CS - MODIFY AP CONFIGURATION,RRM,CONFIG_SERVICE,"{Frequency(MHz) Changed=2412 -> 2437}",2019-03-28 17:30
04:bf:6d:5e:12:8c,04:bf:6d:5e:12:8f,1 (2412 MHz),NOISE ALARM DETECTED,RRM,RRM,"{Description=This event is triggered when noise alarm reported by the AP, ap_manufacturer=ZyXEL_EMG2926, alarm message=Noise -50 on channel 2412 Exceeded threshold -70 on AP 04:bf:6d:5e:12:8f}",2019-03-28 17:30
04:bf:6d:5e:12:8c,04:bf:6d:5e:12:8f,6 (2437 MHz),INFORM CS - MODIFY AP CONFIGURATION,RRM,CONFIG_SERVICE,"{Frequency(MHz) Changed=2437 -> 2412}",2019-03-28 17:28
04:bf:6d:5e:12:8c,04:bf:6d:5e:12:8f,6 (2437 MHz),NOISE ALARM DETECTED,RRM,RRM,"{Description=This event is triggered when noise alarm reported by the AP, ap_manufacturer=ZyXEL_EMG2926, alarm message=Noise -69 on channel 2437 Exceeded threshold -70 on AP 04:bf:6d:5e:12:8f}",2019-03-28 17:28
b8:ec:a3:2f:bd:74,b8:ec:a3:2f:bd:77,6 (2437 MHz),INFORM CS - MODIFY AP CONFIGURATION,RRM,CONFIG_SERVICE,"{candidateBssList=[{ ""bssid"" : ""b8:ec:a3:2f:bd:75"" , ""channel"" : 153 , ""bandwidth"" : 80}], deassociateStaList=[b4:cd:27:14:1a:79], frequencySetBy=10}",2019-03-28 17:10
b8:ec:a3:2f:bd:7c,b8:ec:a3:2f:bd:7f,11 (2462 MHz),INFORM CS - MODIFY AP CONFIGURATION,RRM,CONFIG_SERVICE,"{candidateBssList=[{ ""bssid"" : ""b8:ec:a3:2f:bd:7d"" , ""channel"" : 157 , ""bandwidth"" : 80}], deassociateStaList=[bc:e1:43:0a:09:04], frequencySetBy=10}",2019-03-28 16:07
04:bf:6d:5e:12:8c,04:bf:6d:5e:12:8f,1 (2412 MHz),INFORM CS - MODIFY AP CONFIGURATION,RRM,CONFIG_SERVICE,"{FrequencySetBy Changed =10 -> 4, Frequency(MHz) Changed=2412 -> 2437}",2019-03-28 15:49
04:bf:6d:5e:12:8c,04:bf:6d:5e:12:8f,1 (2412 MHz),NOISE ALARM DETECTED,RRM,RRM,"{Description=This event is triggered when noise alarm reported by the AP, ap_manufacturer=ZyXEL_EMG2926, alarm message=Noise -70 on channel 2412 Exceeded threshold -70 on AP 04:bf:6d:5e:12:8f}",2019-03-28 15:49
b8:ec:a3:2f:bd:5c,b8:ec:a3:2f:bd:5f,1 (2412 MHz),INFORM CS - MODIFY AP CONFIGURATION,RRM,CONFIG_SERVICE,"{candidateBssList=[{ ""bssid"" : ""b8:ec:a3:2f:bd:5d"" , ""channel"" : 161 , ""bandwidth"" : 80}], deassociateStaList=[8c:f5:a3:cf:a6:39], frequencySetBy=10}",2019-03-28 15:30
04:bf:6d:5e:26:70,04:bf:6d:5e:26:73,1 (2412 MHz),INFORM CS - MODIFY AP CONFIGURATION,RRM,CONFIG_SERVICE,"{candidateBssList=[{ ""bssid"" : ""04:bf:6d:5e:26:71"" , ""channel"" : 153 , ""bandwidth"" : 80}], deassociateStaList=[dc:ef:ca:d6:22:f1], frequencySetBy=10}",2019-03-28 14:05
04:bf:6d:5e:26:71,04:bf:6d:5e:26:73,48 (5240 MHz),INFORM CS - MODIFY AP CONFIGURATION,RRM,CONFIG_SERVICE,"{FrequencySetBy Changed =-1 -> 4, channelSetSelection Changed =3 -> 4, Frequency(MHz) Changed=5240 -> 5765, Transmit Power(dBm) Changed=16.0 -> 22.0}",2019-03-28 14:02
04:bf:6d:5e:26:71,04:bf:6d:5e:26:73,48 (5240 MHz),INITIAL CHANNEL SELECTION,RRM,RRM,"{Description=This event is triggered after AP bootup and sends initial channel metrics, ap_manufacturer=ZyXEL_EMG2926}",2019-03-28 14:02
04:bf:6d:5e:26:70,04:bf:6d:5e:26:73,11 (2462 MHz),INFORM CS - MODIFY AP CONFIGURATION,RRM,CONFIG_SERVICE,"{FrequencySetBy Changed =-1 -> 4, channelSetSelection Changed =3 -> 4, Frequency(MHz) Changed=2462 -> 2412}",2019-03-28 14:02
04:bf:6d:5e:26:70,04:bf:6d:5e:26:73,11 (2462 MHz),INITIAL CHANNEL SELECTION,RRM,RRM,"{Description=This event is triggered after AP bootup and sends initial channel metrics, ap_manufacturer=ZyXEL_EMG2926}",2019-03-28 14:02
04:bf:6d:5e:26:71,04:bf:6d:5e:26:73,48 (5240 MHz),INFORM CS - AP BOOTUP AFTER POWER CYCLE,AP,CONFIG_SERVICE,"No changes",2019-03-28 14:01
04:bf:6d:5e:26:70,04:bf:6d:5e:26:73,11 (2462 MHz),INFORM CS - AP BOOTUP AFTER POWER CYCLE,AP,CONFIG_SERVICE,"No changes",2019-03-28 14:01
04:bf:6d:5e:12:80,04:bf:6d:5e:12:83,1 (2412 MHz),INFORM CS - MODIFY AP CONFIGURATION,RRM,CONFIG_SERVICE,"{candidateBssList=[{ ""bssid"" : ""04:bf:6d:5e:12:81"" , ""channel"" : 149 , ""bandwidth"" : 80}], deassociateStaList=[6c:88:14:c7:98:d8], frequencySetBy=10}",2019-03-28 13:42
b8:ec:a3:2f:bd:2c,b8:ec:a3:2f:bd:2f,1 (2412 MHz),INFORM CS - MODIFY AP CONFIGURATION,RRM,CONFIG_SERVICE,"{candidateBssList=[{ ""bssid"" : ""b8:ec:a3:2f:bd:2d"" , ""channel"" : 157 , ""bandwidth"" : 80}], deassociateStaList=[f0:0f:ec:f8:01:ac], frequencySetBy=10}",2019-03-28 13:26
b8:ec:a3:2f:bd:f8,b8:ec:a3:2f:bd:fb,11 (2462 MHz),INFORM CS - MODIFY AP CONFIGURATION,RRM,CONFIG_SERVICE,"{candidateBssList=[{ ""bssid"" : ""b8:ec:a3:2f:bd:f9"" , ""channel"" : 149 , ""bandwidth"" : 80}], deassociateStaList=[94:65:2d:82:4f:8d], frequencySetBy=10}",2019-03-28 12:52
04:bf:6d:5e:12:70,04:bf:6d:5e:12:73,1 (2412 MHz),INFORM CS - MODIFY AP CONFIGURATION,RRM,CONFIG_SERVICE,"{candidateBssList=[{ ""bssid"" : ""04:bf:6d:5e:12:71"" , ""channel"" : 153 , ""bandwidth"" : 80}], deassociateStaList=[88:66:a5:ba:5b:1b], frequencySetBy=10}",2019-03-28 12:46
04:bf:6d:5e:11:90,04:bf:6d:5e:11:93,1 (2412 MHz),INFORM CS - MODIFY AP CONFIGURATION,RRM,CONFIG_SERVICE,"{candidateBssList=[{ ""bssid"" : ""04:bf:6d:5e:11:91"" , ""channel"" : 157 , ""bandwidth"" : 80}], deassociateStaList=[f0:98:9d:a3:89:f1], frequencySetBy=10}",2019-03-28 12:27
04:bf:6d:5e:11:79,04:bf:6d:5e:11:7b,48 (5240 MHz),INFORM CS - MODIFY AP CONFIGURATION,RRM,CONFIG_SERVICE,"{FrequencySetBy Changed =-1 -> 4, channelSetSelection Changed =3 -> 4, Frequency(MHz) Changed=5240 -> 5785, Transmit Power(dBm) Changed=16.0 -> 22.0}",2019-03-28 12:19
04:bf:6d:5e:11:79,04:bf:6d:5e:11:7b,48 (5240 MHz),INITIAL CHANNEL SELECTION,RRM,RRM,"{Description=This event is triggered after AP bootup and sends initial channel metrics, ap_manufacturer=ZyXEL_EMG2926}",2019-03-28 12:19
04:bf:6d:5e:11:78,04:bf:6d:5e:11:7b,1 (2412 MHz),INFORM CS - MODIFY AP CONFIGURATION,RRM,CONFIG_SERVICE,"{channelSetSelection Changed =3 -> 4}",2019-03-28 12:19
04:bf:6d:5e:11:78,04:bf:6d:5e:11:7b,1 (2412 MHz),INITIAL CHANNEL SELECTION,RRM,RRM,"{Description=This event is triggered after AP bootup and sends initial channel metrics, ap_manufacturer=ZyXEL_EMG2926}",2019-03-28 12:19
04:bf:6d:5e:11:79,04:bf:6d:5e:11:7b,48 (5240 MHz),INFORM CS - AP BOOTUP AFTER POWER CYCLE,AP,CONFIG_SERVICE,"No changes",2019-03-28 12:19
04:bf:6d:5e:11:78,04:bf:6d:5e:11:7b,1 (2412 MHz),INFORM CS - AP BOOTUP AFTER POWER CYCLE,AP,CONFIG_SERVICE,"No changes",2019-03-28 12:19
04:bf:6d:5e:11:8c,04:bf:6d:5e:11:8f,6 (2437 MHz),INFORM CS - MODIFY AP CONFIGURATION,RRM,CONFIG_SERVICE,"{candidateBssList=[{ ""bssid"" : ""04:bf:6d:5e:11:8d"" , ""channel"" : 48 , ""bandwidth"" : 80}], deassociateStaList=[c0:a6:00:02:f4:31], frequencySetBy=10}",2019-03-28 12:17
04:bf:6d:5e:11:78,04:bf:6d:5e:11:7b,1 (2412 MHz),INFORM CS - MODIFY AP CONFIGURATION,RRM,CONFIG_SERVICE,"{candidateBssList=[{ ""bssid"" : ""04:bf:6d:5e:11:79"" , ""channel"" : 48 , ""bandwidth"" : 80}], deassociateStaList=[78:31:c1:b8:ee:5c], frequencySetBy=10}",2019-03-28 11:59
04:bf:6d:5e:11:79,04:bf:6d:5e:11:7b,48 (5240 MHz),INFORM CS - MODIFY AP CONFIGURATION,RRM,CONFIG_SERVICE,"{FrequencySetBy Changed =-1 -> 4, channelSetSelection Changed =3 -> 4, Frequency(MHz) Changed=5240 -> 5765, Transmit Power(dBm) Changed=16.0 -> 22.0}",2019-03-28 11:58
04:bf:6d:5e:11:79,04:bf:6d:5e:11:7b,48 (5240 MHz),INITIAL CHANNEL SELECTION,RRM,RRM,"{Description=This event is triggered after AP bootup and sends initial channel metrics, ap_manufacturer=ZyXEL_EMG2926}",2019-03-28 11:58
04:bf:6d:5e:11:78,04:bf:6d:5e:11:7b,1 (2412 MHz),INFORM CS - MODIFY AP CONFIGURATION,RRM,CONFIG_SERVICE,"{channelSetSelection Changed =3 -> 4}",2019-03-28 11:58
04:bf:6d:5e:11:78,04:bf:6d:5e:11:7b,1 (2412 MHz),INITIAL CHANNEL SELECTION,RRM,RRM,"{Description=This event is triggered after AP bootup and sends initial channel metrics, ap_manufacturer=ZyXEL_EMG2926}",2019-03-28 11:58
04:bf:6d:5e:11:79,04:bf:6d:5e:11:7b,48 (5240 MHz),INFORM CS - AP BOOTUP AFTER POWER CYCLE,AP,CONFIG_SERVICE,"No changes",2019-03-28 11:58
04:bf:6d:5e:11:78,04:bf:6d:5e:11:7b,1 (2412 MHz),INFORM CS - AP BOOTUP AFTER POWER CYCLE,AP,CONFIG_SERVICE,"No changes",2019-03-28 11:58
04:bf:6d:5e:11:79,04:bf:6d:5e:11:7b,36 (5180 MHz),INFORM CS - MODIFY AP CONFIGURATION,RRM,CONFIG_SERVICE,"{FrequencySetBy Changed =-1 -> 4, channelSetSelection Changed =3 -> 4, Frequency(MHz) Changed=5180 -> 5765, Transmit Power(dBm) Changed=16.0 -> 22.0}",2019-03-28 11:39
04:bf:6d:5e:11:79,04:bf:6d:5e:11:7b,36 (5180 MHz),INITIAL CHANNEL SELECTION,RRM,RRM,"{Description=This event is triggered after AP bootup and sends initial channel metrics, ap_manufacturer=ZyXEL_EMG2926}",2019-03-28 11:39
04:bf:6d:5e:11:78,04:bf:6d:5e:11:7b,1 (2412 MHz),INFORM CS - MODIFY AP CONFIGURATION,RRM,CONFIG_SERVICE,"{FrequencySetBy Changed =-1 -> 4, channelSetSelection Changed =3 -> 4, Frequency(MHz) Changed=2412 -> 2437}",2019-03-28 11:39
04:bf:6d:5e:11:78,04:bf:6d:5e:11:7b,1 (2412 MHz),INITIAL CHANNEL SELECTION,RRM,RRM,"{Description=This event is triggered after AP bootup and sends initial channel metrics, ap_manufacturer=ZyXEL_EMG2926}",2019-03-28 11:39
04:bf:6d:5e:11:79,04:bf:6d:5e:11:7b,36 (5180 MHz),INFORM CS - AP BOOTUP AFTER POWER CYCLE,AP,CONFIG_SERVICE,"No changes",2019-03-28 11:38
04:bf:6d:5e:11:78,04:bf:6d:5e:11:7b,1 (2412 MHz),INFORM CS - AP BOOTUP AFTER POWER CYCLE,AP,CONFIG_SERVICE,"No changes",2019-03-28 11:38
04:bf:6d:5e:12:8c,04:bf:6d:5e:12:8f,1 (2412 MHz),INFORM CS - MODIFY AP CONFIGURATION,RRM,CONFIG_SERVICE,"{candidateBssList=[{ ""bssid"" : ""04:bf:6d:5e:12:8d"" , ""channel"" : 149 , ""bandwidth"" : 80}], deassociateStaList=[2c:0e:3d:95:a6:4e], frequencySetBy=10}",2019-03-28 11:22
04:bf:6d:5e:11:78,04:bf:6d:5e:11:7b,6 (2437 MHz),INFORM CS - MODIFY AP CONFIGURATION,RRM,CONFIG_SERVICE,"{candidateBssList=[{ ""bssid"" : ""04:bf:6d:5e:11:79"" , ""channel"" : 48 , ""bandwidth"" : 80}], deassociateStaList=[e4:ce:8f:04:cb:ee, 78:31:c1:b8:ee:5c], frequencySetBy=10}",2019-03-28 11:21
04:bf:6d:5e:11:79,04:bf:6d:5e:11:7b,48 (5240 MHz),INFORM CS - MODIFY AP CONFIGURATION,RRM,CONFIG_SERVICE,"{FrequencySetBy Changed =-1 -> 4, channelSetSelection Changed =3 -> 4, Frequency(MHz) Changed=5240 -> 5765, Transmit Power(dBm) Changed=16.0 -> 22.0}",2019-03-28 11:21
04:bf:6d:5e:11:79,04:bf:6d:5e:11:7b,48 (5240 MHz),INITIAL CHANNEL SELECTION,RRM,RRM,"{Description=This event is triggered after AP bootup and sends initial channel metrics, ap_manufacturer=ZyXEL_EMG2926}",2019-03-28 11:21
04:bf:6d:5e:11:78,04:bf:6d:5e:11:7b,6 (2437 MHz),INFORM CS - MODIFY AP CONFIGURATION,RRM,CONFIG_SERVICE,"{channelSetSelection Changed =3 -> 4}",2019-03-28 11:21
04:bf:6d:5e:11:78,04:bf:6d:5e:11:7b,6 (2437 MHz),INITIAL CHANNEL SELECTION,RRM,RRM,"{Description=This event is triggered after AP bootup and sends initial channel metrics, ap_manufacturer=ZyXEL_EMG2926}",2019-03-28 11:21
04:bf:6d:5e:11:79,04:bf:6d:5e:11:7b,48 (5240 MHz),INFORM CS - AP BOOTUP AFTER POWER CYCLE,AP,CONFIG_SERVICE,"No changes",2019-03-28 11:20
04:bf:6d:5e:11:78,04:bf:6d:5e:11:7b,6 (2437 MHz),INFORM CS - AP BOOTUP AFTER POWER CYCLE,AP,CONFIG_SERVICE,"No changes",2019-03-28 11:20
04:bf:6d:5e:11:79,04:bf:6d:5e:11:7b,48 (5240 MHz),INFORM CS - MODIFY AP CONFIGURATION,RRM,CONFIG_SERVICE,"{FrequencySetBy Changed =-1 -> 4, channelSetSelection Changed =3 -> 4, Frequency(MHz) Changed=5240 -> 5765, Transmit Power(dBm) Changed=16.0 -> 22.0}",2019-03-28 11:11
04:bf:6d:5e:11:79,04:bf:6d:5e:11:7b,48 (5240 MHz),INITIAL CHANNEL SELECTION,RRM,RRM,"{Description=This event is triggered after AP bootup and sends initial channel metrics, ap_manufacturer=ZyXEL_EMG2926}",2019-03-28 11:11
04:bf:6d:5e:11:78,04:bf:6d:5e:11:7b,6 (2437 MHz),INFORM CS - MODIFY AP CONFIGURATION,RRM,CONFIG_SERVICE,"{channelSetSelection Changed =3 -> 4}",2019-03-28 11:11
04:bf:6d:5e:11:78,04:bf:6d:5e:11:7b,6 (2437 MHz),INITIAL CHANNEL SELECTION,RRM,RRM,"{Description=This event is triggered after AP bootup and sends initial channel metrics, ap_manufacturer=ZyXEL_EMG2926}",2019-03-28 11:11
04:bf:6d:5e:11:79,04:bf:6d:5e:11:7b,48 (5240 MHz),INFORM CS - AP BOOTUP AFTER POWER CYCLE,AP,CONFIG_SERVICE,"No changes",2019-03-28 11:10
04:bf:6d:5e:11:78,04:bf:6d:5e:11:7b,6 (2437 MHz),INFORM CS - AP BOOTUP AFTER POWER CYCLE,AP,CONFIG_SERVICE,"No changes",2019-03-28 11:10
b8:ec:a3:2f:bd:38,b8:ec:a3:2f:bd:3b,6 (2437 MHz),INFORM CS - MODIFY AP CONFIGURATION,RRM,CONFIG_SERVICE,"{candidateBssList=[{ ""bssid"" : ""b8:ec:a3:2f:bd:39"" , ""channel"" : 149 , ""bandwidth"" : 80}], deassociateStaList=[c0:ee:fb:dd:2f:ed], frequencySetBy=10}",2019-03-28 08:16
04:bf:6d:5e:12:98,04:bf:6d:5e:12:9b,11 (2462 MHz),INFORM CS - MODIFY AP CONFIGURATION,RRM,CONFIG_SERVICE,"{candidateBssList=[{ ""bssid"" : ""04:bf:6d:5e:12:99"" , ""channel"" : 44 , ""bandwidth"" : 80}], deassociateStaList=[c0:ee:fb:dd:2f:ed], frequencySetBy=10}",2019-03-28 08:09
04:bf:6d:5e:12:8c,04:bf:6d:5e:12:8f,6 (2437 MHz),INFORM CS - MODIFY AP CONFIGURATION,RRM,CONFIG_SERVICE,"{Frequency(MHz) Changed=2437 -> 2412}",2019-03-28 08:05
04:bf:6d:5e:12:8c,04:bf:6d:5e:12:8f,6 (2437 MHz),NOISE THRESHOLD EXCEEDED,RRM,RRM,"{Description=This event is triggered when reported noise threshold exceeds the specified threshold below for 2 reporting periods, ownChannelNoiseComputed=-66.5, ap_manufacturer=ZyXEL_EMG2926, noise_jammer_threshold=-70}",2019-03-28 08:05
04:bf:6d:5e:12:8c,04:bf:6d:5e:12:8f,1 (2412 MHz),INFORM CS - MODIFY AP CONFIGURATION,RRM,CONFIG_SERVICE,"{Frequency(MHz) Changed=2412 -> 2437}",2019-03-28 08:03
04:bf:6d:5e:12:8c,04:bf:6d:5e:12:8f,1 (2412 MHz),NOISE ALARM DETECTED,RRM,RRM,"{Description=This event is triggered when noise alarm reported by the AP, ap_manufacturer=ZyXEL_EMG2926, alarm message=Noise -50 on channel 2412 Exceeded threshold -70 on AP 04:bf:6d:5e:12:8f}",2019-03-28 08:03
04:bf:6d:5e:12:8c,04:bf:6d:5e:12:8f,6 (2437 MHz),INFORM CS - MODIFY AP CONFIGURATION,RRM,CONFIG_SERVICE,"{Frequency(MHz) Changed=2437 -> 2412}",2019-03-28 08:01
04:bf:6d:5e:12:8c,04:bf:6d:5e:12:8f,6 (2437 MHz),NOISE THRESHOLD EXCEEDED,RRM,RRM,"{Description=This event is triggered when reported noise threshold exceeds the specified threshold below for 2 reporting periods, ownChannelNoiseComputed=-66.25, ap_manufacturer=ZyXEL_EMG2926, noise_jammer_threshold=-70}",2019-03-28 08:01
04:bf:6d:5e:12:8c,04:bf:6d:5e:12:8f,1 (2412 MHz),INFORM CS - MODIFY AP CONFIGURATION,RRM,CONFIG_SERVICE,"{Frequency(MHz) Changed=2412 -> 2437}",2019-03-28 07:59
04:bf:6d:5e:12:8c,04:bf:6d:5e:12:8f,1 (2412 MHz),NOISE ALARM DETECTED,RRM,RRM,"{Description=This event is triggered when noise alarm reported by the AP, ap_manufacturer=ZyXEL_EMG2926, alarm message=Noise -50 on channel 2412 Exceeded threshold -70 on AP 04:bf:6d:5e:12:8f}",2019-03-28 07:59
04:bf:6d:5e:12:8c,04:bf:6d:5e:12:8f,6 (2437 MHz),INFORM CS - MODIFY AP CONFIGURATION,RRM,CONFIG_SERVICE,"{Frequency(MHz) Changed=2437 -> 2412}",2019-03-28 07:56
04:bf:6d:5e:12:8c,04:bf:6d:5e:12:8f,6 (2437 MHz),NOISE THRESHOLD EXCEEDED,RRM,RRM,"{Description=This event is triggered when reported noise threshold exceeds the specified threshold below for 2 reporting periods, ownChannelNoiseComputed=-61.6, ap_manufacturer=ZyXEL_EMG2926, noise_jammer_threshold=-70}",2019-03-28 07:56
04:bf:6d:5e:12:8c,04:bf:6d:5e:12:8f,1 (2412 MHz),INFORM CS - MODIFY AP CONFIGURATION,RRM,CONFIG_SERVICE,"{Frequency(MHz) Changed=2412 -> 2437}",2019-03-28 07:54
04:bf:6d:5e:12:8c,04:bf:6d:5e:12:8f,1 (2412 MHz),NOISE ALARM DETECTED,RRM,RRM,"{Description=This event is triggered when noise alarm reported by the AP, ap_manufacturer=ZyXEL_EMG2926, alarm message=Noise -50 on channel 2412 Exceeded threshold -70 on AP 04:bf:6d:5e:12:8f}",2019-03-28 07:54
04:bf:6d:5e:12:8c,04:bf:6d:5e:12:8f,11 (2462 MHz),INFORM CS - MODIFY AP CONFIGURATION,RRM,CONFIG_SERVICE,"{FrequencySetBy Changed =10 -> 4, Frequency(MHz) Changed=2462 -> 2412}",2019-03-28 07:51
04:bf:6d:5e:12:8c,04:bf:6d:5e:12:8f,11 (2462 MHz),NOISE ALARM DETECTED,RRM,RRM,"{Description=This event is triggered when noise alarm reported by the AP, ap_manufacturer=ZyXEL_EMG2926, alarm message=Noise -69 on channel 2462 Exceeded threshold -70 on AP 04:bf:6d:5e:12:8f}",2019-03-28 07:51
b8:ec:a3:2f:bd:38,b8:ec:a3:2f:bd:3b,6 (2437 MHz),INFORM CS - MODIFY AP CONFIGURATION,RRM,CONFIG_SERVICE,"{candidateBssList=[{ ""bssid"" : ""b8:ec:a3:2f:bd:39"" , ""channel"" : 149 , ""bandwidth"" : 80}], deassociateStaList=[c0:ee:fb:dd:2f:ed], frequencySetBy=10}",2019-03-28 07:40
04:bf:6d:5e:12:70,04:bf:6d:5e:12:73,1 (2412 MHz),INFORM CS - MODIFY AP CONFIGURATION,RRM,CONFIG_SERVICE,"{candidateBssList=[{ ""bssid"" : ""04:bf:6d:5e:12:71"" , ""channel"" : 153 , ""bandwidth"" : 80}], deassociateStaList=[54:b1:21:d4:37:2c], frequencySetBy=10}",2019-03-28 05:09
b8:ec:a3:2f:bd:34,b8:ec:a3:2f:bd:37,6 (2437 MHz),INFORM CS - MODIFY AP CONFIGURATION,RRM,CONFIG_SERVICE,"{candidateBssList=[{ ""bssid"" : ""b8:ec:a3:2f:bd:35"" , ""channel"" : 149 , ""bandwidth"" : 80}], deassociateStaList=[54:b1:21:d4:37:2c], frequencySetBy=10}",2019-03-28 04:33
b8:ec:a3:2f:bd:34,b8:ec:a3:2f:bd:37,6 (2437 MHz),INFORM CS - MODIFY AP CONFIGURATION,RRM,CONFIG_SERVICE,"{candidateBssList=[{ ""bssid"" : ""b8:ec:a3:2f:bd:35"" , ""channel"" : 149 , ""bandwidth"" : 80}], deassociateStaList=[54:b1:21:d4:37:2c], frequencySetBy=10}",2019-03-28 04:30
b8:ec:a3:2f:bd:30,b8:ec:a3:2f:bd:33,11 (2462 MHz),INFORM CS - MODIFY AP CONFIGURATION,RRM,CONFIG_SERVICE,"{candidateBssList=[{ ""bssid"" : ""b8:ec:a3:2f:bd:31"" , ""channel"" : 153 , ""bandwidth"" : 80}], deassociateStaList=[48:4b:aa:af:cb:19], frequencySetBy=10}",2019-03-28 03:19












