

Historical Alarms - Detailed Log
ap,apId,apName,entity,category,severity,message,deviceType,createdTime,updatedTime,ackBy,ackTime
04:bf:6d:5e:11:7b,8108662df1b804bf6d5e117b,AP-SYNCHRO,04:bf:6d:5e:11:7b/pollingTimeout,pollingTimeout,CRITICAL,AP 04:bf:6d:5e:11:7b Connection Lost more than 10 minutes CRITICAL Severity Message},AP,1553562820678,-1,,-1
04:bf:6d:5e:11:7b,8108662df1b804bf6d5e117b,AP-SYNCHRO,04:bf:6d:5e:11:7b/pollingTimeout,pollingTimeout,MAJOR,AP 04:bf:6d:5e:11:7b Connection Lost more than 5 minutes MAJOR Severity Message},AP,1553562550676,-1,,-1
04:bf:6d:5e:11:7b,8108662df1b804bf6d5e117b,AP-SYNCHRO,04:bf:6d:5e:11:7b/pollingTimeout,pollingTimeout,CLEAR,AP b8:ec:a3:2f:bd:73 Connection Lost CLEAR Severity Message,AP,1553560030676,-1,,-1
04:bf:6d:5e:11:7b,8108662df1b804bf6d5e117b,AP-SYNCHRO,04:bf:6d:5e:11:7b/pollingTimeout,pollingTimeout,MAJOR,AP 04:bf:6d:5e:11:7b Connection Lost more than 5 minutes MAJOR Severity Message},AP,1553559760676,-1,,-1
04:bf:6d:5e:11:7b,8108662df1b804bf6d5e117b,AP-SYNCHRO,04:bf:6d:5e:11:7b/pollingTimeout,pollingTimeout,CLEAR,AP b8:ec:a3:2f:bd:73 Connection Lost CLEAR Severity Message,AP,1553552110676,-1,,-1
04:bf:6d:5e:11:87,8108662df1b804bf6d5e1187,AP-4131,04:bf:6d:5e:11:87/pollingTimeout,pollingTimeout,CLEAR,AP b8:ec:a3:2f:bd:73 Connection Lost CLEAR Severity Message,AP,1553536540697,-1,,-1
b8:ec:a3:2f:bd:6b,8108662df1b8b8eca32fbd6b,AP-4328,b8:ec:a3:2f:bd:6b/pollingTimeout,pollingTimeout,CRITICAL,AP b8:ec:a3:2f:bd:6b Connection Lost more than 10 minutes CRITICAL Severity Message},AP,1553536540691,-1,,-1
04:bf:6d:5e:26:7f,8108662df1b804bf6d5e267f,AP-4834,04:bf:6d:5e:26:7f/pollingTimeout,pollingTimeout,CRITICAL,AP 04:bf:6d:5e:26:7f Connection Lost more than 10 minutes CRITICAL Severity Message},AP,1553536540688,-1,,-1
04:bf:6d:5e:11:7f,8108662df1b804bf6d5e117f,AP-4120,04:bf:6d:5e:11:7f/pollingTimeout,pollingTimeout,CRITICAL,AP 04:bf:6d:5e:11:7f Connection Lost more than 10 minutes CRITICAL Severity Message},AP,1553536540685,-1,,-1
04:bf:6d:5e:11:87,8108662df1b804bf6d5e1187,AP-4131,04:bf:6d:5e:11:87/pollingTimeout,pollingTimeout,MAJOR,AP 04:bf:6d:5e:11:87 Connection Lost more than 5 minutes MAJOR Severity Message},AP,1553536180691,-1,,-1
b8:ec:a3:2f:bd:6b,8108662df1b8b8eca32fbd6b,AP-4328,b8:ec:a3:2f:bd:6b/pollingTimeout,pollingTimeout,MAJOR,AP b8:ec:a3:2f:bd:6b Connection Lost more than 5 minutes MAJOR Severity Message},AP,1553536180689,-1,,-1
04:bf:6d:5e:26:7f,8108662df1b804bf6d5e267f,AP-4834,04:bf:6d:5e:26:7f/pollingTimeout,pollingTimeout,MAJOR,AP 04:bf:6d:5e:26:7f Connection Lost more than 5 minutes MAJOR Severity Message},AP,1553536180687,-1,,-1
04:bf:6d:5e:11:7f,8108662df1b804bf6d5e117f,AP-4120,04:bf:6d:5e:11:7f/pollingTimeout,pollingTimeout,MAJOR,AP 04:bf:6d:5e:11:7f Connection Lost more than 5 minutes MAJOR Severity Message},AP,1553536180681,-1,,-1
04:bf:6d:5e:26:7b,8108662df1b804bf6d5e267b,AP-4831,04:bf:6d:5e:26:7b/noiseInterference2G,noiseInterference2G,CLEAR,All High Noise Interference Alarms handled. Alarm Severity Modified to CLEAR By RRM,,1553532147767,-1,,-1
04:bf:6d:5e:26:7b,8108662df1b804bf6d5e267b,AP-4831,04:bf:6d:5e:26:7b/noiseInterference2G,noiseInterference2G,MINOR,Noise -50 on channel 2437 Exceeded threshold -70 on AP 04:bf:6d:5e:26:7b,,1553532114103,-1,,-1
04:bf:6d:5e:26:7b,8108662df1b804bf6d5e267b,AP-4831,04:bf:6d:5e:26:7b/noiseInterference2G,noiseInterference2G,CLEAR,All High Noise Interference Alarms handled. Alarm Severity Modified to CLEAR By RRM,,1553532027749,-1,,-1
04:bf:6d:5e:26:7b,8108662df1b804bf6d5e267b,AP-4831,04:bf:6d:5e:26:7b/noiseInterference2G,noiseInterference2G,MINOR,Noise -69 on channel 2412 Exceeded threshold -70 on AP 04:bf:6d:5e:26:7b,,1553531994038,-1,,-1
04:bf:6d:5e:26:7b,8108662df1b804bf6d5e267b,AP-4831,04:bf:6d:5e:26:7b/noiseInterference2G,noiseInterference2G,CLEAR,All High Noise Interference Alarms handled. Alarm Severity Modified to CLEAR By RRM,,1553531217745,-1,,-1
04:bf:6d:5e:26:7b,8108662df1b804bf6d5e267b,AP-4831,04:bf:6d:5e:26:7b/noiseInterference2G,noiseInterference2G,MINOR,Noise -70 on channel 2437 Exceeded threshold -70 on AP 04:bf:6d:5e:26:7b,,1553531176907,-1,,-1
04:bf:6d:5e:26:7b,8108662df1b804bf6d5e267b,AP-4831,04:bf:6d:5e:26:7b/noiseInterference2G,noiseInterference2G,CLEAR,All High Noise Interference Alarms handled. Alarm Severity Modified to CLEAR By RRM,,1553530467761,-1,,-1
04:bf:6d:5e:26:7b,8108662df1b804bf6d5e267b,AP-4831,04:bf:6d:5e:26:7b/noiseInterference2G,noiseInterference2G,MINOR,Noise -70 on channel 2462 Exceeded threshold -70 on AP 04:bf:6d:5e:26:7b,,1553530421222,-1,,-1










