dateTime,baseConfig,enabled,id,name,rrmConfig
2019-03-25 00:45:01,0,,00000000-0000-0000-0000-000000000000,Default ClusterConfig,False
2019-03-25 00:45:01,0,,00000000-0000-0000-0000-0000balanced,Balanced,False
2019-03-25 00:45:01,2,,00000000-0000-0000-0000-00aggressive,Aggressive,False
2019-03-25 00:45:01,1,,00000000-0000-0000-0000-conservative,Conservative,False
2019-03-25 01:45:01,0,,00000000-0000-0000-0000-000000000000,Default ClusterConfig,False
2019-03-25 01:45:01,0,,00000000-0000-0000-0000-0000balanced,Balanced,False
2019-03-25 01:45:01,2,,00000000-0000-0000-0000-00aggressive,Aggressive,False
2019-03-25 01:45:01,1,,00000000-0000-0000-0000-conservative,Conservative,False
2019-03-25 02:45:02,0,,00000000-0000-0000-0000-000000000000,Default ClusterConfig,False
2019-03-25 02:45:02,0,,00000000-0000-0000-0000-0000balanced,Balanced,False
2019-03-25 02:45:02,2,,00000000-0000-0000-0000-00aggressive,Aggressive,False
2019-03-25 02:45:02,1,,00000000-0000-0000-0000-conservative,Conservative,False
2019-03-25 03:45:01,0,,00000000-0000-0000-0000-000000000000,Default ClusterConfig,False
2019-03-25 03:45:01,0,,00000000-0000-0000-0000-0000balanced,Balanced,False
2019-03-25 03:45:01,2,,00000000-0000-0000-0000-00aggressive,Aggressive,False
2019-03-25 03:45:01,1,,00000000-0000-0000-0000-conservative,Conservative,False
2019-03-25 04:45:01,0,,00000000-0000-0000-0000-000000000000,Default ClusterConfig,False
2019-03-25 04:45:01,0,,00000000-0000-0000-0000-0000balanced,Balanced,False
2019-03-25 04:45:01,2,,00000000-0000-0000-0000-00aggressive,Aggressive,False
2019-03-25 04:45:01,1,,00000000-0000-0000-0000-conservative,Conservative,False
2019-03-25 05:45:01,0,,00000000-0000-0000-0000-000000000000,Default ClusterConfig,False
2019-03-25 05:45:01,0,,00000000-0000-0000-0000-0000balanced,Balanced,False
2019-03-25 05:45:01,2,,00000000-0000-0000-0000-00aggressive,Aggressive,False
2019-03-25 05:45:01,1,,00000000-0000-0000-0000-conservative,Conservative,False
2019-03-25 06:45:01,0,,00000000-0000-0000-0000-000000000000,Default ClusterConfig,False
2019-03-25 06:45:01,0,,00000000-0000-0000-0000-0000balanced,Balanced,False
2019-03-25 06:45:01,2,,00000000-0000-0000-0000-00aggressive,Aggressive,False
2019-03-25 06:45:01,1,,00000000-0000-0000-0000-conservative,Conservative,False
2019-03-25 07:45:02,0,,00000000-0000-0000-0000-000000000000,Default ClusterConfig,False
2019-03-25 07:45:02,0,,00000000-0000-0000-0000-0000balanced,Balanced,False
2019-03-25 07:45:02,2,,00000000-0000-0000-0000-00aggressive,Aggressive,False
2019-03-25 07:45:02,1,,00000000-0000-0000-0000-conservative,Conservative,False
2019-03-25 08:45:01,0,,00000000-0000-0000-0000-000000000000,Default ClusterConfig,False
2019-03-25 08:45:01,0,,00000000-0000-0000-0000-0000balanced,Balanced,False
2019-03-25 08:45:01,2,,00000000-0000-0000-0000-00aggressive,Aggressive,False
2019-03-25 08:45:01,1,,00000000-0000-0000-0000-conservative,Conservative,False
2019-03-25 09:45:01,0,,00000000-0000-0000-0000-000000000000,Default ClusterConfig,False
2019-03-25 09:45:01,0,,00000000-0000-0000-0000-0000balanced,Balanced,False
2019-03-25 09:45:01,2,,00000000-0000-0000-0000-00aggressive,Aggressive,False
2019-03-25 09:45:01,1,,00000000-0000-0000-0000-conservative,Conservative,False
2019-03-25 10:45:02,0,,00000000-0000-0000-0000-000000000000,Default ClusterConfig,False
2019-03-25 10:45:02,0,,00000000-0000-0000-0000-0000balanced,Balanced,False
2019-03-25 10:45:02,2,,00000000-0000-0000-0000-00aggressive,Aggressive,False
2019-03-25 10:45:02,1,,00000000-0000-0000-0000-conservative,Conservative,False
2019-03-25 11:45:02,0,,00000000-0000-0000-0000-000000000000,Default ClusterConfig,False
2019-03-25 11:45:02,0,,00000000-0000-0000-0000-0000balanced,Balanced,False
2019-03-25 11:45:02,2,,00000000-0000-0000-0000-00aggressive,Aggressive,False
2019-03-25 11:45:02,1,,00000000-0000-0000-0000-conservative,Conservative,False
2019-03-25 12:45:02,0,,00000000-0000-0000-0000-000000000000,Default ClusterConfig,False
2019-03-25 12:45:02,0,,00000000-0000-0000-0000-0000balanced,Balanced,False
2019-03-25 12:45:02,2,,00000000-0000-0000-0000-00aggressive,Aggressive,False
2019-03-25 12:45:02,1,,00000000-0000-0000-0000-conservative,Conservative,False
2019-03-25 13:45:02,0,,00000000-0000-0000-0000-000000000000,Default ClusterConfig,False
2019-03-25 13:45:02,0,,00000000-0000-0000-0000-0000balanced,Balanced,False
2019-03-25 13:45:02,2,,00000000-0000-0000-0000-00aggressive,Aggressive,False
2019-03-25 13:45:02,1,,00000000-0000-0000-0000-conservative,Conservative,False
2019-03-25 14:45:01,0,,00000000-0000-0000-0000-000000000000,Default ClusterConfig,False
2019-03-25 14:45:01,0,,00000000-0000-0000-0000-0000balanced,Balanced,False
2019-03-25 14:45:01,2,,00000000-0000-0000-0000-00aggressive,Aggressive,False
2019-03-25 14:45:01,1,,00000000-0000-0000-0000-conservative,Conservative,False
2019-03-25 15:45:01,0,,00000000-0000-0000-0000-000000000000,Default ClusterConfig,False
2019-03-25 15:45:01,0,,00000000-0000-0000-0000-0000balanced,Balanced,False
2019-03-25 15:45:01,2,,00000000-0000-0000-0000-00aggressive,Aggressive,False
2019-03-25 15:45:01,1,,00000000-0000-0000-0000-conservative,Conservative,False
2019-03-25 16:45:01,0,,00000000-0000-0000-0000-000000000000,Default ClusterConfig,False
2019-03-25 16:45:01,0,,00000000-0000-0000-0000-0000balanced,Balanced,False
2019-03-25 16:45:01,2,,00000000-0000-0000-0000-00aggressive,Aggressive,False
2019-03-25 16:45:01,1,,00000000-0000-0000-0000-conservative,Conservative,False
2019-03-25 17:45:01,0,,00000000-0000-0000-0000-000000000000,Default ClusterConfig,False
2019-03-25 17:45:01,0,,00000000-0000-0000-0000-0000balanced,Balanced,False
2019-03-25 17:45:01,2,,00000000-0000-0000-0000-00aggressive,Aggressive,False
2019-03-25 17:45:01,1,,00000000-0000-0000-0000-conservative,Conservative,False
2019-03-25 18:45:01,0,,00000000-0000-0000-0000-000000000000,Default ClusterConfig,False
2019-03-25 18:45:01,0,,00000000-0000-0000-0000-0000balanced,Balanced,False
2019-03-25 18:45:01,2,,00000000-0000-0000-0000-00aggressive,Aggressive,False
2019-03-25 18:45:01,1,,00000000-0000-0000-0000-conservative,Conservative,False
2019-03-25 19:45:01,0,,00000000-0000-0000-0000-000000000000,Default ClusterConfig,False
2019-03-25 19:45:01,0,,00000000-0000-0000-0000-0000balanced,Balanced,False
2019-03-25 19:45:01,2,,00000000-0000-0000-0000-00aggressive,Aggressive,False
2019-03-25 19:45:01,1,,00000000-0000-0000-0000-conservative,Conservative,False
2019-03-25 20:45:01,0,,00000000-0000-0000-0000-000000000000,Default ClusterConfig,False
2019-03-25 20:45:01,0,,00000000-0000-0000-0000-0000balanced,Balanced,False
2019-03-25 20:45:01,2,,00000000-0000-0000-0000-00aggressive,Aggressive,False
2019-03-25 20:45:01,1,,00000000-0000-0000-0000-conservative,Conservative,False
2019-03-25 21:45:02,0,,00000000-0000-0000-0000-000000000000,Default ClusterConfig,False
2019-03-25 21:45:02,0,,00000000-0000-0000-0000-0000balanced,Balanced,False
2019-03-25 21:45:02,2,,00000000-0000-0000-0000-00aggressive,Aggressive,False
2019-03-25 21:45:02,1,,00000000-0000-0000-0000-conservative,Conservative,False
2019-03-25 22:45:01,0,,00000000-0000-0000-0000-000000000000,Default ClusterConfig,False
2019-03-25 22:45:01,0,,00000000-0000-0000-0000-0000balanced,Balanced,False
2019-03-25 22:45:01,2,,00000000-0000-0000-0000-00aggressive,Aggressive,False
2019-03-25 22:45:01,1,,00000000-0000-0000-0000-conservative,Conservative,False
2019-03-25 23:45:02,0,,00000000-0000-0000-0000-000000000000,Default ClusterConfig,False
2019-03-25 23:45:02,0,,00000000-0000-0000-0000-0000balanced,Balanced,False
2019-03-25 23:45:02,2,,00000000-0000-0000-0000-00aggressive,Aggressive,False
2019-03-25 23:45:02,1,,00000000-0000-0000-0000-conservative,Conservative,False
