AP,date:time,channel,new channel,reason for change,interference before,interference after,overall before,overall after,noise level before,noise level after,result,client,client mac,rssi before,rssi after,client,client mac,rssi before,rssi after
04:bf:6d:5e:26:7b,25/03/2019 12:14,11,6,Noise Alarm,22,0,35,56,-77,-82,Success,Chromecast,6c:ad:f8:b6:0a:0b,-37,-56,,,,
04:bf:6d:5e:26:7b,25/03/2019 12:26,6,1,Noise Alarm,8,5,8,5,-77,-85,Success,Chromecast,6c:ad:f8:b6:0a:0b,-46,-60,,,,
04:bf:6d:5e:26:7b,25/03/2019 12:40,1,6,Noise Alarm,3,5,3,6,-50,-88,Success,Chromecast,6c:ad:f8:b6:0a:0b,-46,-53,Gabriel-Surface,b4:ae:2b:c6:2e:50,-53,
04:bf:6d:5e:26:7b,25/03/2019 12:42,6,1,Noise Alarm,5,4,6,4,-88,-85,Success,Chromecast,6c:ad:f8:b6:0a:0b,-53,-61,,,,
04:bf:6d:5e:26:7b,25/03/2019 12:44,1,11,Noise Threshold,5,10,5,10,-87,-86,Success,Chromecast,6c:ad:f8:b6:0a:0b,-50,-56,,,,