Client MAC Address, Source AP, Source AP Band, Target AP, Target AP Band, Source SS, Target SS, Steering Type, Steering Status, Steering Time, Update Time, LocalTime, Time Zone
fc:c2:de:94:56:d9,04:bf:6d:5e:26:65,5G,,,-80,,LOW Signal Strength,Not Moved,1553516837,1553517017,25-03-2019 08:30:17,America/New_York
fc:c2:de:94:56:d9,04:bf:6d:5e:26:65,5G,,,-83,,LOW Signal Strength,Not Moved,1553517017,1553517197,25-03-2019 08:33:17,America/New_York
fc:c2:de:94:56:d9,04:bf:6d:5e:26:64,2.4G,04:bf:6d:5e:26:65,5G,-45,-64,5G PREFERENCE,Success,1553531127,1553531327,25-03-2019 12:28:47,America/New_York
78:31:c1:b8:ee:5c,04:bf:6d:5e:11:78,2.4G,04:bf:6d:5e:11:79,5G,-42,-51,5G PREFERENCE,Success,1553560167,1553560367,25-03-2019 20:32:47,America/New_York
78:4b:87:cf:93:5e,b8:ec:a3:2f:bd:15,5G,,,-79,,LOW Signal Strength,Missing,1553515517,1553515757,25-03-2019 08:09:17,America/New_York
c0:a6:00:02:f4:31,04:bf:6d:5e:11:8d,5G,,,-85,,LOW Signal Strength,Not Moved,1553530368,1553530547,25-03-2019 12:15:47,America/New_York
c0:a6:00:02:f4:31,04:bf:6d:5e:11:8d,5G,04:bf:6d:5e:11:8c,2.4G,-75,-57,LOW Signal Strength,Success,1553564927,1553565107,25-03-2019 21:51:47,America/New_York
c0:a6:00:02:f4:31,04:bf:6d:5e:11:8c,2.4G,04:bf:6d:5e:11:8d,5G,-57,-75,5G PREFERENCE,Success,1553565117,1553565317,25-03-2019 21:55:17,America/New_York
e4:f0:42:a5:85:38,04:bf:6d:5e:12:8d,5G,04:bf:6d:5e:12:8c,2.4G,-75,-51,LOW Signal Strength,Success,1553531537,1553531717,25-03-2019 12:35:17,America/New_York
e4:f0:42:a5:85:38,04:bf:6d:5e:12:8c,2.4G,04:bf:6d:5e:12:8d,5G,-54,-76,5G PREFERENCE,Success,1553549277,1553549477,25-03-2019 17:31:17,America/New_York
e4:f0:42:a5:85:38,04:bf:6d:5e:12:8d,5G,04:bf:6d:5e:12:8c,2.4G,-75,-60,LOW Signal Strength,Success,1553549507,1553549687,25-03-2019 17:34:47,America/New_York
e4:f0:42:a5:85:38,04:bf:6d:5e:12:8d,5G,04:bf:6d:5e:12:8c,2.4G,-76,-52,LOW Signal Strength,Success,1553560877,1553561057,25-03-2019 20:44:17,America/New_York
d0:d2:b0:4e:d9:8d,04:bf:6d:5e:26:69,5G,,,-75,,LOW Signal Strength,Not Moved,1553521847,1553522027,25-03-2019 09:53:47,America/New_York
d0:d2:b0:4e:d9:8d,04:bf:6d:5e:26:69,5G,,,-75,,LOW Signal Strength,Not Moved,1553522027,1553522207,25-03-2019 09:56:47,America/New_York
d0:d2:b0:4e:d9:8d,04:bf:6d:5e:26:69,5G,,,-75,,LOW Signal Strength,Not Moved,1553541677,1553541857,25-03-2019 15:24:17,America/New_York
d0:d2:b0:4e:d9:8d,04:bf:6d:5e:26:69,5G,,,-75,,LOW Signal Strength,Not Moved,1553546267,1553546447,25-03-2019 16:40:47,America/New_York
d0:d2:b0:4e:d9:8d,04:bf:6d:5e:26:69,5G,,,-82,,LOW Signal Strength,Not Moved,1553546447,1553546627,25-03-2019 16:43:47,America/New_York
d0:d2:b0:4e:d9:8d,04:bf:6d:5e:26:69,5G,,,-75,,LOW Signal Strength,Not Moved,1553550767,1553550947,25-03-2019 17:55:47,America/New_York
d0:d2:b0:4e:d9:8d,04:bf:6d:5e:26:69,5G,,,-75,,LOW Signal Strength,Not Moved,1553562287,1553562467,25-03-2019 21:07:47,America/New_York
d0:d2:b0:4e:d9:8d,04:bf:6d:5e:26:69,5G,,,-79,,LOW Signal Strength,Missing,1553562467,1553562707,25-03-2019 21:11:47,America/New_York
8c:f5:a3:cf:a6:39,b8:ec:a3:2f:bd:5d,5G,,,-79,,LOW Signal Strength,Missing,1553524277,1553524517,25-03-2019 10:35:17,America/New_York
8c:f5:a3:cf:a6:39,b8:ec:a3:2f:bd:5d,5G,b8:ec:a3:2f:bd:5c,2.4G,-77,-82,LOW Signal Strength,Success,1553531448,1553531627,25-03-2019 12:33:47,America/New_York
8c:f5:a3:cf:a6:39,b8:ec:a3:2f:bd:5d,5G,b8:ec:a3:2f:bd:5c,2.4G,-81,-82,LOW Signal Strength,Success,1553531627,1553531807,25-03-2019 12:36:47,America/New_York
8c:f5:a3:cf:a6:39,b8:ec:a3:2f:bd:5d,5G,b8:ec:a3:2f:bd:5c,2.4G,-78,-82,LOW Signal Strength,Success,1553545427,1553545607,25-03-2019 16:26:47,America/New_York
2c:0e:3d:90:b5:26,b8:ec:a3:2f:bd:45,5G,,,-87,,LOW Signal Strength,Missing,1553552417,1553552657,25-03-2019 18:24:17,America/New_York
bc:e1:43:0a:09:04,b8:ec:a3:2f:bd:7d,5G,,,-80,,LOW Signal Strength,Not Moved,1553534837,1553535017,25-03-2019 13:30:17,America/New_York
bc:e1:43:0a:09:04,b8:ec:a3:2f:bd:7d,5G,,,-83,,LOW Signal Strength,Missing,1553535017,1553535257,25-03-2019 13:34:17,America/New_York
bc:e1:43:0a:09:04,b8:ec:a3:2f:bd:7c,2.4G,b8:ec:a3:2f:bd:7d,5G,-42,-52,5G PREFERENCE,Success,1553550957,1553551157,25-03-2019 17:59:17,America/New_York
bc:e1:43:0a:09:04,b8:ec:a3:2f:bd:7d,5G,,,-76,,LOW Signal Strength,Not Moved,1553556677,1553556857,25-03-2019 19:34:17,America/New_York
34:12:f9:e8:4d:da,a0:e4:cb:fc:b4:ed,5G,a0:e4:cb:fc:b4:ec,2.4G,-75,-36,LOW Signal Strength,Success,1553522117,1553522297,25-03-2019 09:58:17,America/New_York
34:12:f9:e8:4d:da,a0:e4:cb:fc:b4:ed,5G,a0:e4:cb:fc:b4:ec,2.4G,-86,-69,LOW Signal Strength,Success,1553522297,1553522477,25-03-2019 10:01:17,America/New_York
34:12:f9:e8:4d:da,a0:e4:cb:fc:b4:ec,2.4G,a0:e4:cb:fc:b4:ed,5G,-39,-61,5G PREFERENCE,Success,1553522997,1553523197,25-03-2019 10:13:17,America/New_York
34:12:f9:e8:4d:da,a0:e4:cb:fc:b4:ed,5G,,,-85,,LOW Signal Strength,Not Moved,1553538077,1553538257,25-03-2019 14:24:17,America/New_York
34:12:f9:e8:4d:da,a0:e4:cb:fc:b4:ec,2.4G,a0:e4:cb:fc:b4:ed,5G,-52,-67,5G PREFERENCE,Success,1553542677,1553542877,25-03-2019 15:41:17,America/New_York
34:12:f9:e8:4d:da,a0:e4:cb:fc:b4:ed,5G,a0:e4:cb:fc:b4:ec,2.4G,-75,-56,LOW Signal Strength,Success,1553569997,1553570177,25-03-2019 23:16:17,America/New_York
34:12:f9:e8:4d:da,a0:e4:cb:fc:b4:ed,5G,a0:e4:cb:fc:b4:ec,2.4G,-76,-56,LOW Signal Strength,Success,1553570177,1553570357,25-03-2019 23:19:17,America/New_York
34:12:f9:e8:4d:da,a0:e4:cb:fc:b4:ec,2.4G,,,-56,,5G PREFERENCE,Missing,1553570367,1553570627,25-03-2019 23:23:47,America/New_York
50:1e:2d:05:37:6e,04:bf:6d:5e:12:80,2.4G,,,-37,,5G PREFERENCE,Not Moved,1553526897,1553527097,25-03-2019 11:18:17,America/New_York
a0:99:9b:39:ae:b0,04:bf:6d:5e:12:81,5G,,,-84,,LOW Signal Strength,Missing,1553550497,1553550737,25-03-2019 17:52:17,America/New_York
dc:0b:34:c8:d7:54,b8:ec:a3:2f:bd:6d,5G,,,-75,,LOW Signal Strength,Not Moved,1553518847,1553519027,25-03-2019 09:03:47,America/New_York
dc:0b:34:c8:d7:54,b8:ec:a3:2f:bd:6d,5G,,,-83,,LOW Signal Strength,Missing,1553519057,1553519297,25-03-2019 09:08:17,America/New_York
dc:0b:34:c8:d7:54,b8:ec:a3:2f:bd:6d,5G,,,-77,,LOW Signal Strength,Not Moved,1553551667,1553551847,25-03-2019 18:10:47,America/New_York
38:53:9c:97:96:53,04:bf:6d:5e:11:78,2.4G,04:bf:6d:5e:11:79,5G,-54,-62,5G PREFERENCE,Success,1553552127,1553552327,25-03-2019 18:18:47,America/New_York
38:53:9c:97:96:53,04:bf:6d:5e:11:79,5G,04:bf:6d:5e:11:78,2.4G,-75,-80,LOW Signal Strength,Success,1553553227,1553553407,25-03-2019 18:36:47,America/New_York
38:53:9c:97:96:53,04:bf:6d:5e:11:79,5G,04:bf:6d:5e:11:78,2.4G,-82,-80,LOW Signal Strength,Success,1553553437,1553553617,25-03-2019 18:40:17,America/New_York
b4:ae:2b:bd:d8:27,04:bf:6d:5e:26:68,2.4G,04:bf:6d:5e:26:69,5G,-38,-32,5G PREFERENCE,Success,1553532747,1553532947,25-03-2019 12:55:47,America/New_York
2c:59:8a:6b:53:c5,b8:ec:a3:2f:bd:14,2.4G,,,-55,,5G PREFERENCE,Not Moved,1553533647,1553533847,25-03-2019 13:10:47,America/New_York
dc:ef:ca:7c:34:64,b8:ec:a3:2f:bd:75,5G,,,-83,,LOW Signal Strength,Missing,1553517497,1553517737,25-03-2019 08:42:17,America/New_York
40:4e:36:8a:de:8a,b8:ec:a3:2f:bd:81,5G,,,-80,,LOW Signal Strength,Not Moved,1553548037,1553548217,25-03-2019 17:10:17,America/New_York
40:4e:36:8a:de:8a,b8:ec:a3:2f:bd:81,5G,,,-84,,LOW Signal Strength,Missing,1553548248,1553548487,25-03-2019 17:14:47,America/New_York
54:b1:21:d4:37:2c,b8:ec:a3:2f:bd:34,2.4G,b8:ec:a3:2f:bd:35,5G,-49,-55,5G PREFERENCE,Success,1553502627,1553502827,25-03-2019 04:33:47,America/New_York
54:b1:21:d4:37:2c,04:bf:6d:5e:12:71,5G,,,-76,,LOW Signal Strength,Not Moved,1553527937,1553528117,25-03-2019 11:35:17,America/New_York
54:b1:21:d4:37:2c,04:bf:6d:5e:12:71,5G,,,-80,,LOW Signal Strength,Not Moved,1553548727,1553548907,25-03-2019 17:21:47,America/New_York
54:b1:21:d4:37:2c,04:bf:6d:5e:12:71,5G,,,-75,,LOW Signal Strength,Missing,1553548937,1553549177,25-03-2019 17:26:17,America/New_York
24:a0:74:0f:36:40,b8:ec:a3:2f:bd:48,2.4G,b8:ec:a3:2f:bd:49,5G,-58,-48,5G PREFERENCE,Success,1553563498,1553563697,25-03-2019 21:28:17,America/New_York
9c:e0:63:36:09:ce,b8:ec:a3:2f:bd:25,5G,,,-79,,LOW Signal Strength,Not Moved,1553535647,1553535827,25-03-2019 13:43:47,America/New_York
9c:e0:63:36:09:ce,b8:ec:a3:2f:bd:25,5G,,,-88,,LOW Signal Strength,Missing,1553535857,1553536097,25-03-2019 13:48:17,America/New_York
30:24:32:9b:3b:f1,04:bf:6d:5e:26:68,2.4G,04:bf:6d:5e:26:69,5G,-54,-59,5G PREFERENCE,Success,1553562447,1553562647,25-03-2019 21:10:47,America/New_York
f8:2d:7c:89:d5:3f,b8:ec:a3:2f:bd:dd,5G,b8:ec:a3:2f:bd:dc,2.4G,-75,-76,LOW Signal Strength,Success,1553549927,1553550107,25-03-2019 17:41:47,America/New_York
f8:2d:7c:89:d5:3f,b8:ec:a3:2f:bd:dd,5G,,,-75,,LOW Signal Strength,Not Moved,1553550107,1553550287,25-03-2019 17:44:47,America/New_York
6c:71:d9:bc:8b:11,04:bf:6d:5e:26:7d,5G,,,-75,,LOW Signal Strength,Missing,1553533937,1553534177,25-03-2019 13:16:17,America/New_York
10:98:c3:c1:6f:6f,04:bf:6d:5e:12:65,5G,,,-76,,LOW Signal Strength,Not Moved,1553528777,1553528957,25-03-2019 11:49:17,America/New_York
10:98:c3:c1:6f:6f,04:bf:6d:5e:12:65,5G,,,-80,,LOW Signal Strength,Not Moved,1553535137,1553535317,25-03-2019 13:35:17,America/New_York
10:98:c3:c1:6f:6f,04:bf:6d:5e:12:65,5G,,,-83,,LOW Signal Strength,Not Moved,1553535317,1553535497,25-03-2019 13:38:17,America/New_York
d0:b1:28:55:7e:a3,04:bf:6d:5e:12:65,5G,,,-82,,LOW Signal Strength,Missing,1553551967,1553552207,25-03-2019 18:16:47,America/New_York
40:bc:60:b8:47:9a,b8:ec:a3:2f:bd:2d,5G,,,-79,,LOW Signal Strength,Not Moved,1553550887,1553551067,25-03-2019 17:57:47,America/New_York
40:bc:60:b8:47:9a,b8:ec:a3:2f:bd:2d,5G,,,-82,,LOW Signal Strength,Missing,1553551067,1553551307,25-03-2019 18:01:47,America/New_York
40:bc:60:b8:47:9a,b8:ec:a3:2f:bd:2c,2.4G,b8:ec:a3:2f:bd:2d,5G,-50,-66,5G PREFERENCE,Success,1553561937,1553562137,25-03-2019 21:02:17,America/New_York
44:91:60:6b:19:c9,b8:ec:a3:2f:bd:59,5G,,,-85,,LOW Signal Strength,Missing,1553513207,1553513447,25-03-2019 07:30:47,America/New_York
44:91:60:6b:19:c9,b8:ec:a3:2f:bd:59,5G,,,-76,,LOW Signal Strength,Not Moved,1553562137,1553562317,25-03-2019 21:05:17,America/New_York
44:91:60:6b:19:c9,b8:ec:a3:2f:bd:59,5G,,,-79,,LOW Signal Strength,Not Moved,1553562347,1553562527,25-03-2019 21:08:47,America/New_York
f0:0f:ec:f8:01:ac,b8:ec:a3:2f:bd:2d,5G,,,-75,,LOW Signal Strength,Not Moved,1553542037,1553542217,25-03-2019 15:30:17,America/New_York
f0:0f:ec:f8:01:ac,b8:ec:a3:2f:bd:2d,5G,,,-75,,LOW Signal Strength,Not Moved,1553542277,1553542457,25-03-2019 15:34:17,America/New_York
f0:0f:ec:f8:01:ac,b8:ec:a3:2f:bd:2d,5G,b8:ec:a3:2f:bd:2c,2.4G,-75,-41,LOW Signal Strength,Success,1553542817,1553542997,25-03-2019 15:43:17,America/New_York
f0:0f:ec:f8:01:ac,b8:ec:a3:2f:bd:2d,5G,b8:ec:a3:2f:bd:2c,2.4G,-75,-43,LOW Signal Strength,Success,1553542997,1553543177,25-03-2019 15:46:17,America/New_York
f0:0f:ec:f8:01:ac,b8:ec:a3:2f:bd:2c,2.4G,b8:ec:a3:2f:bd:2d,5G,-43,-51,5G PREFERENCE,Success,1553543187,1553543387,25-03-2019 15:49:47,America/New_York
f0:0f:ec:f8:01:ac,b8:ec:a3:2f:bd:2d,5G,b8:ec:a3:2f:bd:2c,2.4G,-75,-56,LOW Signal Strength,Success,1553545337,1553545517,25-03-2019 16:25:17,America/New_York
f0:0f:ec:f8:01:ac,b8:ec:a3:2f:bd:2c,2.4G,b8:ec:a3:2f:bd:2d,5G,-56,-66,5G PREFERENCE,Success,1553545527,1553545727,25-03-2019 16:28:47,America/New_York
f0:0f:ec:f8:01:ac,b8:ec:a3:2f:bd:2d,5G,b8:ec:a3:2f:bd:2c,2.4G,-75,-58,LOW Signal Strength,Success,1553545877,1553546057,25-03-2019 16:34:17,America/New_York
f0:0f:ec:f8:01:ac,b8:ec:a3:2f:bd:2d,5G,b8:ec:a3:2f:bd:2c,2.4G,-75,-56,LOW Signal Strength,Success,1553546057,1553546237,25-03-2019 16:37:17,America/New_York
f0:0f:ec:f8:01:ac,b8:ec:a3:2f:bd:2c,2.4G,b8:ec:a3:2f:bd:2d,5G,-56,-75,5G PREFERENCE,Success,1553546247,1553546447,25-03-2019 16:40:47,America/New_York
f0:0f:ec:f8:01:ac,b8:ec:a3:2f:bd:2d,5G,b8:ec:a3:2f:bd:2c,2.4G,-75,-44,LOW Signal Strength,Success,1553546477,1553546657,25-03-2019 16:44:17,America/New_York
f0:0f:ec:f8:01:ac,b8:ec:a3:2f:bd:2d,5G,b8:ec:a3:2f:bd:2c,2.4G,-75,-39,LOW Signal Strength,Success,1553546657,1553546837,25-03-2019 16:47:17,America/New_York
f0:0f:ec:f8:01:ac,b8:ec:a3:2f:bd:2c,2.4G,,,-39,,5G PREFERENCE,Not Moved,1553546847,1553547047,25-03-2019 16:50:47,America/New_York
f0:0f:ec:f8:01:ac,b8:ec:a3:2f:bd:2c,2.4G,b8:ec:a3:2f:bd:2d,5G,-43,-55,5G PREFERENCE,Success,1553547057,1553547257,25-03-2019 16:54:17,America/New_York
f0:0f:ec:f8:01:ac,b8:ec:a3:2f:bd:2d,5G,b8:ec:a3:2f:bd:2c,2.4G,-76,-48,LOW Signal Strength,Success,1553548487,1553548667,25-03-2019 17:17:47,America/New_York
f0:0f:ec:f8:01:ac,b8:ec:a3:2f:bd:2d,5G,b8:ec:a3:2f:bd:2c,2.4G,-76,-47,LOW Signal Strength,Success,1553548667,1553548847,25-03-2019 17:20:47,America/New_York
f0:0f:ec:f8:01:ac,b8:ec:a3:2f:bd:2c,2.4G,,,-47,,5G PREFERENCE,Not Moved,1553548857,1553549057,25-03-2019 17:24:17,America/New_York
f0:0f:ec:f8:01:ac,b8:ec:a3:2f:bd:2c,2.4G,b8:ec:a3:2f:bd:2d,5G,-51,-61,5G PREFERENCE,Success,1553549067,1553549267,25-03-2019 17:27:47,America/New_York
f0:0f:ec:f8:01:ac,b8:ec:a3:2f:bd:2d,5G,,,-77,,LOW Signal Strength,Not Moved,1553550887,1553551067,25-03-2019 17:57:47,America/New_York
f0:0f:ec:f8:01:ac,b8:ec:a3:2f:bd:2d,5G,,,-75,,LOW Signal Strength,Not Moved,1553562647,1553562827,25-03-2019 21:13:47,America/New_York
f0:0f:ec:f8:01:ac,b8:ec:a3:2f:bd:2d,5G,,,-75,,LOW Signal Strength,Missing,1553562827,1553563067,25-03-2019 21:17:47,America/New_York
d8:c4:6a:23:6a:7a,b8:ec:a3:2f:bd:1d,5G,,,-79,,LOW Signal Strength,Not Moved,1553515307,1553515487,25-03-2019 08:04:47,America/New_York
d8:c4:6a:23:6a:7a,b8:ec:a3:2f:bd:1d,5G,,,-83,,LOW Signal Strength,Missing,1553515487,1553515727,25-03-2019 08:08:47,America/New_York
dc:8b:28:af:f2:cb,b8:ec:a3:2f:bd:dc,2.4G,,,-45,,5G PREFERENCE,Not Moved,1553514687,1553514887,25-03-2019 07:54:47,America/New_York
dc:8b:28:af:f2:cb,b8:ec:a3:2f:bd:dc,2.4G,,,-45,,5G PREFERENCE,Not Moved,1553514897,1553515097,25-03-2019 07:58:17,America/New_York
dc:8b:28:af:f2:cb,b8:ec:a3:2f:bd:dc,2.4G,,,-48,,5G PREFERENCE,Not Moved,1553515107,1553515307,25-03-2019 08:01:47,America/New_York
04:d6:aa:66:76:5a,04:bf:6d:5e:26:69,5G,,,-75,,LOW Signal Strength,Not Moved,1553517467,1553517647,25-03-2019 08:40:47,America/New_York
04:d6:aa:66:76:5a,04:bf:6d:5e:26:69,5G,,,-76,,LOW Signal Strength,Not Moved,1553517647,1553517827,25-03-2019 08:43:47,America/New_York
04:d6:aa:66:76:5a,04:bf:6d:5e:26:69,5G,,,-76,,LOW Signal Strength,Not Moved,1553527247,1553527427,25-03-2019 11:23:47,America/New_York
04:d6:aa:66:76:5a,04:bf:6d:5e:26:69,5G,04:bf:6d:5e:26:68,2.4G,-75,-56,LOW Signal Strength,Success,1553533337,1553533517,25-03-2019 13:05:17,America/New_York
04:d6:aa:66:76:5a,04:bf:6d:5e:26:69,5G,04:bf:6d:5e:26:68,2.4G,-75,-59,LOW Signal Strength,Success,1553533517,1553533697,25-03-2019 13:08:17,America/New_York
04:d6:aa:66:76:5a,04:bf:6d:5e:26:68,2.4G,04:bf:6d:5e:26:69,5G,-59,-69,5G PREFERENCE,Success,1553533707,1553533907,25-03-2019 13:11:47,America/New_York
04:d6:aa:66:76:5a,04:bf:6d:5e:26:69,5G,,,-75,,LOW Signal Strength,Not Moved,1553535047,1553535227,25-03-2019 13:33:47,America/New_York
04:d6:aa:66:76:5a,04:bf:6d:5e:26:69,5G,,,-77,,LOW Signal Strength,Not Moved,1553535227,1553535407,25-03-2019 13:36:47,America/New_York
04:d6:aa:66:76:5a,04:bf:6d:5e:26:69,5G,,,-75,,LOW Signal Strength,Not Moved,1553541887,1553542067,25-03-2019 15:27:47,America/New_York
04:d6:aa:66:76:5a,04:bf:6d:5e:26:69,5G,04:bf:6d:5e:26:68,2.4G,-75,-60,LOW Signal Strength,Success,1553546867,1553547047,25-03-2019 16:50:47,America/New_York
04:d6:aa:66:76:5a,04:bf:6d:5e:26:69,5G,04:bf:6d:5e:26:68,2.4G,-75,-61,LOW Signal Strength,Success,1553547047,1553547227,25-03-2019 16:53:47,America/New_York
04:d6:aa:66:76:5a,04:bf:6d:5e:26:68,2.4G,04:bf:6d:5e:26:69,5G,-61,-71,5G PREFERENCE,Success,1553547237,1553547437,25-03-2019 16:57:17,America/New_York
04:d6:aa:66:76:5a,04:bf:6d:5e:26:69,5G,,,-75,,LOW Signal Strength,Not Moved,1553563667,1553563847,25-03-2019 21:30:47,America/New_York
48:4b:aa:af:cb:19,b8:ec:a3:2f:bd:30,2.4G,b8:ec:a3:2f:bd:31,5G,-45,-71,5G PREFERENCE,Success,1553496387,1553496587,25-03-2019 02:49:47,America/New_York
48:4b:aa:af:cb:19,b8:ec:a3:2f:bd:30,2.4G,b8:ec:a3:2f:bd:31,5G,-45,-71,5G PREFERENCE,Success,1553499147,1553499347,25-03-2019 03:35:47,America/New_York
48:4b:aa:af:cb:19,b8:ec:a3:2f:bd:30,2.4G,,,-44,,5G PREFERENCE,Missing,1553499387,1553499647,25-03-2019 03:40:47,America/New_York
48:4b:aa:af:cb:19,b8:ec:a3:2f:bd:31,5G,b8:ec:a3:2f:bd:30,2.4G,-75,-44,LOW Signal Strength,Success,1553502467,1553502647,25-03-2019 04:30:47,America/New_York
48:4b:aa:af:cb:19,b8:ec:a3:2f:bd:31,5G,,,-75,,LOW Signal Strength,Not Moved,1553502677,1553502857,25-03-2019 04:34:17,America/New_York
48:4b:aa:af:cb:19,b8:ec:a3:2f:bd:31,5G,b8:ec:a3:2f:bd:30,2.4G,-75,-47,LOW Signal Strength,Success,1553508167,1553508347,25-03-2019 06:05:47,America/New_York
48:4b:aa:af:cb:19,b8:ec:a3:2f:bd:31,5G,b8:ec:a3:2f:bd:30,2.4G,-75,-46,LOW Signal Strength,Success,1553508677,1553508857,25-03-2019 06:14:17,America/New_York
48:4b:aa:af:cb:19,b8:ec:a3:2f:bd:31,5G,b8:ec:a3:2f:bd:30,2.4G,-75,-47,LOW Signal Strength,Success,1553508857,1553509037,25-03-2019 06:17:17,America/New_York
48:4b:aa:af:cb:19,b8:ec:a3:2f:bd:31,5G,b8:ec:a3:2f:bd:30,2.4G,-75,-47,LOW Signal Strength,Success,1553510957,1553511137,25-03-2019 06:52:17,America/New_York
48:4b:aa:af:cb:19,b8:ec:a3:2f:bd:31,5G,,,-75,,LOW Signal Strength,Not Moved,1553511167,1553511347,25-03-2019 06:55:47,America/New_York
48:4b:aa:af:cb:19,b8:ec:a3:2f:bd:31,5G,b8:ec:a3:2f:bd:30,2.4G,-75,-46,LOW Signal Strength,Success,1553516537,1553516717,25-03-2019 08:25:17,America/New_York
48:4b:aa:af:cb:19,b8:ec:a3:2f:bd:31,5G,b8:ec:a3:2f:bd:30,2.4G,-75,-45,LOW Signal Strength,Success,1553516717,1553516897,25-03-2019 08:28:17,America/New_York
48:4b:aa:af:cb:19,b8:ec:a3:2f:bd:31,5G,b8:ec:a3:2f:bd:30,2.4G,-75,-43,LOW Signal Strength,Success,1553517167,1553517347,25-03-2019 08:35:47,America/New_York
48:4b:aa:af:cb:19,b8:ec:a3:2f:bd:31,5G,b8:ec:a3:2f:bd:30,2.4G,-75,-44,LOW Signal Strength,Success,1553517347,1553517527,25-03-2019 08:38:47,America/New_York
48:4b:aa:af:cb:19,b8:ec:a3:2f:bd:31,5G,b8:ec:a3:2f:bd:30,2.4G,-75,-44,LOW Signal Strength,Success,1553518097,1553518277,25-03-2019 08:51:17,America/New_York
48:4b:aa:af:cb:19,b8:ec:a3:2f:bd:31,5G,b8:ec:a3:2f:bd:30,2.4G,-75,-45,LOW Signal Strength,Success,1553518277,1553518457,25-03-2019 08:54:17,America/New_York
48:4b:aa:af:cb:19,b8:ec:a3:2f:bd:31,5G,b8:ec:a3:2f:bd:30,2.4G,-75,-44,LOW Signal Strength,Success,1553522057,1553522237,25-03-2019 09:57:17,America/New_York
48:4b:aa:af:cb:19,b8:ec:a3:2f:bd:31,5G,,,-75,,LOW Signal Strength,Not Moved,1553522987,1553523167,25-03-2019 10:12:47,America/New_York
48:4b:aa:af:cb:19,b8:ec:a3:2f:bd:31,5G,,,-80,,LOW Signal Strength,Missing,1553523197,1553523437,25-03-2019 10:17:17,America/New_York
48:4b:aa:af:cb:19,b8:ec:a3:2f:bd:31,5G,,,-75,,LOW Signal Strength,Not Moved,1553549657,1553549837,25-03-2019 17:37:17,America/New_York
44:91:60:56:07:bc,04:bf:6d:5e:11:85,5G,,,-78,,LOW Signal Strength,Missing,1553517137,1553517377,25-03-2019 08:36:17,America/New_York
9c:e6:5e:44:f5:5e,04:bf:6d:5e:11:79,5G,04:bf:6d:5e:11:78,2.4G,-83,-74,LOW Signal Strength,Success,1553552537,1553552717,25-03-2019 18:25:17,America/New_York
94:65:2d:82:4f:8d,b8:ec:a3:2f:bd:f9,5G,,,-77,,LOW Signal Strength,Not Moved,1553519507,1553519687,25-03-2019 09:14:47,America/New_York
94:65:2d:82:4f:8d,b8:ec:a3:2f:bd:f9,5G,,,-84,,LOW Signal Strength,Missing,1553519717,1553519957,25-03-2019 09:19:17,America/New_York
c0:f2:fb:bc:9f:69,04:bf:6d:5e:26:88,2.4G,04:bf:6d:5e:26:89,5G,-42,-47,5G PREFERENCE,Success,1553551377,1553551577,25-03-2019 18:06:17,America/New_York
40:4e:36:d2:ca:a1,04:bf:6d:5e:12:65,5G,04:bf:6d:5e:12:64,2.4G,-77,-66,LOW Signal Strength,Success,1553533608,1553533787,25-03-2019 13:09:47,America/New_York
2c:0e:3d:95:a6:4e,04:bf:6d:5e:12:8d,5G,,,-76,,LOW Signal Strength,Missing,1553534927,1553535167,25-03-2019 13:32:47,America/New_York
60:30:d4:3d:2a:73,b8:ec:a3:2f:bd:dd,5G,,,-75,,LOW Signal Strength,Not Moved,1553517887,1553518067,25-03-2019 08:47:47,America/New_York
60:30:d4:3d:2a:73,b8:ec:a3:2f:bd:dd,5G,b8:ec:a3:2f:bd:dc,2.4G,-75,-71,LOW Signal Strength,Success,1553543117,1553543297,25-03-2019 15:48:17,America/New_York
d4:a3:3d:a6:43:3c,b8:ec:a3:2f:bd:45,5G,,,-77,,LOW Signal Strength,Not Moved,1553542307,1553542487,25-03-2019 15:34:47,America/New_York
d4:a3:3d:a6:43:3c,b8:ec:a3:2f:bd:45,5G,,,-83,,LOW Signal Strength,Not Moved,1553542487,1553542667,25-03-2019 15:37:47,America/New_York
d4:a3:3d:a6:43:3c,b8:ec:a3:2f:bd:45,5G,,,-76,,LOW Signal Strength,Not Moved,1553554427,1553554607,25-03-2019 18:56:47,America/New_York
e4:ce:8f:04:cb:ee,04:bf:6d:5e:11:78,2.4G,04:bf:6d:5e:11:79,5G,-33,-36,5G PREFERENCE,Success,1553560017,1553560217,25-03-2019 20:30:17,America/New_York
b4:ae:2b:c6:2e:50,04:bf:6d:5e:26:78,2.4G,,,-62,,5G PREFERENCE,Not Moved,1553531787,1553531987,25-03-2019 12:39:47,America/New_York
88:66:a5:ba:5b:1b,04:bf:6d:5e:12:71,5G,,,-75,,LOW Signal Strength,Not Moved,1553517707,1553517887,25-03-2019 08:44:47,America/New_York
88:66:a5:ba:5b:1b,04:bf:6d:5e:12:71,5G,,,-77,,LOW Signal Strength,Not Moved,1553527937,1553528117,25-03-2019 11:35:17,America/New_York
88:66:a5:ba:5b:1b,04:bf:6d:5e:12:71,5G,,,-80,,LOW Signal Strength,Missing,1553528117,1553528357,25-03-2019 11:39:17,America/New_York
a0:c9:a0:89:33:71,04:bf:6d:5e:26:79,5G,,,-76,,LOW Signal Strength,Not Moved,1553517527,1553517707,25-03-2019 08:41:47,America/New_York
a0:c9:a0:89:33:71,04:bf:6d:5e:26:79,5G,,,-80,,LOW Signal Strength,Not Moved,1553535737,1553535917,25-03-2019 13:45:17,America/New_York
a0:c9:a0:89:33:71,04:bf:6d:5e:26:79,5G,,,-80,,LOW Signal Strength,Missing,1553535917,1553536157,25-03-2019 13:49:17,America/New_York
a0:c9:a0:89:33:71,04:bf:6d:5e:26:79,5G,,,-80,,LOW Signal Strength,Missing,1553545067,1553545307,25-03-2019 16:21:47,America/New_York
a0:c9:a0:89:33:71,04:bf:6d:5e:26:79,5G,,,-75,,LOW Signal Strength,Not Moved,1553550767,1553550947,25-03-2019 17:55:47,America/New_York
f0:98:9d:a3:89:f1,04:bf:6d:5e:11:91,5G,,,-76,,LOW Signal Strength,Not Moved,1553516687,1553516867,25-03-2019 08:27:47,America/New_York
f0:98:9d:a3:89:f1,04:bf:6d:5e:11:91,5G,,,-75,,LOW Signal Strength,Not Moved,1553560727,1553560907,25-03-2019 20:41:47,America/New_York
f0:79:60:68:b4:f7,b8:ec:a3:2f:bd:68,2.4G,b8:ec:a3:2f:bd:69,5G,-62,-66,5G PREFERENCE,Success,1553534608,1553534807,25-03-2019 13:26:47,America/New_York
f0:79:60:68:b4:f7,b8:ec:a3:2f:bd:7d,5G,,,-78,,LOW Signal Strength,Not Moved,1553562887,1553563067,25-03-2019 21:17:47,America/New_York
f0:79:60:68:b4:f7,b8:ec:a3:2f:bd:7d,5G,,,-85,,LOW Signal Strength,Missing,1553563067,1553563307,25-03-2019 21:21:47,America/New_York
