Event Log

MAC Address,Prim. MAC Address,Channel,Type,Module (from),Module (to),Message,Time stamp
a0:e4:cb:fc:b4:ec,a0:e4:cb:fc:b4:ef,6 (2437 MHz),INFORM CS - MODIFY AP CONFIGURATION,RRM,CONFIG_SERVICE,"{candidateBssList=[{ ""bssid"" : ""a0:e4:cb:fc:b4:ed"" , ""channel"" : 149 , ""bandwidth"" : 80}], deassociateStaList=[14:bb:6e:9d:be:f7], frequencySetBy=10}",2019-03-26 00:49
a0:e4:cb:fc:b4:ec,a0:e4:cb:fc:b4:ef,6 (2437 MHz),INFORM CS - MODIFY AP CONFIGURATION,RRM,CONFIG_SERVICE,"{candidateBssList=[{ ""bssid"" : ""a0:e4:cb:fc:b4:ed"" , ""channel"" : 149 , ""bandwidth"" : 80}], deassociateStaList=[14:bb:6e:9d:be:f7], frequencySetBy=10}",2019-03-26 00:46
a0:e4:cb:fc:b4:ec,a0:e4:cb:fc:b4:ef,6 (2437 MHz),INFORM CS - MODIFY AP CONFIGURATION,RRM,CONFIG_SERVICE,"{candidateBssList=[{ ""bssid"" : ""a0:e4:cb:fc:b4:ed"" , ""channel"" : 149 , ""bandwidth"" : 80}], deassociateStaList=[14:bb:6e:9d:be:f7], frequencySetBy=10}",2019-03-26 00:42
a0:e4:cb:fc:b4:ec,a0:e4:cb:fc:b4:ef,6 (2437 MHz),INFORM CS - MODIFY AP CONFIGURATION,RRM,CONFIG_SERVICE,"{candidateBssList=[{ ""bssid"" : ""a0:e4:cb:fc:b4:ed"" , ""channel"" : 149 , ""bandwidth"" : 80}], deassociateStaList=[34:12:f9:e8:4d:da], frequencySetBy=10}",2019-03-26 00:20
a0:e4:cb:fc:b4:ec,a0:e4:cb:fc:b4:ef,6 (2437 MHz),INFORM CS - MODIFY AP CONFIGURATION,RRM,CONFIG_SERVICE,"{candidateBssList=[{ ""bssid"" : ""a0:e4:cb:fc:b4:ed"" , ""channel"" : 149 , ""bandwidth"" : 80}], deassociateStaList=[34:12:f9:e8:4d:da], frequencySetBy=10}",2019-03-25 23:19
04:bf:6d:5e:11:8c,04:bf:6d:5e:11:8f,11 (2462 MHz),INFORM CS - MODIFY AP CONFIGURATION,RRM,CONFIG_SERVICE,"{candidateBssList=[{ ""bssid"" : ""04:bf:6d:5e:11:8d"" , ""channel"" : 153 , ""bandwidth"" : 80}], deassociateStaList=[c0:a6:00:02:f4:31], frequencySetBy=10}",2019-03-25 21:51
b8:ec:a3:2f:bd:48,b8:ec:a3:2f:bd:4b,1 (2412 MHz),INFORM CS - MODIFY AP CONFIGURATION,RRM,CONFIG_SERVICE,"{candidateBssList=[{ ""bssid"" : ""b8:ec:a3:2f:bd:49"" , ""channel"" : 149 , ""bandwidth"" : 80}], deassociateStaList=[24:a0:74:0f:36:40], frequencySetBy=10}",2019-03-25 21:24
04:bf:6d:5e:26:68,04:bf:6d:5e:26:6b,11 (2462 MHz),INFORM CS - MODIFY AP CONFIGURATION,RRM,CONFIG_SERVICE,"{candidateBssList=[{ ""bssid"" : ""04:bf:6d:5e:26:69"" , ""channel"" : 157 , ""bandwidth"" : 80}], deassociateStaList=[30:24:32:9b:3b:f1], frequencySetBy=10}",2019-03-25 21:07
b8:ec:a3:2f:bd:2c,b8:ec:a3:2f:bd:2f,1 (2412 MHz),INFORM CS - MODIFY AP CONFIGURATION,RRM,CONFIG_SERVICE,"{candidateBssList=[{ ""bssid"" : ""b8:ec:a3:2f:bd:2d"" , ""channel"" : 157 , ""bandwidth"" : 80}], deassociateStaList=[40:bc:60:b8:47:9a], frequencySetBy=10}",2019-03-25 20:58
04:bf:6d:5e:11:78,04:bf:6d:5e:11:7b,11 (2462 MHz),INFORM CS - MODIFY AP CONFIGURATION,RRM,CONFIG_SERVICE,"{candidateBssList=[{ ""bssid"" : ""04:bf:6d:5e:11:79"" , ""channel"" : 161 , ""bandwidth"" : 80}], deassociateStaList=[78:31:c1:b8:ee:5c], frequencySetBy=10}",2019-03-25 20:29
04:bf:6d:5e:11:78,04:bf:6d:5e:11:7b,11 (2462 MHz),INFORM CS - MODIFY AP CONFIGURATION,RRM,CONFIG_SERVICE,"{candidateBssList=[{ ""bssid"" : ""04:bf:6d:5e:11:79"" , ""channel"" : 48 , ""bandwidth"" : 80}], deassociateStaList=[e4:ce:8f:04:cb:ee], frequencySetBy=10}",2019-03-25 20:26
04:bf:6d:5e:11:79,04:bf:6d:5e:11:7b,48 (5240 MHz),INFORM CS - MODIFY AP CONFIGURATION,RRM,CONFIG_SERVICE,"{FrequencySetBy Changed =-1 -> 4, channelSetSelection Changed =3 -> 4, Frequency(MHz) Changed=5240 -> 5805, Transmit Power(dBm) Changed=16.0 -> 22.0}",2019-03-25 20:26
04:bf:6d:5e:11:79,04:bf:6d:5e:11:7b,48 (5240 MHz),INITIAL CHANNEL SELECTION,RRM,RRM,"{Description=This event is triggered after AP bootup and sends initial channel metrics, ap_manufacturer=ZyXEL_EMG2926}",2019-03-25 20:26
04:bf:6d:5e:11:78,04:bf:6d:5e:11:7b,11 (2462 MHz),INFORM CS - MODIFY AP CONFIGURATION,RRM,CONFIG_SERVICE,"{channelSetSelection Changed =3 -> 4}",2019-03-25 20:26
04:bf:6d:5e:11:78,04:bf:6d:5e:11:7b,11 (2462 MHz),INITIAL CHANNEL SELECTION,RRM,RRM,"{Description=This event is triggered after AP bootup and sends initial channel metrics, ap_manufacturer=ZyXEL_EMG2926}",2019-03-25 20:26
04:bf:6d:5e:11:79,04:bf:6d:5e:11:7b,48 (5240 MHz),INFORM CS - AP BOOTUP AFTER POWER CYCLE,AP,CONFIG_SERVICE,"No changes",2019-03-25 20:25
04:bf:6d:5e:11:78,04:bf:6d:5e:11:7b,11 (2462 MHz),INFORM CS - AP BOOTUP AFTER POWER CYCLE,AP,CONFIG_SERVICE,"No changes",2019-03-25 20:25
04:bf:6d:5e:11:78,04:bf:6d:5e:11:7b,1 (2412 MHz),INFORM CS - MODIFY AP CONFIGURATION,RRM,CONFIG_SERVICE,"{candidateBssList=[{ ""bssid"" : ""04:bf:6d:5e:11:79"" , ""channel"" : 149 , ""bandwidth"" : 80}], deassociateStaList=[38:53:9c:97:96:53], frequencySetBy=10}",2019-03-25 18:15
04:bf:6d:5e:11:79,04:bf:6d:5e:11:7b,149 (5745 MHz),INFORM CS - MODIFY AP CONFIGURATION,RRM,CONFIG_SERVICE,"{FrequencySetBy Changed =-1 -> 4, channelSetSelection Changed =3 -> 4, Frequency(MHz) Changed=5745 -> 5805}",2019-03-25 18:14
04:bf:6d:5e:11:79,04:bf:6d:5e:11:7b,149 (5745 MHz),INITIAL CHANNEL SELECTION,RRM,RRM,"{Description=This event is triggered after AP bootup and sends initial channel metrics, ap_manufacturer=ZyXEL_EMG2926}",2019-03-25 18:14
04:bf:6d:5e:11:78,04:bf:6d:5e:11:7b,1 (2412 MHz),INFORM CS - MODIFY AP CONFIGURATION,RRM,CONFIG_SERVICE,"{channelSetSelection Changed =3 -> 4}",2019-03-25 18:14
04:bf:6d:5e:11:78,04:bf:6d:5e:11:7b,1 (2412 MHz),INITIAL CHANNEL SELECTION,RRM,RRM,"{Description=This event is triggered after AP bootup and sends initial channel metrics, ap_manufacturer=ZyXEL_EMG2926}",2019-03-25 18:14
04:bf:6d:5e:11:79,04:bf:6d:5e:11:7b,149 (5745 MHz),INFORM CS - AP BOOTUP AFTER POWER CYCLE,AP,CONFIG_SERVICE,"No changes",2019-03-25 18:14
04:bf:6d:5e:11:78,04:bf:6d:5e:11:7b,1 (2412 MHz),INFORM CS - AP BOOTUP AFTER POWER CYCLE,AP,CONFIG_SERVICE,"No changes",2019-03-25 18:14
04:bf:6d:5e:26:88,04:bf:6d:5e:26:8b,1 (2412 MHz),INFORM CS - MODIFY AP CONFIGURATION,RRM,CONFIG_SERVICE,"{candidateBssList=[{ ""bssid"" : ""04:bf:6d:5e:26:89"" , ""channel"" : 40 , ""bandwidth"" : 80}], deassociateStaList=[c0:f2:fb:bc:9f:69], frequencySetBy=10}",2019-03-25 18:02
b8:ec:a3:2f:bd:7c,b8:ec:a3:2f:bd:7f,11 (2462 MHz),INFORM CS - MODIFY AP CONFIGURATION,RRM,CONFIG_SERVICE,"{candidateBssList=[{ ""bssid"" : ""b8:ec:a3:2f:bd:7d"" , ""channel"" : 157 , ""bandwidth"" : 80}], deassociateStaList=[bc:e1:43:0a:09:04], frequencySetBy=10}",2019-03-25 17:55
04:bf:6d:5e:12:8c,04:bf:6d:5e:12:8f,11 (2462 MHz),INFORM CS - MODIFY AP CONFIGURATION,RRM,CONFIG_SERVICE,"{candidateBssList=[{ ""bssid"" : ""04:bf:6d:5e:12:8d"" , ""channel"" : 149 , ""bandwidth"" : 80}], deassociateStaList=[e4:f0:42:a5:85:38], frequencySetBy=10}",2019-03-25 17:27
b8:ec:a3:2f:bd:2c,b8:ec:a3:2f:bd:2f,1 (2412 MHz),INFORM CS - MODIFY AP CONFIGURATION,RRM,CONFIG_SERVICE,"{candidateBssList=[{ ""bssid"" : ""b8:ec:a3:2f:bd:2d"" , ""channel"" : 157 , ""bandwidth"" : 80}], deassociateStaList=[f0:0f:ec:f8:01:ac], frequencySetBy=10}",2019-03-25 17:24
b8:ec:a3:2f:bd:2c,b8:ec:a3:2f:bd:2f,1 (2412 MHz),INFORM CS - MODIFY AP CONFIGURATION,RRM,CONFIG_SERVICE,"{candidateBssList=[{ ""bssid"" : ""b8:ec:a3:2f:bd:2d"" , ""channel"" : 157 , ""bandwidth"" : 80}], deassociateStaList=[f0:0f:ec:f8:01:ac], frequencySetBy=10}",2019-03-25 17:20
04:bf:6d:5e:26:68,04:bf:6d:5e:26:6b,11 (2462 MHz),INFORM CS - MODIFY AP CONFIGURATION,RRM,CONFIG_SERVICE,"{candidateBssList=[{ ""bssid"" : ""04:bf:6d:5e:26:69"" , ""channel"" : 157 , ""bandwidth"" : 80}], deassociateStaList=[04:d6:aa:66:76:5a], frequencySetBy=10}",2019-03-25 16:53
b8:ec:a3:2f:bd:2c,b8:ec:a3:2f:bd:2f,1 (2412 MHz),INFORM CS - MODIFY AP CONFIGURATION,RRM,CONFIG_SERVICE,"{candidateBssList=[{ ""bssid"" : ""b8:ec:a3:2f:bd:2d"" , ""channel"" : 157 , ""bandwidth"" : 80}], deassociateStaList=[f0:0f:ec:f8:01:ac], frequencySetBy=10}",2019-03-25 16:50
b8:ec:a3:2f:bd:2c,b8:ec:a3:2f:bd:2f,1 (2412 MHz),INFORM CS - MODIFY AP CONFIGURATION,RRM,CONFIG_SERVICE,"{candidateBssList=[{ ""bssid"" : ""b8:ec:a3:2f:bd:2d"" , ""channel"" : 157 , ""bandwidth"" : 80}], deassociateStaList=[f0:0f:ec:f8:01:ac], frequencySetBy=10}",2019-03-25 16:47
b8:ec:a3:2f:bd:2c,b8:ec:a3:2f:bd:2f,1 (2412 MHz),INFORM CS - MODIFY AP CONFIGURATION,RRM,CONFIG_SERVICE,"{candidateBssList=[{ ""bssid"" : ""b8:ec:a3:2f:bd:2d"" , ""channel"" : 157 , ""bandwidth"" : 80}], deassociateStaList=[f0:0f:ec:f8:01:ac], frequencySetBy=10}",2019-03-25 16:37
b8:ec:a3:2f:bd:2c,b8:ec:a3:2f:bd:2f,1 (2412 MHz),INFORM CS - MODIFY AP CONFIGURATION,RRM,CONFIG_SERVICE,"{candidateBssList=[{ ""bssid"" : ""b8:ec:a3:2f:bd:2d"" , ""channel"" : 157 , ""bandwidth"" : 80}], deassociateStaList=[f0:0f:ec:f8:01:ac], frequencySetBy=10}",2019-03-25 16:25
b8:ec:a3:2f:bd:2c,b8:ec:a3:2f:bd:2f,1 (2412 MHz),INFORM CS - MODIFY AP CONFIGURATION,RRM,CONFIG_SERVICE,"{candidateBssList=[{ ""bssid"" : ""b8:ec:a3:2f:bd:2d"" , ""channel"" : 157 , ""bandwidth"" : 80}], deassociateStaList=[f0:0f:ec:f8:01:ac], frequencySetBy=10}",2019-03-25 15:46
a0:e4:cb:fc:b4:ec,a0:e4:cb:fc:b4:ef,6 (2437 MHz),INFORM CS - MODIFY AP CONFIGURATION,RRM,CONFIG_SERVICE,"{candidateBssList=[{ ""bssid"" : ""a0:e4:cb:fc:b4:ed"" , ""channel"" : 149 , ""bandwidth"" : 80}], deassociateStaList=[34:12:f9:e8:4d:da], frequencySetBy=10}",2019-03-25 15:37
b8:ec:a3:2f:bd:68,b8:ec:a3:2f:bd:6b,1 (2412 MHz),INFORM CS - MODIFY AP CONFIGURATION,RRM,CONFIG_SERVICE,"{candidateBssList=[{ ""bssid"" : ""b8:ec:a3:2f:bd:69"" , ""channel"" : 149 , ""bandwidth"" : 80}], deassociateStaList=[f0:79:60:68:b4:f7], frequencySetBy=10}",2019-03-25 13:23
04:bf:6d:5e:26:68,04:bf:6d:5e:26:6b,11 (2462 MHz),INFORM CS - MODIFY AP CONFIGURATION,RRM,CONFIG_SERVICE,"{candidateBssList=[{ ""bssid"" : ""04:bf:6d:5e:26:69"" , ""channel"" : 157 , ""bandwidth"" : 80}], deassociateStaList=[04:d6:aa:66:76:5a], frequencySetBy=10}",2019-03-25 13:08
b8:ec:a3:2f:bd:14,b8:ec:a3:2f:bd:17,11 (2462 MHz),INFORM CS - MODIFY AP CONFIGURATION,RRM,CONFIG_SERVICE,"{candidateBssList=[{ ""bssid"" : ""b8:ec:a3:2f:bd:15"" , ""channel"" : 48 , ""bandwidth"" : 80}], deassociateStaList=[2c:59:8a:6b:53:c5], frequencySetBy=10}",2019-03-25 13:07
04:bf:6d:5e:26:68,04:bf:6d:5e:26:6b,11 (2462 MHz),INFORM CS - MODIFY AP CONFIGURATION,RRM,CONFIG_SERVICE,"{candidateBssList=[{ ""bssid"" : ""04:bf:6d:5e:26:69"" , ""channel"" : 157 , ""bandwidth"" : 80}], deassociateStaList=[b4:ae:2b:bd:d8:27], frequencySetBy=10}",2019-03-25 12:52
04:bf:6d:5e:26:78,04:bf:6d:5e:26:7b,1 (2412 MHz),INFORM CS - MODIFY AP CONFIGURATION,RRM,CONFIG_SERVICE,"{Frequency(MHz) Changed=2412 -> 2462}",2019-03-25 12:44
04:bf:6d:5e:26:78,04:bf:6d:5e:26:7b,1 (2412 MHz),NOISE THRESHOLD EXCEEDED,RRM,RRM,"{Description=This event is triggered when reported noise threshold exceeds the specified threshold below for 2 reporting periods, ownChannelNoiseComputed=-68.5, ap_manufacturer=ZyXEL_EMG2926, noise_jammer_threshold=-70}",2019-03-25 12:44
04:bf:6d:5e:26:78,04:bf:6d:5e:26:7b,6 (2437 MHz),INFORM CS - MODIFY AP CONFIGURATION,RRM,CONFIG_SERVICE,"{Frequency(MHz) Changed=2437 -> 2412}",2019-03-25 12:42
04:bf:6d:5e:26:78,04:bf:6d:5e:26:7b,6 (2437 MHz),NOISE ALARM DETECTED,RRM,RRM,"{Description=This event is triggered when noise alarm reported by the AP, ap_manufacturer=ZyXEL_EMG2926, alarm message=Noise -50 on channel 2437 Exceeded threshold -70 on AP 04:bf:6d:5e:26:7b}",2019-03-25 12:42
04:bf:6d:5e:26:78,04:bf:6d:5e:26:7b,1 (2412 MHz),INFORM CS - MODIFY AP CONFIGURATION,RRM,CONFIG_SERVICE,"{FrequencySetBy Changed =10 -> 4, Frequency(MHz) Changed=2412 -> 2437}",2019-03-25 12:40
04:bf:6d:5e:26:78,04:bf:6d:5e:26:7b,1 (2412 MHz),NOISE ALARM DETECTED,RRM,RRM,"{Description=This event is triggered when noise alarm reported by the AP, ap_manufacturer=ZyXEL_EMG2926, alarm message=Noise -69 on channel 2412 Exceeded threshold -70 on AP 04:bf:6d:5e:26:7b}",2019-03-25 12:40
04:bf:6d:5e:26:78,04:bf:6d:5e:26:7b,1 (2412 MHz),INFORM CS - MODIFY AP CONFIGURATION,RRM,CONFIG_SERVICE,"{candidateBssList=[{ ""bssid"" : ""04:bf:6d:5e:26:79"" , ""channel"" : 153 , ""bandwidth"" : 80}], deassociateStaList=[b4:ae:2b:c6:2e:50], frequencySetBy=10}",2019-03-25 12:36
04:bf:6d:5e:26:78,04:bf:6d:5e:26:7b,6 (2437 MHz),INFORM CS - MODIFY AP CONFIGURATION,RRM,CONFIG_SERVICE,"{Frequency(MHz) Changed=2437 -> 2412}",2019-03-25 12:26
04:bf:6d:5e:26:78,04:bf:6d:5e:26:7b,6 (2437 MHz),NOISE ALARM DETECTED,RRM,RRM,"{Description=This event is triggered when noise alarm reported by the AP, ap_manufacturer=ZyXEL_EMG2926, alarm message=Noise -70 on channel 2437 Exceeded threshold -70 on AP 04:bf:6d:5e:26:7b}",2019-03-25 12:26
04:bf:6d:5e:26:64,04:bf:6d:5e:26:67,6 (2437 MHz),INFORM CS - MODIFY AP CONFIGURATION,RRM,CONFIG_SERVICE,"{candidateBssList=[{ ""bssid"" : ""04:bf:6d:5e:26:65"" , ""channel"" : 149 , ""bandwidth"" : 80}], deassociateStaList=[fc:c2:de:94:56:d9], frequencySetBy=10}",2019-03-25 12:25
04:bf:6d:5e:26:78,04:bf:6d:5e:26:7b,11 (2462 MHz),INFORM CS - MODIFY AP CONFIGURATION,RRM,CONFIG_SERVICE,"{Frequency(MHz) Changed=2462 -> 2437}",2019-03-25 12:14
04:bf:6d:5e:26:78,04:bf:6d:5e:26:7b,11 (2462 MHz),NOISE ALARM DETECTED,RRM,RRM,"{Description=This event is triggered when noise alarm reported by the AP, ap_manufacturer=ZyXEL_EMG2926, alarm message=Noise -70 on channel 2462 Exceeded threshold -70 on AP 04:bf:6d:5e:26:7b}",2019-03-25 12:14
b8:ec:a3:2f:bd:2c,b8:ec:a3:2f:bd:2f,1 (2412 MHz),INFORM CS - MODIFY AP CONFIGURATION,RRM,CONFIG_SERVICE,"{candidateBssList=[{ ""bssid"" : ""b8:ec:a3:2f:bd:2d"" , ""channel"" : 157 , ""bandwidth"" : 80}], deassociateStaList=[f0:0f:ec:f8:01:ac], frequencySetBy=10}",2019-03-25 11:32
04:bf:6d:5e:12:80,04:bf:6d:5e:12:83,1 (2412 MHz),INFORM CS - MODIFY AP CONFIGURATION,RRM,CONFIG_SERVICE,"{candidateBssList=[{ ""bssid"" : ""04:bf:6d:5e:12:81"" , ""channel"" : 149 , ""bandwidth"" : 80}], deassociateStaList=[50:1e:2d:05:37:6e], frequencySetBy=10}",2019-03-25 11:14
a0:e4:cb:fc:b4:ec,a0:e4:cb:fc:b4:ef,6 (2437 MHz),INFORM CS - MODIFY AP CONFIGURATION,RRM,CONFIG_SERVICE,"{candidateBssList=[{ ""bssid"" : ""a0:e4:cb:fc:b4:ed"" , ""channel"" : 149 , ""bandwidth"" : 80}], deassociateStaList=[34:12:f9:e8:4d:da], frequencySetBy=10}",2019-03-25 10:09
b8:ec:a3:2f:bd:dc,b8:ec:a3:2f:bd:df,11 (2462 MHz),INFORM CS - MODIFY AP CONFIGURATION,RRM,CONFIG_SERVICE,"{candidateBssList=[{ ""bssid"" : ""b8:ec:a3:2f:bd:dd"" , ""channel"" : 149 , ""bandwidth"" : 80}], deassociateStaList=[dc:8b:28:af:f2:cb], frequencySetBy=10}",2019-03-25 07:58
b8:ec:a3:2f:bd:dc,b8:ec:a3:2f:bd:df,11 (2462 MHz),INFORM CS - MODIFY AP CONFIGURATION,RRM,CONFIG_SERVICE,"{candidateBssList=[{ ""bssid"" : ""b8:ec:a3:2f:bd:dd"" , ""channel"" : 149 , ""bandwidth"" : 80}], deassociateStaList=[dc:8b:28:af:f2:cb], frequencySetBy=10}",2019-03-25 07:54
b8:ec:a3:2f:bd:dc,b8:ec:a3:2f:bd:df,11 (2462 MHz),INFORM CS - MODIFY AP CONFIGURATION,RRM,CONFIG_SERVICE,"{candidateBssList=[{ ""bssid"" : ""b8:ec:a3:2f:bd:dd"" , ""channel"" : 149 , ""bandwidth"" : 80}], deassociateStaList=[dc:8b:28:af:f2:cb], frequencySetBy=10}",2019-03-25 07:51
b8:ec:a3:2f:bd:34,b8:ec:a3:2f:bd:37,6 (2437 MHz),INFORM CS - MODIFY AP CONFIGURATION,RRM,CONFIG_SERVICE,"{candidateBssList=[{ ""bssid"" : ""b8:ec:a3:2f:bd:35"" , ""channel"" : 149 , ""bandwidth"" : 80}], deassociateStaList=[54:b1:21:d4:37:2c], frequencySetBy=10}",2019-03-25 04:30
b8:ec:a3:2f:bd:30,b8:ec:a3:2f:bd:33,6 (2437 MHz),INFORM CS - MODIFY AP CONFIGURATION,RRM,CONFIG_SERVICE,"{candidateBssList=[{ ""bssid"" : ""b8:ec:a3:2f:bd:31"" , ""channel"" : 153 , ""bandwidth"" : 80}], deassociateStaList=[48:4b:aa:af:cb:19], frequencySetBy=10}",2019-03-25 03:36
b8:ec:a3:2f:bd:30,b8:ec:a3:2f:bd:33,6 (2437 MHz),INFORM CS - MODIFY AP CONFIGURATION,RRM,CONFIG_SERVICE,"{candidateBssList=[{ ""bssid"" : ""b8:ec:a3:2f:bd:31"" , ""channel"" : 153 , ""bandwidth"" : 80}], deassociateStaList=[48:4b:aa:af:cb:19], frequencySetBy=10}",2019-03-25 03:32
b8:ec:a3:2f:bd:30,b8:ec:a3:2f:bd:33,6 (2437 MHz),INFORM CS - MODIFY AP CONFIGURATION,RRM,CONFIG_SERVICE,"{candidateBssList=[{ ""bssid"" : ""b8:ec:a3:2f:bd:31"" , ""channel"" : 153 , ""bandwidth"" : 80}], deassociateStaList=[48:4b:aa:af:cb:19], frequencySetBy=10}",2019-03-25 02:46












