dateTime,airTimePercentage2pt4GHz,airTimePercentage5GHz,atfEnabled2pt4GHz,atfEnabled5GHz,countryCode,enabled,id,isFairPolicy2pt4GHz,isFairPolicy5GHz,name,publicSsid2pt4Controlled,publicSsid5Controlled,publicWifiNetworkID2pt4GHz,publicWifiNetworkID5GHz,ssidList2pt4GHz,ssidList5GHz
2019-03-25 00:45:01,1,1,False,False,CA,True,5e60c5ff-56e0-4987-a72d-e86f5bdaef15,True,True,ZyXEL,False,False,,,[''],['']
2019-03-25 01:45:01,1,1,False,False,CA,True,5e60c5ff-56e0-4987-a72d-e86f5bdaef15,True,True,ZyXEL,False,False,,,[''],['']
2019-03-25 02:45:02,1,1,False,False,CA,True,5e60c5ff-56e0-4987-a72d-e86f5bdaef15,True,True,ZyXEL,False,False,,,[''],['']
2019-03-25 03:45:01,1,1,False,False,CA,True,5e60c5ff-56e0-4987-a72d-e86f5bdaef15,True,True,ZyXEL,False,False,,,[''],['']
2019-03-25 04:45:01,1,1,False,False,CA,True,5e60c5ff-56e0-4987-a72d-e86f5bdaef15,True,True,ZyXEL,False,False,,,[''],['']
2019-03-25 05:45:01,1,1,False,False,CA,True,5e60c5ff-56e0-4987-a72d-e86f5bdaef15,True,True,ZyXEL,False,False,,,[''],['']
2019-03-25 06:45:01,1,1,False,False,CA,True,5e60c5ff-56e0-4987-a72d-e86f5bdaef15,True,True,ZyXEL,False,False,,,[''],['']
2019-03-25 07:45:02,1,1,False,False,CA,True,5e60c5ff-56e0-4987-a72d-e86f5bdaef15,True,True,ZyXEL,False,False,,,[''],['']
2019-03-25 08:45:01,1,1,False,False,CA,True,5e60c5ff-56e0-4987-a72d-e86f5bdaef15,True,True,ZyXEL,False,False,,,[''],['']
2019-03-25 09:45:01,1,1,False,False,CA,True,5e60c5ff-56e0-4987-a72d-e86f5bdaef15,True,True,ZyXEL,False,False,,,[''],['']
2019-03-25 10:45:02,1,1,False,False,CA,True,5e60c5ff-56e0-4987-a72d-e86f5bdaef15,True,True,ZyXEL,False,False,,,[''],['']
2019-03-25 11:45:02,1,1,False,False,CA,True,5e60c5ff-56e0-4987-a72d-e86f5bdaef15,True,True,ZyXEL,False,False,,,[''],['']
2019-03-25 12:45:02,1,1,False,False,CA,True,5e60c5ff-56e0-4987-a72d-e86f5bdaef15,True,True,ZyXEL,False,False,,,[''],['']
2019-03-25 13:45:02,1,1,False,False,CA,True,5e60c5ff-56e0-4987-a72d-e86f5bdaef15,True,True,ZyXEL,False,False,,,[''],['']
2019-03-25 14:45:01,1,1,False,False,CA,True,5e60c5ff-56e0-4987-a72d-e86f5bdaef15,True,True,ZyXEL,False,False,,,[''],['']
2019-03-25 15:45:01,1,1,False,False,CA,True,5e60c5ff-56e0-4987-a72d-e86f5bdaef15,True,True,ZyXEL,False,False,,,[''],['']
2019-03-25 16:45:01,1,1,False,False,CA,True,5e60c5ff-56e0-4987-a72d-e86f5bdaef15,True,True,ZyXEL,False,False,,,[''],['']
2019-03-25 17:45:01,1,1,False,False,CA,True,5e60c5ff-56e0-4987-a72d-e86f5bdaef15,True,True,ZyXEL,False,False,,,[''],['']
2019-03-25 18:45:01,1,1,False,False,CA,True,5e60c5ff-56e0-4987-a72d-e86f5bdaef15,True,True,ZyXEL,False,False,,,[''],['']
2019-03-25 19:45:01,1,1,False,False,CA,True,5e60c5ff-56e0-4987-a72d-e86f5bdaef15,True,True,ZyXEL,False,False,,,[''],['']
2019-03-25 20:45:01,1,1,False,False,CA,True,5e60c5ff-56e0-4987-a72d-e86f5bdaef15,True,True,ZyXEL,False,False,,,[''],['']
2019-03-25 21:45:02,1,1,False,False,CA,True,5e60c5ff-56e0-4987-a72d-e86f5bdaef15,True,True,ZyXEL,False,False,,,[''],['']
2019-03-25 22:45:01,1,1,False,False,CA,True,5e60c5ff-56e0-4987-a72d-e86f5bdaef15,True,True,ZyXEL,False,False,,,[''],['']
2019-03-25 23:45:02,1,1,False,False,CA,True,5e60c5ff-56e0-4987-a72d-e86f5bdaef15,True,True,ZyXEL,False,False,,,[''],['']
