

Historical Alarms - Detailed Log
ap,apId,apName,entity,category,severity,message,deviceType,createdTime,updatedTime,ackBy,ackTime
04:bf:6d:5e:11:8f,8108662df1b804bf6d5e118f,AP-4327,04:bf:6d:5e:11:8f/pollingTimeout,pollingTimeout,CLEAR,AP b8:ec:a3:2f:bd:73 Connection Lost CLEAR Severity Message,AP,1553728780677,-1,,-1
04:bf:6d:5e:11:8f,8108662df1b804bf6d5e118f,AP-4327,04:bf:6d:5e:11:8f/pollingTimeout,pollingTimeout,MAJOR,AP 04:bf:6d:5e:11:8f Connection Lost more than 5 minutes MAJOR Severity Message},AP,1553728690678,-1,,-1
04:bf:6d:5e:11:8f,8108662df1b804bf6d5e118f,AP-4327,04:bf:6d:5e:11:8f/pollingTimeout,pollingTimeout,CLEAR,AP b8:ec:a3:2f:bd:73 Connection Lost CLEAR Severity Message,AP,1553723470679,-1,,-1
04:bf:6d:5e:11:8f,8108662df1b804bf6d5e118f,AP-4327,04:bf:6d:5e:11:8f/pollingTimeout,pollingTimeout,MAJOR,AP 04:bf:6d:5e:11:8f Connection Lost more than 5 minutes MAJOR Severity Message},AP,1553723380676,-1,,-1










