dateTime,baseConfig,enabled,id,name,rrmConfig
2019-03-27 00:45:01,0,,00000000-0000-0000-0000-000000000000,Default ClusterConfig,False
2019-03-27 00:45:01,0,,00000000-0000-0000-0000-0000balanced,Balanced,False
2019-03-27 00:45:01,2,,00000000-0000-0000-0000-00aggressive,Aggressive,False
2019-03-27 00:45:01,1,,00000000-0000-0000-0000-conservative,Conservative,False
2019-03-27 01:45:02,0,,00000000-0000-0000-0000-000000000000,Default ClusterConfig,False
2019-03-27 01:45:02,0,,00000000-0000-0000-0000-0000balanced,Balanced,False
2019-03-27 01:45:02,2,,00000000-0000-0000-0000-00aggressive,Aggressive,False
2019-03-27 01:45:02,1,,00000000-0000-0000-0000-conservative,Conservative,False
2019-03-27 02:45:01,0,,00000000-0000-0000-0000-000000000000,Default ClusterConfig,False
2019-03-27 02:45:01,0,,00000000-0000-0000-0000-0000balanced,Balanced,False
2019-03-27 02:45:01,2,,00000000-0000-0000-0000-00aggressive,Aggressive,False
2019-03-27 02:45:01,1,,00000000-0000-0000-0000-conservative,Conservative,False
2019-03-27 03:45:01,0,,00000000-0000-0000-0000-000000000000,Default ClusterConfig,False
2019-03-27 03:45:01,0,,00000000-0000-0000-0000-0000balanced,Balanced,False
2019-03-27 03:45:01,2,,00000000-0000-0000-0000-00aggressive,Aggressive,False
2019-03-27 03:45:01,1,,00000000-0000-0000-0000-conservative,Conservative,False
2019-03-27 04:45:01,0,,00000000-0000-0000-0000-000000000000,Default ClusterConfig,False
2019-03-27 04:45:01,0,,00000000-0000-0000-0000-0000balanced,Balanced,False
2019-03-27 04:45:01,2,,00000000-0000-0000-0000-00aggressive,Aggressive,False
2019-03-27 04:45:01,1,,00000000-0000-0000-0000-conservative,Conservative,False
2019-03-27 05:45:01,0,,00000000-0000-0000-0000-000000000000,Default ClusterConfig,False
2019-03-27 05:45:01,0,,00000000-0000-0000-0000-0000balanced,Balanced,False
2019-03-27 05:45:01,2,,00000000-0000-0000-0000-00aggressive,Aggressive,False
2019-03-27 05:45:01,1,,00000000-0000-0000-0000-conservative,Conservative,False
2019-03-27 06:45:01,0,,00000000-0000-0000-0000-000000000000,Default ClusterConfig,False
2019-03-27 06:45:01,0,,00000000-0000-0000-0000-0000balanced,Balanced,False
2019-03-27 06:45:01,2,,00000000-0000-0000-0000-00aggressive,Aggressive,False
2019-03-27 06:45:01,1,,00000000-0000-0000-0000-conservative,Conservative,False
2019-03-27 07:45:01,0,,00000000-0000-0000-0000-000000000000,Default ClusterConfig,False
2019-03-27 07:45:01,0,,00000000-0000-0000-0000-0000balanced,Balanced,False
2019-03-27 07:45:01,2,,00000000-0000-0000-0000-00aggressive,Aggressive,False
2019-03-27 07:45:01,1,,00000000-0000-0000-0000-conservative,Conservative,False
2019-03-27 08:45:02,0,,00000000-0000-0000-0000-000000000000,Default ClusterConfig,False
2019-03-27 08:45:02,0,,00000000-0000-0000-0000-0000balanced,Balanced,False
2019-03-27 08:45:02,2,,00000000-0000-0000-0000-00aggressive,Aggressive,False
2019-03-27 08:45:02,1,,00000000-0000-0000-0000-conservative,Conservative,False
2019-03-27 09:45:01,0,,00000000-0000-0000-0000-000000000000,Default ClusterConfig,False
2019-03-27 09:45:01,0,,00000000-0000-0000-0000-0000balanced,Balanced,False
2019-03-27 09:45:01,2,,00000000-0000-0000-0000-00aggressive,Aggressive,False
2019-03-27 09:45:01,1,,00000000-0000-0000-0000-conservative,Conservative,False
2019-03-27 10:45:01,0,,00000000-0000-0000-0000-000000000000,Default ClusterConfig,False
2019-03-27 10:45:01,0,,00000000-0000-0000-0000-0000balanced,Balanced,False
2019-03-27 10:45:01,2,,00000000-0000-0000-0000-00aggressive,Aggressive,False
2019-03-27 10:45:01,1,,00000000-0000-0000-0000-conservative,Conservative,False
2019-03-27 11:45:02,0,,00000000-0000-0000-0000-000000000000,Default ClusterConfig,False
2019-03-27 11:45:02,0,,00000000-0000-0000-0000-0000balanced,Balanced,False
2019-03-27 11:45:02,2,,00000000-0000-0000-0000-00aggressive,Aggressive,False
2019-03-27 11:45:02,1,,00000000-0000-0000-0000-conservative,Conservative,False
2019-03-27 12:45:01,0,,00000000-0000-0000-0000-000000000000,Default ClusterConfig,False
2019-03-27 12:45:01,0,,00000000-0000-0000-0000-0000balanced,Balanced,False
2019-03-27 12:45:01,2,,00000000-0000-0000-0000-00aggressive,Aggressive,False
2019-03-27 12:45:01,1,,00000000-0000-0000-0000-conservative,Conservative,False
2019-03-27 13:45:01,0,,00000000-0000-0000-0000-000000000000,Default ClusterConfig,False
2019-03-27 13:45:01,0,,00000000-0000-0000-0000-0000balanced,Balanced,False
2019-03-27 13:45:01,2,,00000000-0000-0000-0000-00aggressive,Aggressive,False
2019-03-27 13:45:01,1,,00000000-0000-0000-0000-conservative,Conservative,False
2019-03-27 14:45:01,0,,00000000-0000-0000-0000-000000000000,Default ClusterConfig,False
2019-03-27 14:45:01,0,,00000000-0000-0000-0000-0000balanced,Balanced,False
2019-03-27 14:45:01,2,,00000000-0000-0000-0000-00aggressive,Aggressive,False
2019-03-27 14:45:01,1,,00000000-0000-0000-0000-conservative,Conservative,False
2019-03-27 15:45:01,0,,00000000-0000-0000-0000-000000000000,Default ClusterConfig,False
2019-03-27 15:45:01,0,,00000000-0000-0000-0000-0000balanced,Balanced,False
2019-03-27 15:45:01,2,,00000000-0000-0000-0000-00aggressive,Aggressive,False
2019-03-27 15:45:01,1,,00000000-0000-0000-0000-conservative,Conservative,False
2019-03-27 16:45:01,0,,00000000-0000-0000-0000-000000000000,Default ClusterConfig,False
2019-03-27 16:45:01,0,,00000000-0000-0000-0000-0000balanced,Balanced,False
2019-03-27 16:45:01,2,,00000000-0000-0000-0000-00aggressive,Aggressive,False
2019-03-27 16:45:01,1,,00000000-0000-0000-0000-conservative,Conservative,False
2019-03-27 17:45:01,0,,00000000-0000-0000-0000-000000000000,Default ClusterConfig,False
2019-03-27 17:45:01,0,,00000000-0000-0000-0000-0000balanced,Balanced,False
2019-03-27 17:45:01,2,,00000000-0000-0000-0000-00aggressive,Aggressive,False
2019-03-27 17:45:01,1,,00000000-0000-0000-0000-conservative,Conservative,False
2019-03-27 18:45:02,0,,00000000-0000-0000-0000-000000000000,Default ClusterConfig,False
2019-03-27 18:45:02,0,,00000000-0000-0000-0000-0000balanced,Balanced,False
2019-03-27 18:45:02,2,,00000000-0000-0000-0000-00aggressive,Aggressive,False
2019-03-27 18:45:02,1,,00000000-0000-0000-0000-conservative,Conservative,False
2019-03-27 19:45:01,0,,00000000-0000-0000-0000-000000000000,Default ClusterConfig,False
2019-03-27 19:45:01,0,,00000000-0000-0000-0000-0000balanced,Balanced,False
2019-03-27 19:45:01,2,,00000000-0000-0000-0000-00aggressive,Aggressive,False
2019-03-27 19:45:01,1,,00000000-0000-0000-0000-conservative,Conservative,False
2019-03-27 20:45:01,0,,00000000-0000-0000-0000-000000000000,Default ClusterConfig,False
2019-03-27 20:45:01,0,,00000000-0000-0000-0000-0000balanced,Balanced,False
2019-03-27 20:45:01,2,,00000000-0000-0000-0000-00aggressive,Aggressive,False
2019-03-27 20:45:01,1,,00000000-0000-0000-0000-conservative,Conservative,False
2019-03-27 21:45:01,0,,00000000-0000-0000-0000-000000000000,Default ClusterConfig,False
2019-03-27 21:45:01,0,,00000000-0000-0000-0000-0000balanced,Balanced,False
2019-03-27 21:45:01,2,,00000000-0000-0000-0000-00aggressive,Aggressive,False
2019-03-27 21:45:01,1,,00000000-0000-0000-0000-conservative,Conservative,False
2019-03-27 22:45:01,0,,00000000-0000-0000-0000-000000000000,Default ClusterConfig,False
2019-03-27 22:45:01,0,,00000000-0000-0000-0000-0000balanced,Balanced,False
2019-03-27 22:45:01,2,,00000000-0000-0000-0000-00aggressive,Aggressive,False
2019-03-27 22:45:01,1,,00000000-0000-0000-0000-conservative,Conservative,False
2019-03-27 23:45:01,0,,00000000-0000-0000-0000-000000000000,Default ClusterConfig,False
2019-03-27 23:45:01,0,,00000000-0000-0000-0000-0000balanced,Balanced,False
2019-03-27 23:45:01,2,,00000000-0000-0000-0000-00aggressive,Aggressive,False
2019-03-27 23:45:01,1,,00000000-0000-0000-0000-conservative,Conservative,False
