Client MAC Address, Source AP, Source AP Band, Target AP, Target AP Band, Source SS, Target SS, Steering Type, Steering Status, Steering Time, Update Time, LocalTime, Time Zone
64:a2:f9:3b:5f:dd,b8:ec:a3:2f:bd:55,5G,,,-84,,LOW Signal Strength,Not Moved,1553712317,1553712497,27-03-2019 14:48:17,America/New_York
c0:ee:fb:dd:2f:ed,b8:ec:a3:2f:bd:39,5G,04:bf:6d:5e:12:99,5G,-75,-54,LOW Signal Strength,Success,1553685137,1553685317,27-03-2019 07:15:17,America/New_York
c0:ee:fb:dd:2f:ed,04:bf:6d:5e:12:99,5G,04:bf:6d:5e:12:98,2.4G,-75,-58,LOW Signal Strength,Success,1553686877,1553687057,27-03-2019 07:44:17,America/New_York
c0:ee:fb:dd:2f:ed,b8:ec:a3:2f:bd:39,5G,04:bf:6d:5e:12:98,2.4G,-75,-54,LOW Signal Strength,Success,1553687027,1553687207,27-03-2019 07:46:47,America/New_York
c0:ee:fb:dd:2f:ed,04:bf:6d:5e:12:98,2.4G,04:bf:6d:5e:12:99,5G,-54,-50,5G PREFERENCE,Success,1553687217,1553687417,27-03-2019 07:50:17,America/New_York
c0:ee:fb:dd:2f:ed,04:bf:6d:5e:12:99,5G,,,-76,,LOW Signal Strength,Not Moved,1553687927,1553688107,27-03-2019 08:01:47,America/New_York
c0:ee:fb:dd:2f:ed,04:bf:6d:5e:12:99,5G,,,-86,,LOW Signal Strength,Missing,1553688107,1553688347,27-03-2019 08:05:47,America/New_York
c0:ee:fb:dd:2f:ed,04:bf:6d:5e:12:99,5G,,,-75,,LOW Signal Strength,Not Moved,1553725367,1553725547,27-03-2019 18:25:47,America/New_York
c0:ee:fb:dd:2f:ed,b8:ec:a3:2f:bd:39,5G,04:bf:6d:5e:12:99,5G,-77,-59,LOW Signal Strength,Success,1553725487,1553725667,27-03-2019 18:27:47,America/New_York
c0:ee:fb:dd:2f:ed,b8:ec:a3:2f:bd:39,5G,04:bf:6d:5e:12:99,5G,-77,-59,LOW Signal Strength,Success,1553725697,1553725877,27-03-2019 18:31:17,America/New_York
c0:ee:fb:dd:2f:ed,b8:ec:a3:2f:bd:39,5G,04:bf:6d:5e:12:99,5G,-80,-56,LOW Signal Strength,Success,1553734937,1553735117,27-03-2019 21:05:17,America/New_York
fc:c2:de:94:56:d9,04:bf:6d:5e:26:65,5G,,,-77,,LOW Signal Strength,Missing,1553723147,1553723387,27-03-2019 17:49:47,America/New_York
c0:a6:00:02:f4:31,04:bf:6d:5e:11:8d,5G,,,-77,,LOW Signal Strength,Not Moved,1553686757,1553686937,27-03-2019 07:42:17,America/New_York
c0:a6:00:02:f4:31,04:bf:6d:5e:11:8d,5G,,,-80,,LOW Signal Strength,Not Moved,1553686937,1553687117,27-03-2019 07:45:17,America/New_York
c0:bd:d1:7e:1a:7e,a0:e4:cb:fc:b4:ec,2.4G,a0:e4:cb:fc:b4:ed,5G,-39,-60,5G PREFERENCE,Success,1553678457,1553678657,27-03-2019 05:24:17,America/New_York
c0:bd:d1:7e:1a:7e,a0:e4:cb:fc:b4:ec,2.4G,a0:e4:cb:fc:b4:ed,5G,-54,-64,5G PREFERENCE,Success,1553729997,1553730197,27-03-2019 19:43:17,America/New_York
c0:bd:d1:7e:1a:7e,a0:e4:cb:fc:b4:ec,2.4G,,,-43,,5G PREFERENCE,Not Moved,1553741037,1553741237,27-03-2019 22:47:17,America/New_York
c0:bd:d1:7e:1a:7e,a0:e4:cb:fc:b4:ec,2.4G,,,-47,,5G PREFERENCE,Not Moved,1553741247,1553741447,27-03-2019 22:50:47,America/New_York
e4:f0:42:a5:85:38,04:bf:6d:5e:12:8d,5G,04:bf:6d:5e:12:8c,2.4G,-75,-52,LOW Signal Strength,Success,1553696237,1553696417,27-03-2019 10:20:17,America/New_York
e4:f0:42:a5:85:38,04:bf:6d:5e:12:8c,2.4G,04:bf:6d:5e:12:8d,5G,-52,-72,5G PREFERENCE,Success,1553696997,1553697197,27-03-2019 10:33:17,America/New_York
e4:f0:42:a5:85:38,04:bf:6d:5e:12:8d,5G,04:bf:6d:5e:12:8c,2.4G,-75,-50,LOW Signal Strength,Success,1553697707,1553697887,27-03-2019 10:44:47,America/New_York
e4:f0:42:a5:85:38,04:bf:6d:5e:12:8d,5G,04:bf:6d:5e:12:8c,2.4G,-75,-56,LOW Signal Strength,Success,1553732357,1553732537,27-03-2019 20:22:17,America/New_York
d0:d2:b0:4e:d9:8d,04:bf:6d:5e:26:69,5G,,,-75,,LOW Signal Strength,Not Moved,1553702687,1553702867,27-03-2019 12:07:47,America/New_York
d0:d2:b0:4e:d9:8d,04:bf:6d:5e:26:69,5G,04:bf:6d:5e:26:68,2.4G,-82,-81,LOW Signal Strength,Success,1553708807,1553708987,27-03-2019 13:49:47,America/New_York
d0:d2:b0:4e:d9:8d,04:bf:6d:5e:26:69,5G,,,-82,,LOW Signal Strength,Missing,1553709017,1553709257,27-03-2019 13:54:17,America/New_York
d0:d2:b0:4e:d9:8d,04:bf:6d:5e:26:69,5G,,,-75,,LOW Signal Strength,Not Moved,1553725427,1553725607,27-03-2019 18:26:47,America/New_York
d0:d2:b0:4e:d9:8d,04:bf:6d:5e:26:69,5G,,,-76,,LOW Signal Strength,Not Moved,1553725637,1553725817,27-03-2019 18:30:17,America/New_York
d0:d2:b0:4e:d9:8d,04:bf:6d:5e:26:69,5G,,,-77,,LOW Signal Strength,Not Moved,1553729387,1553729567,27-03-2019 19:32:47,America/New_York
d0:d2:b0:4e:d9:8d,04:bf:6d:5e:26:69,5G,,,-77,,LOW Signal Strength,Not Moved,1553729597,1553729777,27-03-2019 19:36:17,America/New_York
d0:d2:b0:4e:d9:8d,04:bf:6d:5e:26:69,5G,,,-75,,LOW Signal Strength,Not Moved,1553733227,1553733407,27-03-2019 20:36:47,America/New_York
d0:d2:b0:4e:d9:8d,04:bf:6d:5e:26:69,5G,,,-75,,LOW Signal Strength,Not Moved,1553733437,1553733617,27-03-2019 20:40:17,America/New_York
d0:d2:b0:4e:d9:8d,04:bf:6d:5e:26:69,5G,,,-75,,LOW Signal Strength,Not Moved,1553737067,1553737247,27-03-2019 21:40:47,America/New_York
bc:e1:43:0a:09:04,b8:ec:a3:2f:bd:7d,5G,,,-77,,LOW Signal Strength,Not Moved,1553691017,1553691197,27-03-2019 08:53:17,America/New_York
bc:e1:43:0a:09:04,b8:ec:a3:2f:bd:7d,5G,b8:ec:a3:2f:bd:7c,2.4G,-75,-56,LOW Signal Strength,Success,1553726807,1553726987,27-03-2019 18:49:47,America/New_York
bc:e1:43:0a:09:04,b8:ec:a3:2f:bd:7c,2.4G,b8:ec:a3:2f:bd:7d,5G,-56,-68,5G PREFERENCE,Success,1553726997,1553727197,27-03-2019 18:53:17,America/New_York
bc:e1:43:0a:09:04,b8:ec:a3:2f:bd:7d,5G,,,-75,,LOW Signal Strength,Not Moved,1553736737,1553736917,27-03-2019 21:35:17,America/New_York
34:12:f9:e8:4d:da,a0:e4:cb:fc:b4:ed,5G,a0:e4:cb:fc:b4:ec,2.4G,-75,-46,LOW Signal Strength,Success,1553690297,1553690477,27-03-2019 08:41:17,America/New_York
34:12:f9:e8:4d:da,a0:e4:cb:fc:b4:ed,5G,a0:e4:cb:fc:b4:ec,2.4G,-75,-47,LOW Signal Strength,Success,1553690507,1553690687,27-03-2019 08:44:47,America/New_York
34:12:f9:e8:4d:da,a0:e4:cb:fc:b4:ec,2.4G,a0:e4:cb:fc:b4:ed,5G,-39,-53,5G PREFERENCE,Success,1553697717,1553697917,27-03-2019 10:45:17,America/New_York
34:12:f9:e8:4d:da,a0:e4:cb:fc:b4:ec,2.4G,a0:e4:cb:fc:b4:ed,5G,-43,-57,5G PREFERENCE,Success,1553703957,1553704157,27-03-2019 12:29:17,America/New_York
34:12:f9:e8:4d:da,a0:e4:cb:fc:b4:ec,2.4G,a0:e4:cb:fc:b4:ed,5G,-48,-56,5G PREFERENCE,Success,1553717517,1553717717,27-03-2019 16:15:17,America/New_York
50:1e:2d:05:37:6e,04:bf:6d:5e:12:80,2.4G,,,-37,,5G PREFERENCE,Not Moved,1553743107,1553743307,27-03-2019 23:21:47,America/New_York
a0:99:9b:39:ae:b0,04:bf:6d:5e:12:81,5G,,,-77,,LOW Signal Strength,Missing,1553692307,1553692547,27-03-2019 09:15:47,America/New_York
a0:99:9b:39:ae:b0,04:bf:6d:5e:12:81,5G,,,-79,,LOW Signal Strength,Not Moved,1553723837,1553724017,27-03-2019 18:00:17,America/New_York
a0:99:9b:39:ae:b0,04:bf:6d:5e:12:81,5G,,,-75,,LOW Signal Strength,Not Moved,1553734817,1553734997,27-03-2019 21:03:17,America/New_York
f8:62:14:bd:f6:d2,04:bf:6d:5e:11:8d,5G,,,-75,,LOW Signal Strength,Not Moved,1553701577,1553701757,27-03-2019 11:49:17,America/New_York
f8:62:14:bd:f6:d2,04:bf:6d:5e:11:8c,2.4G,04:bf:6d:5e:11:8d,5G,-45,-52,5G PREFERENCE,Success,1553723547,1553723747,27-03-2019 17:55:47,America/New_York
f8:62:14:bd:f6:d2,04:bf:6d:5e:11:8d,5G,,,-78,,LOW Signal Strength,Missing,1553732057,1553732297,27-03-2019 20:18:17,America/New_York
dc:0b:34:c8:d7:54,b8:ec:a3:2f:bd:6d,5G,,,-76,,LOW Signal Strength,Not Moved,1553693027,1553693207,27-03-2019 09:26:47,America/New_York
dc:0b:34:c8:d7:54,b8:ec:a3:2f:bd:6d,5G,,,-82,,LOW Signal Strength,Missing,1553693207,1553693447,27-03-2019 09:30:47,America/New_York
2c:59:8a:6b:53:c5,b8:ec:a3:2f:bd:15,5G,,,-75,,LOW Signal Strength,Not Moved,1553689457,1553689637,27-03-2019 08:27:17,America/New_York
2c:59:8a:6b:53:c5,b8:ec:a3:2f:bd:15,5G,,,-76,,LOW Signal Strength,Missing,1553689667,1553689907,27-03-2019 08:31:47,America/New_York
40:4e:36:8a:de:8a,b8:ec:a3:2f:bd:81,5G,,,-76,,LOW Signal Strength,Not Moved,1553695967,1553696147,27-03-2019 10:15:47,America/New_York
54:b1:21:d4:37:2c,04:bf:6d:5e:12:70,2.4G,04:bf:6d:5e:12:71,5G,-60,-65,5G PREFERENCE,Success,1553702637,1553702837,27-03-2019 12:07:17,America/New_York
54:b1:21:d4:37:2c,04:bf:6d:5e:12:71,5G,,,-76,,LOW Signal Strength,Not Moved,1553702867,1553703047,27-03-2019 12:10:47,America/New_York
54:b1:21:d4:37:2c,04:bf:6d:5e:12:71,5G,,,-80,,LOW Signal Strength,Missing,1553703047,1553703287,27-03-2019 12:14:47,America/New_York
54:b1:21:d4:37:2c,04:bf:6d:5e:12:71,5G,b8:ec:a3:2f:bd:35,5G,-76,-48,LOW Signal Strength,Success,1553712647,1553712827,27-03-2019 14:53:47,America/New_York
54:b1:21:d4:37:2c,04:bf:6d:5e:12:71,5G,b8:ec:a3:2f:bd:35,5G,-77,-48,LOW Signal Strength,Success,1553712857,1553713037,27-03-2019 14:57:17,America/New_York
24:a0:74:0f:36:40,b8:ec:a3:2f:bd:48,2.4G,b8:ec:a3:2f:bd:49,5G,-49,-56,5G PREFERENCE,Success,1553738457,1553738657,27-03-2019 22:04:17,America/New_York
9c:e0:63:36:09:ce,b8:ec:a3:2f:bd:25,5G,b8:ec:a3:2f:bd:24,2.4G,-75,-38,LOW Signal Strength,Success,1553717537,1553717717,27-03-2019 16:15:17,America/New_York
9c:e0:63:36:09:ce,b8:ec:a3:2f:bd:24,2.4G,b8:ec:a3:2f:bd:25,5G,-38,-67,5G PREFERENCE,Success,1553717727,1553717927,27-03-2019 16:18:47,America/New_York
9c:e0:63:36:09:ce,b8:ec:a3:2f:bd:25,5G,b8:ec:a3:2f:bd:24,2.4G,-75,-48,LOW Signal Strength,Success,1553722097,1553722277,27-03-2019 17:31:17,America/New_York
9c:e0:63:36:09:ce,b8:ec:a3:2f:bd:24,2.4G,b8:ec:a3:2f:bd:25,5G,-48,-71,5G PREFERENCE,Success,1553722287,1553722487,27-03-2019 17:34:47,America/New_York
d0:b1:28:55:7e:a3,04:bf:6d:5e:12:65,5G,,,-79,,LOW Signal Strength,Not Moved,1553740487,1553740667,27-03-2019 22:37:47,America/New_York
b4:cd:27:14:1a:79,b8:ec:a3:2f:bd:74,2.4G,b8:ec:a3:2f:bd:75,5G,-48,-58,5G PREFERENCE,Success,1553732697,1553732897,27-03-2019 20:28:17,America/New_York
2c:3a:e8:2e:c2:50,b8:ec:a3:2f:bd:34,2.4G,,,-75,,LOW Signal Strength,Not Moved,1553714327,1553714507,27-03-2019 15:21:47,America/New_York
2c:3a:e8:2e:c2:50,b8:ec:a3:2f:bd:34,2.4G,,,-75,,LOW Signal Strength,Missing,1553720717,1553720957,27-03-2019 17:09:17,America/New_York
2c:3a:e8:2e:c2:50,b8:ec:a3:2f:bd:34,2.4G,,,-76,,LOW Signal Strength,Missing,1553735057,1553735297,27-03-2019 21:08:17,America/New_York
6c:c7:ec:12:8a:f4,b8:ec:a3:2f:bd:55,5G,,,-76,,LOW Signal Strength,Not Moved,1553706648,1553706827,27-03-2019 13:13:47,America/New_York
6c:c7:ec:12:8a:f4,b8:ec:a3:2f:bd:55,5G,,,-82,,LOW Signal Strength,Missing,1553706857,1553707097,27-03-2019 13:18:17,America/New_York
e4:e4:ab:72:de:f8,04:bf:6d:5e:12:70,2.4G,04:bf:6d:5e:12:71,5G,-55,-66,5G PREFERENCE,Success,1553698137,1553698337,27-03-2019 10:52:17,America/New_York
40:bc:60:b8:47:9a,b8:ec:a3:2f:bd:2d,5G,,,-78,,LOW Signal Strength,Not Moved,1553689547,1553689727,27-03-2019 08:28:47,America/New_York
40:bc:60:b8:47:9a,b8:ec:a3:2f:bd:2d,5G,,,-83,,LOW Signal Strength,Missing,1553689727,1553689967,27-03-2019 08:32:47,America/New_York
40:bc:60:b8:47:9a,b8:ec:a3:2f:bd:2d,5G,,,-75,,LOW Signal Strength,Not Moved,1553701847,1553702027,27-03-2019 11:53:47,America/New_York
40:bc:60:b8:47:9a,b8:ec:a3:2f:bd:2d,5G,,,-78,,LOW Signal Strength,Not Moved,1553723627,1553723807,27-03-2019 17:56:47,America/New_York
40:bc:60:b8:47:9a,b8:ec:a3:2f:bd:2d,5G,,,-82,,LOW Signal Strength,Not Moved,1553723807,1553723987,27-03-2019 17:59:47,America/New_York
f0:0f:ec:f8:01:ac,b8:ec:a3:2f:bd:2d,5G,,,-80,,LOW Signal Strength,Not Moved,1553689547,1553689727,27-03-2019 08:28:47,America/New_York
f0:0f:ec:f8:01:ac,b8:ec:a3:2f:bd:2d,5G,,,-84,,LOW Signal Strength,Not Moved,1553689727,1553689907,27-03-2019 08:31:47,America/New_York
f0:0f:ec:f8:01:ac,b8:ec:a3:2f:bd:2d,5G,,,-75,,LOW Signal Strength,Not Moved,1553702087,1553702267,27-03-2019 11:57:47,America/New_York
f0:0f:ec:f8:01:ac,b8:ec:a3:2f:bd:2d,5G,b8:ec:a3:2f:bd:2c,2.4G,-75,-63,LOW Signal Strength,Success,1553702267,1553702447,27-03-2019 12:00:47,America/New_York
f0:0f:ec:f8:01:ac,b8:ec:a3:2f:bd:2c,2.4G,b8:ec:a3:2f:bd:2d,5G,-62,-75,5G PREFERENCE,Success,1553702487,1553702687,27-03-2019 12:04:47,America/New_York
f0:0f:ec:f8:01:ac,b8:ec:a3:2f:bd:2d,5G,b8:ec:a3:2f:bd:2c,2.4G,-75,-61,LOW Signal Strength,Success,1553705177,1553705357,27-03-2019 12:49:17,America/New_York
f0:0f:ec:f8:01:ac,b8:ec:a3:2f:bd:2d,5G,b8:ec:a3:2f:bd:2c,2.4G,-75,-60,LOW Signal Strength,Success,1553705387,1553705567,27-03-2019 12:52:47,America/New_York
f0:0f:ec:f8:01:ac,b8:ec:a3:2f:bd:2c,2.4G,,,-60,,5G PREFERENCE,Not Moved,1553705577,1553705777,27-03-2019 12:56:17,America/New_York
f0:0f:ec:f8:01:ac,b8:ec:a3:2f:bd:2c,2.4G,b8:ec:a3:2f:bd:2d,5G,-49,-58,5G PREFERENCE,Success,1553705787,1553705987,27-03-2019 12:59:47,America/New_York
f0:0f:ec:f8:01:ac,b8:ec:a3:2f:bd:2d,5G,,,-75,,LOW Signal Strength,Not Moved,1553716127,1553716307,27-03-2019 15:51:47,America/New_York
f0:0f:ec:f8:01:ac,b8:ec:a3:2f:bd:2d,5G,,,-83,,LOW Signal Strength,Missing,1553716337,1553716577,27-03-2019 15:56:17,America/New_York
f0:0f:ec:f8:01:ac,b8:ec:a3:2f:bd:2d,5G,b8:ec:a3:2f:bd:2c,2.4G,-75,-44,LOW Signal Strength,Success,1553717987,1553718167,27-03-2019 16:22:47,America/New_York
f0:0f:ec:f8:01:ac,b8:ec:a3:2f:bd:2d,5G,b8:ec:a3:2f:bd:2c,2.4G,-76,-57,LOW Signal Strength,Success,1553718167,1553718347,27-03-2019 16:25:47,America/New_York
f0:0f:ec:f8:01:ac,b8:ec:a3:2f:bd:2c,2.4G,b8:ec:a3:2f:bd:2d,5G,-57,-72,5G PREFERENCE,Success,1553718357,1553718557,27-03-2019 16:29:17,America/New_York
f0:0f:ec:f8:01:ac,b8:ec:a3:2f:bd:2d,5G,,,-75,,LOW Signal Strength,Not Moved,1553721377,1553721557,27-03-2019 17:19:17,America/New_York
f0:0f:ec:f8:01:ac,b8:ec:a3:2f:bd:2d,5G,,,-77,,LOW Signal Strength,Missing,1553723627,1553723867,27-03-2019 17:57:47,America/New_York
d8:c4:6a:23:6a:7a,b8:ec:a3:2f:bd:1d,5G,,,-82,,LOW Signal Strength,Not Moved,1553692097,1553692277,27-03-2019 09:11:17,America/New_York
d8:c4:6a:23:6a:7a,b8:ec:a3:2f:bd:1d,5G,,,-82,,LOW Signal Strength,Missing,1553741177,1553741417,27-03-2019 22:50:17,America/New_York
04:d6:aa:66:76:5a,04:bf:6d:5e:26:69,5G,,,-78,,LOW Signal Strength,Not Moved,1553693507,1553693687,27-03-2019 09:34:47,America/New_York
04:d6:aa:66:76:5a,04:bf:6d:5e:26:69,5G,,,-75,,LOW Signal Strength,Not Moved,1553698127,1553698307,27-03-2019 10:51:47,America/New_York
04:d6:aa:66:76:5a,04:bf:6d:5e:26:69,5G,,,-75,,LOW Signal Strength,Not Moved,1553704367,1553704547,27-03-2019 12:35:47,America/New_York
04:d6:aa:66:76:5a,04:bf:6d:5e:26:69,5G,,,-77,,LOW Signal Strength,Not Moved,1553707127,1553707307,27-03-2019 13:21:47,America/New_York
04:d6:aa:66:76:5a,04:bf:6d:5e:26:69,5G,,,-86,,LOW Signal Strength,Not Moved,1553707337,1553707517,27-03-2019 13:25:17,America/New_York
04:d6:aa:66:76:5a,04:bf:6d:5e:26:69,5G,,,-75,,LOW Signal Strength,Not Moved,1553713907,1553714087,27-03-2019 15:14:47,America/New_York
04:d6:aa:66:76:5a,04:bf:6d:5e:26:69,5G,,,-80,,LOW Signal Strength,Missing,1553727707,1553727947,27-03-2019 19:05:47,America/New_York
04:d6:aa:66:76:5a,04:bf:6d:5e:26:69,5G,,,-76,,LOW Signal Strength,Not Moved,1553729897,1553730077,27-03-2019 19:41:17,America/New_York
04:d6:aa:66:76:5a,04:bf:6d:5e:26:69,5G,,,-79,,LOW Signal Strength,Missing,1553736107,1553736347,27-03-2019 21:25:47,America/New_York
04:d6:aa:66:76:5a,04:bf:6d:5e:26:69,5G,,,-76,,LOW Signal Strength,Not Moved,1553739347,1553739527,27-03-2019 22:18:47,America/New_York
48:4b:aa:af:cb:19,b8:ec:a3:2f:bd:31,5G,b8:ec:a3:2f:bd:30,2.4G,-75,-53,LOW Signal Strength,Success,1553696507,1553696687,27-03-2019 10:24:47,America/New_York
48:4b:aa:af:cb:19,b8:ec:a3:2f:bd:31,5G,,,-75,,LOW Signal Strength,Not Moved,1553696717,1553696897,27-03-2019 10:28:17,America/New_York
48:4b:aa:af:cb:19,b8:ec:a3:2f:bd:31,5G,b8:ec:a3:2f:bd:30,2.4G,-75,-42,LOW Signal Strength,Success,1553697017,1553697197,27-03-2019 10:33:17,America/New_York
48:4b:aa:af:cb:19,b8:ec:a3:2f:bd:31,5G,b8:ec:a3:2f:bd:30,2.4G,-75,-42,LOW Signal Strength,Success,1553697197,1553697377,27-03-2019 10:36:17,America/New_York
48:4b:aa:af:cb:19,b8:ec:a3:2f:bd:30,2.4G,b8:ec:a3:2f:bd:31,5G,-42,-59,5G PREFERENCE,Success,1553697387,1553697587,27-03-2019 10:39:47,America/New_York
48:4b:aa:af:cb:19,b8:ec:a3:2f:bd:31,5G,,,-78,,LOW Signal Strength,Not Moved,1553719067,1553719247,27-03-2019 16:40:47,America/New_York
48:4b:aa:af:cb:19,b8:ec:a3:2f:bd:31,5G,b8:ec:a3:2f:bd:30,2.4G,-75,-51,LOW Signal Strength,Success,1553719397,1553719577,27-03-2019 16:46:17,America/New_York
48:4b:aa:af:cb:19,b8:ec:a3:2f:bd:31,5G,,,-75,,LOW Signal Strength,Not Moved,1553719607,1553719787,27-03-2019 16:49:47,America/New_York
48:4b:aa:af:cb:19,b8:ec:a3:2f:bd:31,5G,b8:ec:a3:2f:bd:30,2.4G,-75,-53,LOW Signal Strength,Success,1553732417,1553732597,27-03-2019 20:23:17,America/New_York
48:4b:aa:af:cb:19,b8:ec:a3:2f:bd:31,5G,,,-75,,LOW Signal Strength,Not Moved,1553732627,1553732807,27-03-2019 20:26:47,America/New_York
48:4b:aa:af:cb:19,b8:ec:a3:2f:bd:31,5G,b8:ec:a3:2f:bd:30,2.4G,-75,-53,LOW Signal Strength,Success,1553732927,1553733107,27-03-2019 20:31:47,America/New_York
48:4b:aa:af:cb:19,b8:ec:a3:2f:bd:31,5G,,,-75,,LOW Signal Strength,Not Moved,1553733107,1553733287,27-03-2019 20:34:47,America/New_York
44:91:60:56:07:bc,04:bf:6d:5e:11:85,5G,,,-85,,LOW Signal Strength,Missing,1553716277,1553716517,27-03-2019 15:55:17,America/New_York
94:65:2d:82:4f:8d,b8:ec:a3:2f:bd:f9,5G,,,-81,,LOW Signal Strength,Missing,1553691827,1553692067,27-03-2019 09:07:47,America/New_York
94:65:2d:82:4f:8d,b8:ec:a3:2f:bd:f9,5G,,,-78,,LOW Signal Strength,Not Moved,1553720567,1553720747,27-03-2019 17:05:47,America/New_York
94:65:2d:82:4f:8d,b8:ec:a3:2f:bd:f9,5G,,,-85,,LOW Signal Strength,Missing,1553720777,1553721017,27-03-2019 17:10:17,America/New_York
2c:0e:3d:95:a6:4e,04:bf:6d:5e:12:8d,5G,,,-80,,LOW Signal Strength,Not Moved,1553699267,1553699447,27-03-2019 11:10:47,America/New_York
2c:0e:3d:95:a6:4e,04:bf:6d:5e:12:8c,2.4G,04:bf:6d:5e:12:8d,5G,-53,-63,5G PREFERENCE,Success,1553737377,1553737577,27-03-2019 21:46:17,America/New_York
dc:ef:ca:d6:22:f1,04:bf:6d:5e:26:70,2.4G,04:bf:6d:5e:26:71,5G,-55,-55,5G PREFERENCE,Success,1553720217,1553720417,27-03-2019 17:00:17,America/New_York
44:91:60:62:70:d7,04:bf:6d:5e:12:81,5G,,,-75,,LOW Signal Strength,Not Moved,1553714567,1553714747,27-03-2019 15:25:47,America/New_York
f4:96:34:86:af:ce,b8:ec:a3:2f:bd:74,2.4G,,,-37,,5G PREFERENCE,Not Moved,1553709057,1553709257,27-03-2019 13:54:17,America/New_York
ac:bc:32:a3:9a:01,04:bf:6d:5e:26:88,2.4G,04:bf:6d:5e:26:89,5G,-32,-43,5G PREFERENCE,Success,1553723007,1553723207,27-03-2019 17:46:47,America/New_York
d4:a3:3d:a6:43:3c,b8:ec:a3:2f:bd:45,5G,,,-80,,LOW Signal Strength,Not Moved,1553692547,1553692727,27-03-2019 09:18:47,America/New_York
d4:a3:3d:a6:43:3c,b8:ec:a3:2f:bd:45,5G,,,-83,,LOW Signal Strength,Missing,1553692727,1553692967,27-03-2019 09:22:47,America/New_York
00:3d:e8:e7:51:53,04:bf:6d:5e:12:99,5G,04:bf:6d:5e:12:98,2.4G,-80,-72,LOW Signal Strength,Success,1553708327,1553708507,27-03-2019 13:41:47,America/New_York
00:3d:e8:e7:51:53,04:bf:6d:5e:12:98,2.4G,b8:ec:a3:2f:bd:39,5G,-75,-84,LOW Signal Strength,Success,1553708507,1553708687,27-03-2019 13:44:47,America/New_York
00:3d:e8:e7:51:53,04:bf:6d:5e:12:99,5G,b8:ec:a3:2f:bd:39,5G,-79,-82,LOW Signal Strength,Success,1553708537,1553708717,27-03-2019 13:45:17,America/New_York
00:3d:e8:e7:51:53,b8:ec:a3:2f:bd:39,5G,b8:ec:a3:2f:bd:38,2.4G,-77,-61,LOW Signal Strength,Success,1553712167,1553712347,27-03-2019 14:45:47,America/New_York
00:3d:e8:e7:51:53,b8:ec:a3:2f:bd:39,5G,b8:ec:a3:2f:bd:38,2.4G,-77,-60,LOW Signal Strength,Success,1553712377,1553712557,27-03-2019 14:49:17,America/New_York
00:3d:e8:e7:51:53,b8:ec:a3:2f:bd:38,2.4G,b8:ec:a3:2f:bd:39,5G,-60,-80,5G PREFERENCE,Success,1553712567,1553712767,27-03-2019 14:52:47,America/New_York
00:3d:e8:e7:51:53,b8:ec:a3:2f:bd:39,5G,b8:ec:a3:2f:bd:38,2.4G,-75,-62,LOW Signal Strength,Success,1553714597,1553714777,27-03-2019 15:26:17,America/New_York
00:3d:e8:e7:51:53,b8:ec:a3:2f:bd:38,2.4G,b8:ec:a3:2f:bd:39,5G,-62,-76,5G PREFERENCE,Success,1553714787,1553714987,27-03-2019 15:29:47,America/New_York
00:3d:e8:e7:51:53,b8:ec:a3:2f:bd:39,5G,,,-75,,LOW Signal Strength,Not Moved,1553714807,1553714987,27-03-2019 15:29:47,America/New_York
00:3d:e8:e7:51:53,b8:ec:a3:2f:bd:39,5G,b8:ec:a3:2f:bd:38,2.4G,-75,-61,LOW Signal Strength,Success,1553716817,1553716997,27-03-2019 16:03:17,America/New_York
00:3d:e8:e7:51:53,b8:ec:a3:2f:bd:39,5G,b8:ec:a3:2f:bd:38,2.4G,-75,-70,LOW Signal Strength,Success,1553717027,1553717207,27-03-2019 16:06:47,America/New_York
00:3d:e8:e7:51:53,b8:ec:a3:2f:bd:38,2.4G,b8:ec:a3:2f:bd:39,5G,-61,-77,5G PREFERENCE,Success,1553717787,1553717987,27-03-2019 16:19:47,America/New_York
00:3d:e8:e7:51:53,b8:ec:a3:2f:bd:39,5G,b8:ec:a3:2f:bd:38,2.4G,-76,-60,LOW Signal Strength,Success,1553719817,1553719997,27-03-2019 16:53:17,America/New_York
00:3d:e8:e7:51:53,b8:ec:a3:2f:bd:39,5G,b8:ec:a3:2f:bd:38,2.4G,-76,-59,LOW Signal Strength,Success,1553720027,1553720207,27-03-2019 16:56:47,America/New_York
00:3d:e8:e7:51:53,b8:ec:a3:2f:bd:38,2.4G,,,-77,,LOW Signal Strength,Missing,1553721617,1553721857,27-03-2019 17:24:17,America/New_York
88:66:a5:ba:5b:1b,04:bf:6d:5e:12:71,5G,,,-77,,LOW Signal Strength,Not Moved,1553696807,1553696987,27-03-2019 10:29:47,America/New_York
88:66:a5:ba:5b:1b,04:bf:6d:5e:12:71,5G,b8:ec:a3:2f:bd:35,5G,-79,-61,LOW Signal Strength,Success,1553707247,1553707427,27-03-2019 13:23:47,America/New_York
88:66:a5:ba:5b:1b,04:bf:6d:5e:12:71,5G,b8:ec:a3:2f:bd:35,5G,-79,-61,LOW Signal Strength,Success,1553707427,1553707607,27-03-2019 13:26:47,America/New_York
88:66:a5:ba:5b:1b,04:bf:6d:5e:12:70,2.4G,04:bf:6d:5e:12:71,5G,-62,-67,5G PREFERENCE,Success,1553713017,1553713217,27-03-2019 15:00:17,America/New_York
88:66:a5:ba:5b:1b,04:bf:6d:5e:12:71,5G,,,-75,,LOW Signal Strength,Not Moved,1553713937,1553714117,27-03-2019 15:15:17,America/New_York
88:66:a5:ba:5b:1b,04:bf:6d:5e:12:71,5G,b8:ec:a3:2f:bd:34,2.4G,-75,-57,LOW Signal Strength,Success,1553715137,1553715317,27-03-2019 15:35:17,America/New_York
88:66:a5:ba:5b:1b,04:bf:6d:5e:12:71,5G,,,-75,,LOW Signal Strength,Not Moved,1553717177,1553717357,27-03-2019 16:09:17,America/New_York
a0:c9:a0:89:33:71,04:bf:6d:5e:26:79,5G,,,-76,,LOW Signal Strength,Not Moved,1553691437,1553691617,27-03-2019 09:00:17,America/New_York
a0:c9:a0:89:33:71,04:bf:6d:5e:26:79,5G,,,-79,,LOW Signal Strength,Missing,1553691647,1553691887,27-03-2019 09:04:47,America/New_York
a0:c9:a0:89:33:71,04:bf:6d:5e:26:79,5G,,,-77,,LOW Signal Strength,Missing,1553702957,1553703197,27-03-2019 12:13:17,America/New_York
a0:c9:a0:89:33:71,04:bf:6d:5e:26:79,5G,,,-77,,LOW Signal Strength,Not Moved,1553713487,1553713667,27-03-2019 15:07:47,America/New_York
a0:c9:a0:89:33:71,04:bf:6d:5e:26:79,5G,,,-75,,LOW Signal Strength,Missing,1553723687,1553723927,27-03-2019 17:58:47,America/New_York
a0:c9:a0:89:33:71,04:bf:6d:5e:26:79,5G,,,-75,,LOW Signal Strength,Not Moved,1553735477,1553735657,27-03-2019 21:14:17,America/New_York
a0:c9:a0:89:33:71,04:bf:6d:5e:26:79,5G,,,-79,,LOW Signal Strength,Missing,1553735687,1553735927,27-03-2019 21:18:47,America/New_York
f0:98:9d:a3:89:f1,04:bf:6d:5e:11:91,5G,,,-76,,LOW Signal Strength,Not Moved,1553711117,1553711297,27-03-2019 14:28:17,America/New_York
f0:98:9d:a3:89:f1,04:bf:6d:5e:11:91,5G,,,-79,,LOW Signal Strength,Not Moved,1553734487,1553734667,27-03-2019 20:57:47,America/New_York
f0:79:60:68:b4:f7,b8:ec:a3:2f:bd:7d,5G,b8:ec:a3:2f:bd:7c,2.4G,-76,-81,LOW Signal Strength,Success,1553726177,1553726357,27-03-2019 18:39:17,America/New_York
