Event Log

MAC Address,Prim. MAC Address,Channel,Type,Module (from),Module (to),Message,Time stamp
b8:ec:a3:2f:bd:30,b8:ec:a3:2f:bd:33,11 (2462 MHz),INFORM CS - MODIFY AP CONFIGURATION,RRM,CONFIG_SERVICE,"{candidateBssList=[{ ""bssid"" : ""b8:ec:a3:2f:bd:31"" , ""channel"" : 153 , ""bandwidth"" : 80}], deassociateStaList=[48:4b:aa:af:cb:19], frequencySetBy=10}",2019-03-28 03:19
04:bf:6d:5e:12:80,04:bf:6d:5e:12:83,1 (2412 MHz),INFORM CS - MODIFY AP CONFIGURATION,RRM,CONFIG_SERVICE,"{candidateBssList=[{ ""bssid"" : ""04:bf:6d:5e:12:81"" , ""channel"" : 149 , ""bandwidth"" : 80}], deassociateStaList=[50:1e:2d:05:37:6e], frequencySetBy=10}",2019-03-27 23:18
a0:e4:cb:fc:b4:ec,a0:e4:cb:fc:b4:ef,6 (2437 MHz),INFORM CS - MODIFY AP CONFIGURATION,RRM,CONFIG_SERVICE,"{candidateBssList=[{ ""bssid"" : ""a0:e4:cb:fc:b4:ed"" , ""channel"" : 149 , ""bandwidth"" : 80}], deassociateStaList=[c0:bd:d1:7e:1a:7e], frequencySetBy=10}",2019-03-27 22:47
a0:e4:cb:fc:b4:ec,a0:e4:cb:fc:b4:ef,6 (2437 MHz),INFORM CS - MODIFY AP CONFIGURATION,RRM,CONFIG_SERVICE,"{candidateBssList=[{ ""bssid"" : ""a0:e4:cb:fc:b4:ed"" , ""channel"" : 149 , ""bandwidth"" : 80}], deassociateStaList=[c0:bd:d1:7e:1a:7e], frequencySetBy=10}",2019-03-27 22:43
b8:ec:a3:2f:bd:48,b8:ec:a3:2f:bd:4b,1 (2412 MHz),INFORM CS - MODIFY AP CONFIGURATION,RRM,CONFIG_SERVICE,"{candidateBssList=[{ ""bssid"" : ""b8:ec:a3:2f:bd:49"" , ""channel"" : 149 , ""bandwidth"" : 80}], deassociateStaList=[24:a0:74:0f:36:40], frequencySetBy=10}",2019-03-27 22:00
04:bf:6d:5e:12:8c,04:bf:6d:5e:12:8f,11 (2462 MHz),INFORM CS - MODIFY AP CONFIGURATION,RRM,CONFIG_SERVICE,"{candidateBssList=[{ ""bssid"" : ""04:bf:6d:5e:12:8d"" , ""channel"" : 149 , ""bandwidth"" : 80}], deassociateStaList=[2c:0e:3d:95:a6:4e], frequencySetBy=10}",2019-03-27 21:42
b8:ec:a3:2f:bd:74,b8:ec:a3:2f:bd:77,6 (2437 MHz),INFORM CS - MODIFY AP CONFIGURATION,RRM,CONFIG_SERVICE,"{candidateBssList=[{ ""bssid"" : ""b8:ec:a3:2f:bd:75"" , ""channel"" : 153 , ""bandwidth"" : 80}], deassociateStaList=[b4:cd:27:14:1a:79], frequencySetBy=10}",2019-03-27 20:24
a0:e4:cb:fc:b4:ec,a0:e4:cb:fc:b4:ef,6 (2437 MHz),INFORM CS - MODIFY AP CONFIGURATION,RRM,CONFIG_SERVICE,"{candidateBssList=[{ ""bssid"" : ""a0:e4:cb:fc:b4:ed"" , ""channel"" : 149 , ""bandwidth"" : 80}], deassociateStaList=[c0:bd:d1:7e:1a:7e], frequencySetBy=10}",2019-03-27 19:39
04:bf:6d:5e:11:8d,04:bf:6d:5e:11:8f,48 (5240 MHz),INFORM CS - MODIFY AP CONFIGURATION,RRM,CONFIG_SERVICE,"{channelSetSelection Changed =3 -> 4}",2019-03-27 19:18
04:bf:6d:5e:11:8d,04:bf:6d:5e:11:8f,48 (5240 MHz),INITIAL CHANNEL SELECTION,RRM,RRM,"{Description=This event is triggered after AP bootup and sends initial channel metrics, ap_manufacturer=ZyXEL_EMG2926}",2019-03-27 19:18
04:bf:6d:5e:11:8c,04:bf:6d:5e:11:8f,11 (2462 MHz),INFORM CS - MODIFY AP CONFIGURATION,RRM,CONFIG_SERVICE,"{FrequencySetBy Changed =-1 -> 4, channelSetSelection Changed =3 -> 4, Frequency(MHz) Changed=2462 -> 2437}",2019-03-27 19:18
04:bf:6d:5e:11:8c,04:bf:6d:5e:11:8f,11 (2462 MHz),INITIAL CHANNEL SELECTION,RRM,RRM,"{Description=This event is triggered after AP bootup and sends initial channel metrics, ap_manufacturer=ZyXEL_EMG2926}",2019-03-27 19:18
04:bf:6d:5e:11:8d,04:bf:6d:5e:11:8f,48 (5240 MHz),INFORM CS - AP BOOTUP AFTER POWER CYCLE,AP,CONFIG_SERVICE,"No changes",2019-03-27 19:18
04:bf:6d:5e:11:8c,04:bf:6d:5e:11:8f,11 (2462 MHz),INFORM CS - AP BOOTUP AFTER POWER CYCLE,AP,CONFIG_SERVICE,"No changes",2019-03-27 19:18
b8:ec:a3:2f:bd:7c,b8:ec:a3:2f:bd:7f,11 (2462 MHz),INFORM CS - MODIFY AP CONFIGURATION,RRM,CONFIG_SERVICE,"{candidateBssList=[{ ""bssid"" : ""b8:ec:a3:2f:bd:7d"" , ""channel"" : 157 , ""bandwidth"" : 80}], deassociateStaList=[bc:e1:43:0a:09:04], frequencySetBy=10}",2019-03-27 18:49
b8:ec:a3:2f:bd:30,b8:ec:a3:2f:bd:33,6 (2437 MHz),INFORM CS - MODIFY AP CONFIGURATION,RRM,CONFIG_SERVICE,"{FrequencySetBy Changed =10 -> 4, Frequency(MHz) Changed=2437 -> 2462}",2019-03-27 18:08
b8:ec:a3:2f:bd:30,b8:ec:a3:2f:bd:33,6 (2437 MHz),CHANNEL USAGE THRESHOLD EXCEEDED,RRM,RRM,"{Description=This event is triggered when overall channel usage exceeds the specified threshold below, ap_manufacturer=ZyXEL_EMG2926, very_high_overall_usage_threshold=0.9, overall_channel_usage=0.922}",2019-03-27 18:08
b8:ec:a3:2f:bd:f8,b8:ec:a3:2f:bd:fb,6 (2437 MHz),INFORM CS - MODIFY AP CONFIGURATION,RRM,CONFIG_SERVICE,"{FrequencySetBy Changed =10 -> 4, Frequency(MHz) Changed=2437 -> 2462}",2019-03-27 18:07
b8:ec:a3:2f:bd:f8,b8:ec:a3:2f:bd:fb,6 (2437 MHz),CHANNEL USAGE THRESHOLD EXCEEDED,RRM,RRM,"{Description=This event is triggered when out of BSS channel usage exceeds the specified threshold below, ap_manufacturer=ZyXEL_EMG2926, calculated_competitive_channel_usage=0.802, high_competitive_usage_threshold=0.75}",2019-03-27 18:07
04:bf:6d:5e:11:8c,04:bf:6d:5e:11:8f,6 (2437 MHz),INFORM CS - MODIFY AP CONFIGURATION,RRM,CONFIG_SERVICE,"{candidateBssList=[{ ""bssid"" : ""04:bf:6d:5e:11:8d"" , ""channel"" : 149 , ""bandwidth"" : 80}], deassociateStaList=[f8:62:14:bd:f6:d2], frequencySetBy=10}",2019-03-27 17:52
04:bf:6d:5e:11:8d,04:bf:6d:5e:11:8f,48 (5240 MHz),INFORM CS - MODIFY AP CONFIGURATION,RRM,CONFIG_SERVICE,"{FrequencySetBy Changed =-1 -> 4, channelSetSelection Changed =3 -> 4, Frequency(MHz) Changed=5240 -> 5745, Transmit Power(dBm) Changed=16.0 -> 22.0}",2019-03-27 17:50
04:bf:6d:5e:11:8d,04:bf:6d:5e:11:8f,48 (5240 MHz),INITIAL CHANNEL SELECTION,RRM,RRM,"{Description=This event is triggered after AP bootup and sends initial channel metrics, ap_manufacturer=ZyXEL_EMG2926}",2019-03-27 17:50
04:bf:6d:5e:11:8c,04:bf:6d:5e:11:8f,6 (2437 MHz),INFORM CS - MODIFY AP CONFIGURATION,RRM,CONFIG_SERVICE,"{channelSetSelection Changed =3 -> 4}",2019-03-27 17:50
04:bf:6d:5e:11:8c,04:bf:6d:5e:11:8f,6 (2437 MHz),INITIAL CHANNEL SELECTION,RRM,RRM,"{Description=This event is triggered after AP bootup and sends initial channel metrics, ap_manufacturer=ZyXEL_EMG2926}",2019-03-27 17:50
04:bf:6d:5e:11:8d,04:bf:6d:5e:11:8f,48 (5240 MHz),INFORM CS - AP BOOTUP AFTER POWER CYCLE,AP,CONFIG_SERVICE,"No changes",2019-03-27 17:49
04:bf:6d:5e:11:8c,04:bf:6d:5e:11:8f,6 (2437 MHz),INFORM CS - AP BOOTUP AFTER POWER CYCLE,AP,CONFIG_SERVICE,"No changes",2019-03-27 17:49
04:bf:6d:5e:26:88,04:bf:6d:5e:26:8b,1 (2412 MHz),INFORM CS - MODIFY AP CONFIGURATION,RRM,CONFIG_SERVICE,"{candidateBssList=[{ ""bssid"" : ""04:bf:6d:5e:26:89"" , ""channel"" : 40 , ""bandwidth"" : 80}], deassociateStaList=[ac:bc:32:a3:9a:01], frequencySetBy=10}",2019-03-27 17:43
b8:ec:a3:2f:bd:24,b8:ec:a3:2f:bd:27,6 (2437 MHz),INFORM CS - MODIFY AP CONFIGURATION,RRM,CONFIG_SERVICE,"{candidateBssList=[{ ""bssid"" : ""b8:ec:a3:2f:bd:25"" , ""channel"" : 40 , ""bandwidth"" : 80}], deassociateStaList=[9c:e0:63:36:09:ce], frequencySetBy=10}",2019-03-27 17:31
04:bf:6d:5e:26:70,04:bf:6d:5e:26:73,1 (2412 MHz),INFORM CS - MODIFY AP CONFIGURATION,RRM,CONFIG_SERVICE,"{candidateBssList=[{ ""bssid"" : ""04:bf:6d:5e:26:71"" , ""channel"" : 149 , ""bandwidth"" : 80}], deassociateStaList=[dc:ef:ca:d6:22:f1], frequencySetBy=10}",2019-03-27 16:56
b8:ec:a3:2f:bd:2c,b8:ec:a3:2f:bd:2f,1 (2412 MHz),INFORM CS - MODIFY AP CONFIGURATION,RRM,CONFIG_SERVICE,"{candidateBssList=[{ ""bssid"" : ""b8:ec:a3:2f:bd:2d"" , ""channel"" : 157 , ""bandwidth"" : 80}], deassociateStaList=[f0:0f:ec:f8:01:ac], frequencySetBy=10}",2019-03-27 16:25
b8:ec:a3:2f:bd:38,b8:ec:a3:2f:bd:3b,6 (2437 MHz),INFORM CS - MODIFY AP CONFIGURATION,RRM,CONFIG_SERVICE,"{candidateBssList=[{ ""bssid"" : ""b8:ec:a3:2f:bd:39"" , ""channel"" : 149 , ""bandwidth"" : 80}], deassociateStaList=[00:3d:e8:e7:51:53], frequencySetBy=10}",2019-03-27 16:16
b8:ec:a3:2f:bd:24,b8:ec:a3:2f:bd:27,6 (2437 MHz),INFORM CS - MODIFY AP CONFIGURATION,RRM,CONFIG_SERVICE,"{candidateBssList=[{ ""bssid"" : ""b8:ec:a3:2f:bd:25"" , ""channel"" : 40 , ""bandwidth"" : 80}], deassociateStaList=[9c:e0:63:36:09:ce], frequencySetBy=10}",2019-03-27 16:15
a0:e4:cb:fc:b4:ec,a0:e4:cb:fc:b4:ef,6 (2437 MHz),INFORM CS - MODIFY AP CONFIGURATION,RRM,CONFIG_SERVICE,"{candidateBssList=[{ ""bssid"" : ""a0:e4:cb:fc:b4:ed"" , ""channel"" : 149 , ""bandwidth"" : 80}], deassociateStaList=[34:12:f9:e8:4d:da], frequencySetBy=10}",2019-03-27 16:11
b8:ec:a3:2f:bd:38,b8:ec:a3:2f:bd:3b,6 (2437 MHz),INFORM CS - MODIFY AP CONFIGURATION,RRM,CONFIG_SERVICE,"{candidateBssList=[{ ""bssid"" : ""b8:ec:a3:2f:bd:39"" , ""channel"" : 149 , ""bandwidth"" : 80}], deassociateStaList=[00:3d:e8:e7:51:53], frequencySetBy=10}",2019-03-27 15:26
04:bf:6d:5e:12:70,04:bf:6d:5e:12:73,1 (2412 MHz),INFORM CS - MODIFY AP CONFIGURATION,RRM,CONFIG_SERVICE,"{candidateBssList=[{ ""bssid"" : ""04:bf:6d:5e:12:71"" , ""channel"" : 153 , ""bandwidth"" : 80}], deassociateStaList=[88:66:a5:ba:5b:1b], frequencySetBy=10}",2019-03-27 14:56
b8:ec:a3:2f:bd:38,b8:ec:a3:2f:bd:3b,6 (2437 MHz),INFORM CS - MODIFY AP CONFIGURATION,RRM,CONFIG_SERVICE,"{candidateBssList=[{ ""bssid"" : ""b8:ec:a3:2f:bd:39"" , ""channel"" : 149 , ""bandwidth"" : 80}], deassociateStaList=[00:3d:e8:e7:51:53], frequencySetBy=10}",2019-03-27 14:49
b8:ec:a3:2f:bd:74,b8:ec:a3:2f:bd:77,6 (2437 MHz),INFORM CS - MODIFY AP CONFIGURATION,RRM,CONFIG_SERVICE,"{candidateBssList=[{ ""bssid"" : ""b8:ec:a3:2f:bd:75"" , ""channel"" : 153 , ""bandwidth"" : 80}], deassociateStaList=[f4:96:34:86:af:ce], frequencySetBy=10}",2019-03-27 13:50
b8:ec:a3:2f:bd:2c,b8:ec:a3:2f:bd:2f,1 (2412 MHz),INFORM CS - MODIFY AP CONFIGURATION,RRM,CONFIG_SERVICE,"{candidateBssList=[{ ""bssid"" : ""b8:ec:a3:2f:bd:2d"" , ""channel"" : 157 , ""bandwidth"" : 80}], deassociateStaList=[f0:0f:ec:f8:01:ac], frequencySetBy=10}",2019-03-27 12:56
b8:ec:a3:2f:bd:2c,b8:ec:a3:2f:bd:2f,1 (2412 MHz),INFORM CS - MODIFY AP CONFIGURATION,RRM,CONFIG_SERVICE,"{candidateBssList=[{ ""bssid"" : ""b8:ec:a3:2f:bd:2d"" , ""channel"" : 157 , ""bandwidth"" : 80}], deassociateStaList=[f0:0f:ec:f8:01:ac], frequencySetBy=10}",2019-03-27 12:52
a0:e4:cb:fc:b4:ec,a0:e4:cb:fc:b4:ef,6 (2437 MHz),INFORM CS - MODIFY AP CONFIGURATION,RRM,CONFIG_SERVICE,"{candidateBssList=[{ ""bssid"" : ""a0:e4:cb:fc:b4:ed"" , ""channel"" : 149 , ""bandwidth"" : 80}], deassociateStaList=[34:12:f9:e8:4d:da], frequencySetBy=10}",2019-03-27 12:25
04:bf:6d:5e:12:70,04:bf:6d:5e:12:73,1 (2412 MHz),INFORM CS - MODIFY AP CONFIGURATION,RRM,CONFIG_SERVICE,"{candidateBssList=[{ ""bssid"" : ""04:bf:6d:5e:12:71"" , ""channel"" : 153 , ""bandwidth"" : 80}], deassociateStaList=[54:b1:21:d4:37:2c], frequencySetBy=10}",2019-03-27 12:03
b8:ec:a3:2f:bd:2c,b8:ec:a3:2f:bd:2f,1 (2412 MHz),INFORM CS - MODIFY AP CONFIGURATION,RRM,CONFIG_SERVICE,"{candidateBssList=[{ ""bssid"" : ""b8:ec:a3:2f:bd:2d"" , ""channel"" : 157 , ""bandwidth"" : 80}], deassociateStaList=[f0:0f:ec:f8:01:ac], frequencySetBy=10}",2019-03-27 12:01
04:bf:6d:5e:12:70,04:bf:6d:5e:12:73,1 (2412 MHz),INFORM CS - MODIFY AP CONFIGURATION,RRM,CONFIG_SERVICE,"{candidateBssList=[{ ""bssid"" : ""04:bf:6d:5e:12:71"" , ""channel"" : 153 , ""bandwidth"" : 80}], deassociateStaList=[e4:e4:ab:72:de:f8], frequencySetBy=10}",2019-03-27 10:48
a0:e4:cb:fc:b4:ec,a0:e4:cb:fc:b4:ef,6 (2437 MHz),INFORM CS - MODIFY AP CONFIGURATION,RRM,CONFIG_SERVICE,"{candidateBssList=[{ ""bssid"" : ""a0:e4:cb:fc:b4:ed"" , ""channel"" : 149 , ""bandwidth"" : 80}], deassociateStaList=[34:12:f9:e8:4d:da], frequencySetBy=10}",2019-03-27 10:41
b8:ec:a3:2f:bd:30,b8:ec:a3:2f:bd:33,6 (2437 MHz),INFORM CS - MODIFY AP CONFIGURATION,RRM,CONFIG_SERVICE,"{candidateBssList=[{ ""bssid"" : ""b8:ec:a3:2f:bd:31"" , ""channel"" : 153 , ""bandwidth"" : 80}], deassociateStaList=[48:4b:aa:af:cb:19], frequencySetBy=10}",2019-03-27 10:36
04:bf:6d:5e:12:8c,04:bf:6d:5e:12:8f,11 (2462 MHz),INFORM CS - MODIFY AP CONFIGURATION,RRM,CONFIG_SERVICE,"{candidateBssList=[{ ""bssid"" : ""04:bf:6d:5e:12:8d"" , ""channel"" : 149 , ""bandwidth"" : 80}], deassociateStaList=[e4:f0:42:a5:85:38], frequencySetBy=10}",2019-03-27 10:29
04:bf:6d:5e:12:98,04:bf:6d:5e:12:9b,11 (2462 MHz),INFORM CS - MODIFY AP CONFIGURATION,RRM,CONFIG_SERVICE,"{candidateBssList=[{ ""bssid"" : ""04:bf:6d:5e:12:99"" , ""channel"" : 44 , ""bandwidth"" : 80}], deassociateStaList=[c0:ee:fb:dd:2f:ed], frequencySetBy=10}",2019-03-27 07:46
a0:e4:cb:fc:b4:ec,a0:e4:cb:fc:b4:ef,6 (2437 MHz),INFORM CS - MODIFY AP CONFIGURATION,RRM,CONFIG_SERVICE,"{candidateBssList=[{ ""bssid"" : ""a0:e4:cb:fc:b4:ed"" , ""channel"" : 149 , ""bandwidth"" : 80}], deassociateStaList=[c0:bd:d1:7e:1a:7e], frequencySetBy=10}",2019-03-27 05:20












