dateTime,airTimePercentage2pt4GHz,airTimePercentage5GHz,atfEnabled2pt4GHz,atfEnabled5GHz,countryCode,enabled,id,isFairPolicy2pt4GHz,isFairPolicy5GHz,name,publicSsid2pt4Controlled,publicSsid5Controlled,publicWifiNetworkID2pt4GHz,publicWifiNetworkID5GHz,ssidList2pt4GHz,ssidList5GHz
2019-03-27 00:45:01,1,1,False,False,CA,True,e0e12656-46d6-41dd-bff7-29098a87cdec,True,True,2AP_ZyXEL,False,False,,,[''],['']
2019-03-27 00:45:01,1,1,False,False,CA,True,2b84fae1-144a-4ee1-bf0c-99707d875997,True,True,Topology_default_profile,False,False,,,[''],['']
2019-03-27 01:45:02,1,1,False,False,CA,True,e0e12656-46d6-41dd-bff7-29098a87cdec,True,True,2AP_ZyXEL,False,False,,,[''],['']
2019-03-27 01:45:02,1,1,False,False,CA,True,2b84fae1-144a-4ee1-bf0c-99707d875997,True,True,Topology_default_profile,False,False,,,[''],['']
2019-03-27 02:45:01,1,1,False,False,CA,True,e0e12656-46d6-41dd-bff7-29098a87cdec,True,True,2AP_ZyXEL,False,False,,,[''],['']
2019-03-27 02:45:01,1,1,False,False,CA,True,2b84fae1-144a-4ee1-bf0c-99707d875997,True,True,Topology_default_profile,False,False,,,[''],['']
2019-03-27 03:45:01,1,1,False,False,CA,True,e0e12656-46d6-41dd-bff7-29098a87cdec,True,True,2AP_ZyXEL,False,False,,,[''],['']
2019-03-27 03:45:01,1,1,False,False,CA,True,2b84fae1-144a-4ee1-bf0c-99707d875997,True,True,Topology_default_profile,False,False,,,[''],['']
2019-03-27 04:45:01,1,1,False,False,CA,True,e0e12656-46d6-41dd-bff7-29098a87cdec,True,True,2AP_ZyXEL,False,False,,,[''],['']
2019-03-27 04:45:01,1,1,False,False,CA,True,2b84fae1-144a-4ee1-bf0c-99707d875997,True,True,Topology_default_profile,False,False,,,[''],['']
2019-03-27 05:45:01,1,1,False,False,CA,True,e0e12656-46d6-41dd-bff7-29098a87cdec,True,True,2AP_ZyXEL,False,False,,,[''],['']
2019-03-27 05:45:01,1,1,False,False,CA,True,2b84fae1-144a-4ee1-bf0c-99707d875997,True,True,Topology_default_profile,False,False,,,[''],['']
2019-03-27 06:45:01,1,1,False,False,CA,True,e0e12656-46d6-41dd-bff7-29098a87cdec,True,True,2AP_ZyXEL,False,False,,,[''],['']
2019-03-27 06:45:01,1,1,False,False,CA,True,2b84fae1-144a-4ee1-bf0c-99707d875997,True,True,Topology_default_profile,False,False,,,[''],['']
2019-03-27 07:45:01,1,1,False,False,CA,True,e0e12656-46d6-41dd-bff7-29098a87cdec,True,True,2AP_ZyXEL,False,False,,,[''],['']
2019-03-27 07:45:01,1,1,False,False,CA,True,2b84fae1-144a-4ee1-bf0c-99707d875997,True,True,Topology_default_profile,False,False,,,[''],['']
2019-03-27 08:45:02,1,1,False,False,CA,True,e0e12656-46d6-41dd-bff7-29098a87cdec,True,True,2AP_ZyXEL,False,False,,,[''],['']
2019-03-27 08:45:02,1,1,False,False,CA,True,2b84fae1-144a-4ee1-bf0c-99707d875997,True,True,Topology_default_profile,False,False,,,[''],['']
2019-03-27 09:45:01,1,1,False,False,CA,True,e0e12656-46d6-41dd-bff7-29098a87cdec,True,True,2AP_ZyXEL,False,False,,,[''],['']
2019-03-27 09:45:01,1,1,False,False,CA,True,2b84fae1-144a-4ee1-bf0c-99707d875997,True,True,Topology_default_profile,False,False,,,[''],['']
2019-03-27 10:45:01,1,1,False,False,CA,True,e0e12656-46d6-41dd-bff7-29098a87cdec,True,True,2AP_ZyXEL,False,False,,,[''],['']
2019-03-27 10:45:01,1,1,False,False,CA,True,2b84fae1-144a-4ee1-bf0c-99707d875997,True,True,Topology_default_profile,False,False,,,[''],['']
2019-03-27 11:45:02,1,1,False,False,CA,True,e0e12656-46d6-41dd-bff7-29098a87cdec,True,True,2AP_ZyXEL,False,False,,,[''],['']
2019-03-27 11:45:02,1,1,False,False,CA,True,2b84fae1-144a-4ee1-bf0c-99707d875997,True,True,Topology_default_profile,False,False,,,[''],['']
2019-03-27 12:45:01,1,1,False,False,CA,True,e0e12656-46d6-41dd-bff7-29098a87cdec,True,True,2AP_ZyXEL,False,False,,,[''],['']
2019-03-27 12:45:01,1,1,False,False,CA,True,2b84fae1-144a-4ee1-bf0c-99707d875997,True,True,Topology_default_profile,False,False,,,[''],['']
2019-03-27 13:45:01,1,1,False,False,CA,True,e0e12656-46d6-41dd-bff7-29098a87cdec,True,True,2AP_ZyXEL,False,False,,,[''],['']
2019-03-27 13:45:01,1,1,False,False,CA,True,2b84fae1-144a-4ee1-bf0c-99707d875997,True,True,Topology_default_profile,False,False,,,[''],['']
2019-03-27 14:45:01,1,1,False,False,CA,True,e0e12656-46d6-41dd-bff7-29098a87cdec,True,True,2AP_ZyXEL,False,False,,,[''],['']
2019-03-27 14:45:01,1,1,False,False,CA,True,2b84fae1-144a-4ee1-bf0c-99707d875997,True,True,Topology_default_profile,False,False,,,[''],['']
2019-03-27 15:45:01,1,1,False,False,CA,True,e0e12656-46d6-41dd-bff7-29098a87cdec,True,True,2AP_ZyXEL,False,False,,,[''],['']
2019-03-27 15:45:01,1,1,False,False,CA,True,2b84fae1-144a-4ee1-bf0c-99707d875997,True,True,Topology_default_profile,False,False,,,[''],['']
2019-03-27 16:45:01,1,1,False,False,CA,True,e0e12656-46d6-41dd-bff7-29098a87cdec,True,True,2AP_ZyXEL,False,False,,,[''],['']
2019-03-27 16:45:01,1,1,False,False,CA,True,2b84fae1-144a-4ee1-bf0c-99707d875997,True,True,Topology_default_profile,False,False,,,[''],['']
2019-03-27 17:45:01,1,1,False,False,CA,True,e0e12656-46d6-41dd-bff7-29098a87cdec,True,True,2AP_ZyXEL,False,False,,,[''],['']
2019-03-27 17:45:01,1,1,False,False,CA,True,2b84fae1-144a-4ee1-bf0c-99707d875997,True,True,Topology_default_profile,False,False,,,[''],['']
2019-03-27 18:45:02,1,1,False,False,CA,True,e0e12656-46d6-41dd-bff7-29098a87cdec,True,True,2AP_ZyXEL,False,False,,,[''],['']
2019-03-27 18:45:02,1,1,False,False,CA,True,2b84fae1-144a-4ee1-bf0c-99707d875997,True,True,Topology_default_profile,False,False,,,[''],['']
2019-03-27 19:45:01,1,1,False,False,CA,True,e0e12656-46d6-41dd-bff7-29098a87cdec,True,True,2AP_ZyXEL,False,False,,,[''],['']
2019-03-27 19:45:01,1,1,False,False,CA,True,2b84fae1-144a-4ee1-bf0c-99707d875997,True,True,Topology_default_profile,False,False,,,[''],['']
2019-03-27 20:45:01,1,1,False,False,CA,True,e0e12656-46d6-41dd-bff7-29098a87cdec,True,True,2AP_ZyXEL,False,False,,,[''],['']
2019-03-27 20:45:01,1,1,False,False,CA,True,2b84fae1-144a-4ee1-bf0c-99707d875997,True,True,Topology_default_profile,False,False,,,[''],['']
2019-03-27 21:45:01,1,1,False,False,CA,True,e0e12656-46d6-41dd-bff7-29098a87cdec,True,True,2AP_ZyXEL,False,False,,,[''],['']
2019-03-27 21:45:01,1,1,False,False,CA,True,2b84fae1-144a-4ee1-bf0c-99707d875997,True,True,Topology_default_profile,False,False,,,[''],['']
2019-03-27 22:45:01,1,1,False,False,CA,True,e0e12656-46d6-41dd-bff7-29098a87cdec,True,True,2AP_ZyXEL,False,False,,,[''],['']
2019-03-27 22:45:01,1,1,False,False,CA,True,2b84fae1-144a-4ee1-bf0c-99707d875997,True,True,Topology_default_profile,False,False,,,[''],['']
2019-03-27 23:45:01,1,1,False,False,CA,True,e0e12656-46d6-41dd-bff7-29098a87cdec,True,True,2AP_ZyXEL,False,False,,,[''],['']
2019-03-27 23:45:01,1,1,False,False,CA,True,2b84fae1-144a-4ee1-bf0c-99707d875997,True,True,Topology_default_profile,False,False,,,[''],['']
