

Historical Alarms - Detailed Log
ap,apId,apName,entity,category,severity,message,deviceType,createdTime,updatedTime,ackBy,ackTime
04:bf:6d:5e:12:73,8108662df1b804bf6d5e1273,AP-4826_Bridge,04:bf:6d:5e:12:73/uptime,uptime,CLEAR,Uptime CLEAR Severity Message from AP 04:bf:6d:5e:12:73,,1552002270014,-1,,-1
04:bf:6d:5e:26:73,8108662df1b804bf6d5e2673,AP-4733,04:bf:6d:5e:26:73/cloudConnectionLost,cloudConnectionLost,CLEAR,Unreliable Cloud Connection CLEAR Severity Message from AP 04:bf:6d:5e:26:73,,1551982877506,-1,,-1
04:bf:6d:5e:26:73,8108662df1b804bf6d5e2673,AP-4733,04:bf:6d:5e:26:73/cloudConnectionLost,cloudConnectionLost,MINOR,Unreliable Cloud Connection MINOR Severity Message from AP 04:bf:6d:5e:26:73,,1551982339501,-1,,-1
04:bf:6d:5e:11:7b,8108662df1b804bf6d5e117b,AP-SYNCHRO,04:bf:6d:5e:11:7b/pollingTimeout,pollingTimeout,CRITICAL,AP 04:bf:6d:5e:11:7b Connection Lost more than 10 minutes CRITICAL Severity Message},AP,1551976660675,-1,,-1
04:bf:6d:5e:11:7b,8108662df1b804bf6d5e117b,AP-SYNCHRO,04:bf:6d:5e:11:7b/pollingTimeout,pollingTimeout,MAJOR,AP 04:bf:6d:5e:11:7b Connection Lost more than 5 minutes MAJOR Severity Message},AP,1551976390676,-1,,-1
04:bf:6d:5e:11:7b,8108662df1b804bf6d5e117b,AP-SYNCHRO,04:bf:6d:5e:11:7b/pollingTimeout,pollingTimeout,CLEAR,AP b8:ec:a3:2f:bd:73 Connection Lost CLEAR Severity Message,AP,1551975040681,-1,,-1
04:bf:6d:5e:11:7b,8108662df1b804bf6d5e117b,AP-SYNCHRO,04:bf:6d:5e:11:7b/pollingTimeout,pollingTimeout,CRITICAL,AP 04:bf:6d:5e:11:7b Connection Lost more than 10 minutes CRITICAL Severity Message},AP,1551974950679,-1,,-1
04:bf:6d:5e:11:7b,8108662df1b804bf6d5e117b,AP-SYNCHRO,04:bf:6d:5e:11:7b/pollingTimeout,pollingTimeout,MAJOR,AP 04:bf:6d:5e:11:7b Connection Lost more than 5 minutes MAJOR Severity Message},AP,1551974680676,-1,,-1
04:bf:6d:5e:11:7b,8108662df1b804bf6d5e117b,AP-SYNCHRO,04:bf:6d:5e:11:7b/pollingTimeout,pollingTimeout,CLEAR,AP b8:ec:a3:2f:bd:73 Connection Lost CLEAR Severity Message,AP,1551973420676,-1,,-1
04:bf:6d:5e:11:7b,8108662df1b804bf6d5e117b,AP-SYNCHRO,04:bf:6d:5e:11:7b/pollingTimeout,pollingTimeout,MAJOR,AP 04:bf:6d:5e:11:7b Connection Lost more than 5 minutes MAJOR Severity Message},AP,1551973150677,-1,,-1
04:bf:6d:5e:11:7b,8108662df1b804bf6d5e117b,AP-SYNCHRO,04:bf:6d:5e:11:7b/pollingTimeout,pollingTimeout,CLEAR,AP b8:ec:a3:2f:bd:73 Connection Lost CLEAR Severity Message,AP,1551971890676,-1,,-1
04:bf:6d:5e:11:7b,8108662df1b804bf6d5e117b,AP-SYNCHRO,04:bf:6d:5e:11:7b/pollingTimeout,pollingTimeout,MAJOR,AP 04:bf:6d:5e:11:7b Connection Lost more than 5 minutes MAJOR Severity Message},AP,1551971800680,-1,,-1
04:bf:6d:5e:11:7b,8108662df1b804bf6d5e117b,AP-SYNCHRO,04:bf:6d:5e:11:7b/pollingTimeout,pollingTimeout,CLEAR,AP b8:ec:a3:2f:bd:73 Connection Lost CLEAR Severity Message,AP,1551971260679,-1,,-1










