dateTime,baseConfig,enabled,id,name,rrmConfig
2019-03-07 00:45:01,0,,00000000-0000-0000-0000-000000000000,Default ClusterConfig,False
2019-03-07 00:45:01,0,,00000000-0000-0000-0000-0000balanced,Balanced,False
2019-03-07 00:45:01,2,,00000000-0000-0000-0000-00aggressive,Aggressive,False
2019-03-07 00:45:01,1,,00000000-0000-0000-0000-conservative,Conservative,False
2019-03-07 01:45:01,0,,00000000-0000-0000-0000-000000000000,Default ClusterConfig,False
2019-03-07 01:45:01,0,,00000000-0000-0000-0000-0000balanced,Balanced,False
2019-03-07 01:45:01,2,,00000000-0000-0000-0000-00aggressive,Aggressive,False
2019-03-07 01:45:01,1,,00000000-0000-0000-0000-conservative,Conservative,False
2019-03-07 02:45:01,0,,00000000-0000-0000-0000-000000000000,Default ClusterConfig,False
2019-03-07 02:45:01,0,,00000000-0000-0000-0000-0000balanced,Balanced,False
2019-03-07 02:45:01,2,,00000000-0000-0000-0000-00aggressive,Aggressive,False
2019-03-07 02:45:01,1,,00000000-0000-0000-0000-conservative,Conservative,False
2019-03-07 03:45:02,0,,00000000-0000-0000-0000-000000000000,Default ClusterConfig,False
2019-03-07 03:45:02,0,,00000000-0000-0000-0000-0000balanced,Balanced,False
2019-03-07 03:45:02,2,,00000000-0000-0000-0000-00aggressive,Aggressive,False
2019-03-07 03:45:02,1,,00000000-0000-0000-0000-conservative,Conservative,False
2019-03-07 04:45:01,0,,00000000-0000-0000-0000-000000000000,Default ClusterConfig,False
2019-03-07 04:45:01,0,,00000000-0000-0000-0000-0000balanced,Balanced,False
2019-03-07 04:45:01,2,,00000000-0000-0000-0000-00aggressive,Aggressive,False
2019-03-07 04:45:01,1,,00000000-0000-0000-0000-conservative,Conservative,False
2019-03-07 05:45:01,0,,00000000-0000-0000-0000-000000000000,Default ClusterConfig,False
2019-03-07 05:45:01,0,,00000000-0000-0000-0000-0000balanced,Balanced,False
2019-03-07 05:45:01,2,,00000000-0000-0000-0000-00aggressive,Aggressive,False
2019-03-07 05:45:01,1,,00000000-0000-0000-0000-conservative,Conservative,False
2019-03-07 06:45:01,0,,00000000-0000-0000-0000-000000000000,Default ClusterConfig,False
2019-03-07 06:45:01,0,,00000000-0000-0000-0000-0000balanced,Balanced,False
2019-03-07 06:45:01,2,,00000000-0000-0000-0000-00aggressive,Aggressive,False
2019-03-07 06:45:01,1,,00000000-0000-0000-0000-conservative,Conservative,False
2019-03-07 07:45:01,0,,00000000-0000-0000-0000-000000000000,Default ClusterConfig,False
2019-03-07 07:45:01,0,,00000000-0000-0000-0000-0000balanced,Balanced,False
2019-03-07 07:45:01,2,,00000000-0000-0000-0000-00aggressive,Aggressive,False
2019-03-07 07:45:01,1,,00000000-0000-0000-0000-conservative,Conservative,False
2019-03-07 08:45:01,0,,00000000-0000-0000-0000-000000000000,Default ClusterConfig,False
2019-03-07 08:45:01,0,,00000000-0000-0000-0000-0000balanced,Balanced,False
2019-03-07 08:45:01,2,,00000000-0000-0000-0000-00aggressive,Aggressive,False
2019-03-07 08:45:01,1,,00000000-0000-0000-0000-conservative,Conservative,False
2019-03-07 09:45:01,0,,00000000-0000-0000-0000-000000000000,Default ClusterConfig,False
2019-03-07 09:45:01,0,,00000000-0000-0000-0000-0000balanced,Balanced,False
2019-03-07 09:45:01,2,,00000000-0000-0000-0000-00aggressive,Aggressive,False
2019-03-07 09:45:01,1,,00000000-0000-0000-0000-conservative,Conservative,False
2019-03-07 10:45:01,0,,00000000-0000-0000-0000-000000000000,Default ClusterConfig,False
2019-03-07 10:45:01,0,,00000000-0000-0000-0000-0000balanced,Balanced,False
2019-03-07 10:45:01,2,,00000000-0000-0000-0000-00aggressive,Aggressive,False
2019-03-07 10:45:01,1,,00000000-0000-0000-0000-conservative,Conservative,False
2019-03-07 11:45:01,0,,00000000-0000-0000-0000-000000000000,Default ClusterConfig,False
2019-03-07 11:45:01,0,,00000000-0000-0000-0000-0000balanced,Balanced,False
2019-03-07 11:45:01,2,,00000000-0000-0000-0000-00aggressive,Aggressive,False
2019-03-07 11:45:01,1,,00000000-0000-0000-0000-conservative,Conservative,False
2019-03-07 12:45:02,0,,00000000-0000-0000-0000-000000000000,Default ClusterConfig,False
2019-03-07 12:45:02,0,,00000000-0000-0000-0000-0000balanced,Balanced,False
2019-03-07 12:45:02,2,,00000000-0000-0000-0000-00aggressive,Aggressive,False
2019-03-07 12:45:02,1,,00000000-0000-0000-0000-conservative,Conservative,False
2019-03-07 13:45:01,0,,00000000-0000-0000-0000-000000000000,Default ClusterConfig,False
2019-03-07 13:45:01,0,,00000000-0000-0000-0000-0000balanced,Balanced,False
2019-03-07 13:45:01,2,,00000000-0000-0000-0000-00aggressive,Aggressive,False
2019-03-07 13:45:01,1,,00000000-0000-0000-0000-conservative,Conservative,False
2019-03-07 14:45:01,0,,00000000-0000-0000-0000-000000000000,Default ClusterConfig,False
2019-03-07 14:45:01,0,,00000000-0000-0000-0000-0000balanced,Balanced,False
2019-03-07 14:45:01,2,,00000000-0000-0000-0000-00aggressive,Aggressive,False
2019-03-07 14:45:01,1,,00000000-0000-0000-0000-conservative,Conservative,False
2019-03-07 15:45:01,0,,00000000-0000-0000-0000-000000000000,Default ClusterConfig,False
2019-03-07 15:45:01,0,,00000000-0000-0000-0000-0000balanced,Balanced,False
2019-03-07 15:45:01,2,,00000000-0000-0000-0000-00aggressive,Aggressive,False
2019-03-07 15:45:01,1,,00000000-0000-0000-0000-conservative,Conservative,False
2019-03-07 16:45:01,0,,00000000-0000-0000-0000-000000000000,Default ClusterConfig,False
2019-03-07 16:45:01,0,,00000000-0000-0000-0000-0000balanced,Balanced,False
2019-03-07 16:45:01,2,,00000000-0000-0000-0000-00aggressive,Aggressive,False
2019-03-07 16:45:01,1,,00000000-0000-0000-0000-conservative,Conservative,False
2019-03-07 17:45:01,0,,00000000-0000-0000-0000-000000000000,Default ClusterConfig,False
2019-03-07 17:45:01,0,,00000000-0000-0000-0000-0000balanced,Balanced,False
2019-03-07 17:45:01,2,,00000000-0000-0000-0000-00aggressive,Aggressive,False
2019-03-07 17:45:01,1,,00000000-0000-0000-0000-conservative,Conservative,False
2019-03-07 18:45:01,0,,00000000-0000-0000-0000-000000000000,Default ClusterConfig,False
2019-03-07 18:45:01,0,,00000000-0000-0000-0000-0000balanced,Balanced,False
2019-03-07 18:45:01,2,,00000000-0000-0000-0000-00aggressive,Aggressive,False
2019-03-07 18:45:01,1,,00000000-0000-0000-0000-conservative,Conservative,False
2019-03-07 19:45:01,0,,00000000-0000-0000-0000-000000000000,Default ClusterConfig,False
2019-03-07 19:45:01,0,,00000000-0000-0000-0000-0000balanced,Balanced,False
2019-03-07 19:45:01,2,,00000000-0000-0000-0000-00aggressive,Aggressive,False
2019-03-07 19:45:01,1,,00000000-0000-0000-0000-conservative,Conservative,False
2019-03-07 20:45:01,0,,00000000-0000-0000-0000-000000000000,Default ClusterConfig,False
2019-03-07 20:45:01,0,,00000000-0000-0000-0000-0000balanced,Balanced,False
2019-03-07 20:45:01,2,,00000000-0000-0000-0000-00aggressive,Aggressive,False
2019-03-07 20:45:01,1,,00000000-0000-0000-0000-conservative,Conservative,False
2019-03-07 21:45:01,0,,00000000-0000-0000-0000-000000000000,Default ClusterConfig,False
2019-03-07 21:45:01,0,,00000000-0000-0000-0000-0000balanced,Balanced,False
2019-03-07 21:45:01,2,,00000000-0000-0000-0000-00aggressive,Aggressive,False
2019-03-07 21:45:01,1,,00000000-0000-0000-0000-conservative,Conservative,False
2019-03-07 22:45:01,0,,00000000-0000-0000-0000-000000000000,Default ClusterConfig,False
2019-03-07 22:45:01,0,,00000000-0000-0000-0000-0000balanced,Balanced,False
2019-03-07 22:45:01,2,,00000000-0000-0000-0000-00aggressive,Aggressive,False
2019-03-07 22:45:01,1,,00000000-0000-0000-0000-conservative,Conservative,False
2019-03-07 23:45:02,0,,00000000-0000-0000-0000-000000000000,Default ClusterConfig,False
2019-03-07 23:45:02,0,,00000000-0000-0000-0000-0000balanced,Balanced,False
2019-03-07 23:45:02,2,,00000000-0000-0000-0000-00aggressive,Aggressive,False
2019-03-07 23:45:02,1,,00000000-0000-0000-0000-conservative,Conservative,False
