Client MAC Address, Source AP, Source AP Band, Target AP, Target AP Band, Source SS, Target SS, Steering Type, Steering Status, Steering Time, Update Time, LocalTime, Time Zone
d8:c4:6a:2e:da:48,04:bf:6d:5e:12:65,5G,,,-83,,LOW Signal Strength,Not Moved,1551992567,1551992747,07-03-2019 16:05:47,America/New_York
d8:c4:6a:2e:da:48,04:bf:6d:5e:12:64,2.4G,,,-59,,5G PREFERENCE,Not Moved,1552008867,1552009067,07-03-2019 20:37:47,America/New_York
fc:c2:de:94:56:d9,04:bf:6d:5e:26:64,2.4G,04:bf:6d:5e:26:65,5G,-28,-52,5G PREFERENCE,Success,1551947427,1551947627,07-03-2019 03:33:47,America/New_York
78:31:c1:b8:ee:5c,04:bf:6d:5e:11:78,2.4G,,,-30,,5G PREFERENCE,Not Moved,1551971278,1551971477,07-03-2019 10:11:17,America/New_York
78:31:c1:b8:ee:5c,04:bf:6d:5e:11:78,2.4G,04:bf:6d:5e:11:79,5G,-35,-34,5G PREFERENCE,Success,1551975267,1551975467,07-03-2019 11:17:47,America/New_York
e4:f0:42:a5:85:38,04:bf:6d:5e:12:8d,5G,04:bf:6d:5e:12:8c,2.4G,-75,-52,LOW Signal Strength,Success,1551974207,1551974387,07-03-2019 10:59:47,America/New_York
e4:f0:42:a5:85:38,04:bf:6d:5e:12:8d,5G,04:bf:6d:5e:12:8c,2.4G,-75,-57,LOW Signal Strength,Success,1552018427,1552018607,07-03-2019 23:16:47,America/New_York
8c:f5:a3:cf:a6:39,b8:ec:a3:2f:bd:5d,5G,b8:ec:a3:2f:bd:5c,2.4G,-80,-84,LOW Signal Strength,Success,1551965027,1551965207,07-03-2019 08:26:47,America/New_York
8c:f5:a3:cf:a6:39,b8:ec:a3:2f:bd:5d,5G,b8:ec:a3:2f:bd:5c,2.4G,-83,-84,LOW Signal Strength,Success,1551965207,1551965387,07-03-2019 08:29:47,America/New_York
8c:f5:a3:cf:a6:39,b8:ec:a3:2f:bd:5c,2.4G,,,0,,5G PREFERENCE,Not Moved,1551977308,1551977507,07-03-2019 11:51:47,America/New_York
8c:f5:a3:cf:a6:39,b8:ec:a3:2f:bd:5c,2.4G,b8:ec:a3:2f:bd:5d,5G,-51,-68,5G PREFERENCE,Success,1551977518,1551977717,07-03-2019 11:55:17,America/New_York
8c:f5:a3:cf:a6:39,b8:ec:a3:2f:bd:5c,2.4G,b8:ec:a3:2f:bd:5d,5G,-47,-55,5G PREFERENCE,Success,1551992608,1551992807,07-03-2019 16:06:47,America/New_York
34:12:f9:e8:4d:da,a0:e4:cb:fc:b4:ed,5G,,,-78,,LOW Signal Strength,Not Moved,1551970847,1551971027,07-03-2019 10:03:47,America/New_York
34:12:f9:e8:4d:da,a0:e4:cb:fc:b4:ed,5G,,,-83,,LOW Signal Strength,Not Moved,1551971057,1551971237,07-03-2019 10:07:17,America/New_York
34:12:f9:e8:4d:da,a0:e4:cb:fc:b4:ec,2.4G,a0:e4:cb:fc:b4:ed,5G,-40,-61,5G PREFERENCE,Success,1551971757,1551971957,07-03-2019 10:19:17,America/New_York
34:12:f9:e8:4d:da,a0:e4:cb:fc:b4:ec,2.4G,a0:e4:cb:fc:b4:ed,5G,-40,-60,5G PREFERENCE,Success,1552010637,1552010837,07-03-2019 21:07:17,America/New_York
50:1e:2d:05:37:6e,04:bf:6d:5e:12:80,2.4G,,,-37,,5G PREFERENCE,Not Moved,1552013427,1552013627,07-03-2019 21:53:47,America/New_York
10:cd:b6:00:ad:eb,04:bf:6d:5e:26:7c,2.4G,,,-52,,5G PREFERENCE,Not Moved,1551996357,1551996557,07-03-2019 17:09:17,America/New_York
38:53:9c:97:96:53,04:bf:6d:5e:11:79,5G,04:bf:6d:5e:11:78,2.4G,-76,-60,LOW Signal Strength,Success,1551973727,1551973907,07-03-2019 10:51:47,America/New_York
38:53:9c:97:96:53,04:bf:6d:5e:11:79,5G,,,-76,,LOW Signal Strength,Not Moved,1551973937,1551974117,07-03-2019 10:55:17,America/New_York
38:53:9c:97:96:53,04:bf:6d:5e:11:79,5G,04:bf:6d:5e:11:78,2.4G,-76,-61,LOW Signal Strength,Success,1551975437,1551975617,07-03-2019 11:20:17,America/New_York
38:53:9c:97:96:53,04:bf:6d:5e:11:79,5G,,,-76,,LOW Signal Strength,Not Moved,1551975617,1551975797,07-03-2019 11:23:17,America/New_York
88:07:4b:e4:19:d4,b8:ec:a3:2f:bd:7c,2.4G,b8:ec:a3:2f:bd:7d,5G,-45,-67,5G PREFERENCE,Success,1551978567,1551978767,07-03-2019 12:12:47,America/New_York
9c:e0:63:36:09:ce,b8:ec:a3:2f:bd:25,5G,,,-75,,LOW Signal Strength,Not Moved,1551983477,1551983657,07-03-2019 13:34:17,America/New_York
9c:e0:63:36:09:ce,b8:ec:a3:2f:bd:25,5G,,,-87,,LOW Signal Strength,Missing,1551983687,1551983927,07-03-2019 13:38:47,America/New_York
f8:2d:7c:89:d5:3f,b8:ec:a3:2f:bd:dd,5G,,,-75,,LOW Signal Strength,Not Moved,1551959087,1551959267,07-03-2019 06:47:47,America/New_York
f8:2d:7c:89:d5:3f,b8:ec:a3:2f:bd:dd,5G,,,-75,,LOW Signal Strength,Not Moved,1552013567,1552013747,07-03-2019 21:55:47,America/New_York
6c:71:d9:bc:8b:11,04:bf:6d:5e:26:7d,5G,,,-75,,LOW Signal Strength,Missing,1551989237,1551989477,07-03-2019 15:11:17,America/New_York
6c:71:d9:bc:8b:11,04:bf:6d:5e:26:7c,2.4G,04:bf:6d:5e:26:7d,5G,-41,-55,5G PREFERENCE,Success,1552007277,1552007477,07-03-2019 20:11:17,America/New_York
b4:cd:27:14:1a:79,b8:ec:a3:2f:bd:75,5G,b8:ec:a3:2f:bd:74,2.4G,-77,-81,LOW Signal Strength,Success,1551978947,1551979127,07-03-2019 12:18:47,America/New_York
b4:cd:27:14:1a:79,b8:ec:a3:2f:bd:75,5G,b8:ec:a3:2f:bd:74,2.4G,-82,-81,LOW Signal Strength,Success,1551979157,1551979337,07-03-2019 12:22:17,America/New_York
a0:d7:95:21:05:89,b8:ec:a3:2f:bd:49,5G,b8:ec:a3:2f:bd:48,2.4G,-75,-57,LOW Signal Strength,Success,1552002647,1552002827,07-03-2019 18:53:47,America/New_York
a0:d7:95:21:05:89,b8:ec:a3:2f:bd:49,5G,,,-75,,LOW Signal Strength,Not Moved,1552002857,1552003037,07-03-2019 18:57:17,America/New_York
8c:f5:a3:49:6e:1d,04:bf:6d:5e:12:71,5G,,,-80,,LOW Signal Strength,Not Moved,1551979427,1551979607,07-03-2019 12:26:47,America/New_York
8c:f5:a3:49:6e:1d,04:bf:6d:5e:12:71,5G,,,-87,,LOW Signal Strength,Not Moved,1551979637,1551979817,07-03-2019 12:30:17,America/New_York
8c:f5:a3:49:6e:1d,04:bf:6d:5e:12:71,5G,,,-79,,LOW Signal Strength,Not Moved,1551991547,1551991727,07-03-2019 15:48:47,America/New_York
8c:f5:a3:49:6e:1d,04:bf:6d:5e:12:71,5G,,,-85,,LOW Signal Strength,Not Moved,1552001927,1552002107,07-03-2019 18:41:47,America/New_York
58:82:a8:64:a7:f1,04:bf:6d:5e:12:64,2.4G,04:bf:6d:5e:12:65,5G,-44,-51,5G PREFERENCE,Success,1551939447,1551939647,07-03-2019 01:20:47,America/New_York
58:82:a8:64:a7:f1,04:bf:6d:5e:12:64,2.4G,04:bf:6d:5e:12:65,5G,-39,-48,5G PREFERENCE,Success,1551960927,1551961127,07-03-2019 07:18:47,America/New_York
48:4b:aa:af:cb:19,b8:ec:a3:2f:bd:31,5G,,,-75,,LOW Signal Strength,Not Moved,1551939647,1551939827,07-03-2019 01:23:47,America/New_York
48:4b:aa:af:cb:19,b8:ec:a3:2f:bd:31,5G,b8:ec:a3:2f:bd:30,2.4G,-75,-46,LOW Signal Strength,Success,1551939857,1551940037,07-03-2019 01:27:17,America/New_York
48:4b:aa:af:cb:19,b8:ec:a3:2f:bd:31,5G,,,-75,,LOW Signal Strength,Not Moved,1551940037,1551940217,07-03-2019 01:30:17,America/New_York
48:4b:aa:af:cb:19,b8:ec:a3:2f:bd:31,5G,,,-75,,LOW Signal Strength,Not Moved,1551940277,1551940457,07-03-2019 01:34:17,America/New_York
48:4b:aa:af:cb:19,b8:ec:a3:2f:bd:31,5G,b8:ec:a3:2f:bd:30,2.4G,-75,-51,LOW Signal Strength,Success,1551969497,1551969677,07-03-2019 09:41:17,America/New_York
48:4b:aa:af:cb:19,b8:ec:a3:2f:bd:31,5G,b8:ec:a3:2f:bd:30,2.4G,-75,-47,LOW Signal Strength,Success,1551969707,1551969887,07-03-2019 09:44:47,America/New_York
48:4b:aa:af:cb:19,b8:ec:a3:2f:bd:30,2.4G,b8:ec:a3:2f:bd:31,5G,-47,-76,5G PREFERENCE,Success,1551969897,1551970097,07-03-2019 09:48:17,America/New_York
48:4b:aa:af:cb:19,b8:ec:a3:2f:bd:31,5G,b8:ec:a3:2f:bd:30,2.4G,-76,-48,LOW Signal Strength,Success,1551970127,1551970307,07-03-2019 09:51:47,America/New_York
48:4b:aa:af:cb:19,b8:ec:a3:2f:bd:31,5G,b8:ec:a3:2f:bd:30,2.4G,-76,-49,LOW Signal Strength,Success,1551970307,1551970487,07-03-2019 09:54:47,America/New_York
48:4b:aa:af:cb:19,b8:ec:a3:2f:bd:31,5G,b8:ec:a3:2f:bd:30,2.4G,-75,-45,LOW Signal Strength,Success,1551970967,1551971147,07-03-2019 10:05:47,America/New_York
48:4b:aa:af:cb:19,b8:ec:a3:2f:bd:31,5G,b8:ec:a3:2f:bd:30,2.4G,-75,-43,LOW Signal Strength,Success,1551971177,1551971357,07-03-2019 10:09:17,America/New_York
48:4b:aa:af:cb:19,b8:ec:a3:2f:bd:31,5G,,,-75,,LOW Signal Strength,Not Moved,1552004747,1552004927,07-03-2019 19:28:47,America/New_York
48:4b:aa:af:cb:19,b8:ec:a3:2f:bd:31,5G,b8:ec:a3:2f:bd:30,2.4G,-75,-50,LOW Signal Strength,Success,1552004987,1552005167,07-03-2019 19:32:47,America/New_York
48:4b:aa:af:cb:19,b8:ec:a3:2f:bd:31,5G,b8:ec:a3:2f:bd:30,2.4G,-75,-40,LOW Signal Strength,Success,1552005167,1552005347,07-03-2019 19:35:47,America/New_York
c0:f2:fb:bc:9f:69,04:bf:6d:5e:26:88,2.4G,,,-54,,5G PREFERENCE,Missing,1551997857,1551998117,07-03-2019 17:35:17,America/New_York
cc:c0:79:98:52:39,04:bf:6d:5e:12:81,5G,,,-76,,LOW Signal Strength,Not Moved,1551936167,1551936347,07-03-2019 00:25:47,America/New_York
cc:c0:79:98:52:39,04:bf:6d:5e:12:81,5G,,,-76,,LOW Signal Strength,Missing,1551936347,1551936587,07-03-2019 00:29:47,America/New_York
e4:ce:8f:04:cb:ee,04:bf:6d:5e:11:78,2.4G,,,-37,,5G PREFERENCE,Missing,1551971278,1551971537,07-03-2019 10:12:17,America/New_York
e4:ce:8f:04:cb:ee,04:bf:6d:5e:11:78,2.4G,04:bf:6d:5e:11:79,5G,-31,-31,5G PREFERENCE,Success,1551973497,1551973697,07-03-2019 10:48:17,America/New_York
88:66:a5:ba:5b:1b,04:bf:6d:5e:12:71,5G,,,-81,,LOW Signal Strength,Not Moved,1551961007,1551961187,07-03-2019 07:19:47,America/New_York
88:66:a5:ba:5b:1b,04:bf:6d:5e:12:71,5G,,,-77,,LOW Signal Strength,Not Moved,1551968417,1551968597,07-03-2019 09:23:17,America/New_York
88:66:a5:ba:5b:1b,04:bf:6d:5e:12:70,2.4G,04:bf:6d:5e:12:71,5G,-56,-67,5G PREFERENCE,Success,1551969837,1551970037,07-03-2019 09:47:17,America/New_York
88:66:a5:ba:5b:1b,04:bf:6d:5e:12:71,5G,,,-75,,LOW Signal Strength,Not Moved,1551979427,1551979607,07-03-2019 12:26:47,America/New_York
88:66:a5:ba:5b:1b,04:bf:6d:5e:12:71,5G,,,-76,,LOW Signal Strength,Not Moved,1551991157,1551991337,07-03-2019 15:42:17,America/New_York
88:66:a5:ba:5b:1b,04:bf:6d:5e:12:71,5G,,,-76,,LOW Signal Strength,Not Moved,1551991337,1551991517,07-03-2019 15:45:17,America/New_York
88:66:a5:ba:5b:1b,04:bf:6d:5e:12:71,5G,b8:ec:a3:2f:bd:34,2.4G,-75,-61,LOW Signal Strength,Success,1551992657,1551992837,07-03-2019 16:07:17,America/New_York
88:66:a5:ba:5b:1b,04:bf:6d:5e:12:71,5G,,,-75,,LOW Signal Strength,Not Moved,1551992837,1551993017,07-03-2019 16:10:17,America/New_York
88:66:a5:ba:5b:1b,04:bf:6d:5e:12:71,5G,,,-79,,LOW Signal Strength,Not Moved,1552001747,1552001927,07-03-2019 18:38:47,America/New_York
88:66:a5:ba:5b:1b,04:bf:6d:5e:12:71,5G,,,-75,,LOW Signal Strength,Not Moved,1552016237,1552016417,07-03-2019 22:40:17,America/New_York
a0:c9:a0:89:33:71,04:bf:6d:5e:26:79,5G,,,-76,,LOW Signal Strength,Not Moved,1551977507,1551977687,07-03-2019 11:54:47,America/New_York
a0:c9:a0:89:33:71,04:bf:6d:5e:26:79,5G,,,-79,,LOW Signal Strength,Missing,1551977687,1551977927,07-03-2019 11:58:47,America/New_York
64:a2:f9:3b:5f:dd,b8:ec:a3:2f:bd:55,5G,,,-77,,LOW Signal Strength,Not Moved,1551963407,1551963587,07-03-2019 07:59:47,America/New_York
cc:44:63:b7:72:67,04:bf:6d:5e:11:78,2.4G,,,-22,,5G PREFERENCE,Not Moved,1551971457,1551971657,07-03-2019 10:14:17,America/New_York
cc:44:63:b7:72:67,04:bf:6d:5e:11:78,2.4G,04:bf:6d:5e:11:79,5G,-22,-28,5G PREFERENCE,Success,1551971667,1551971897,07-03-2019 10:18:17,America/New_York
cc:44:63:b7:72:67,04:bf:6d:5e:11:78,2.4G,04:bf:6d:5e:11:79,5G,-25,-24,5G PREFERENCE,Success,1551973647,1551973847,07-03-2019 10:50:47,America/New_York
cc:44:63:b7:72:67,04:bf:6d:5e:11:78,2.4G,04:bf:6d:5e:11:79,5G,-30,-27,5G PREFERENCE,Success,1551975207,1551975407,07-03-2019 11:16:47,America/New_York
b4:18:d1:16:cf:95,04:bf:6d:5e:12:71,5G,b8:ec:a3:2f:bd:35,5G,-76,-61,LOW Signal Strength,Success,1551963887,1551964067,07-03-2019 08:07:47,America/New_York
b4:18:d1:16:cf:95,04:bf:6d:5e:12:71,5G,b8:ec:a3:2f:bd:35,5G,-76,-60,LOW Signal Strength,Success,1551964067,1551964247,07-03-2019 08:10:47,America/New_York
b4:18:d1:16:cf:95,04:bf:6d:5e:12:71,5G,,,-77,,LOW Signal Strength,Not Moved,1552001777,1552001957,07-03-2019 18:39:17,America/New_York
b4:18:d1:16:cf:95,04:bf:6d:5e:12:71,5G,,,-78,,LOW Signal Strength,Missing,1552001987,1552002227,07-03-2019 18:43:47,America/New_York
c0:a6:00:02:f4:31,04:bf:6d:5e:11:8d,5G,04:bf:6d:5e:11:8c,2.4G,-81,-75,LOW Signal Strength,Success,1551963437,1551963617,07-03-2019 08:00:17,America/New_York
c0:a6:00:02:f4:31,04:bf:6d:5e:11:8d,5G,,,-84,,LOW Signal Strength,Missing,1551963647,1551963887,07-03-2019 08:04:47,America/New_York
c0:a6:00:02:f4:31,04:bf:6d:5e:11:8c,2.4G,04:bf:6d:5e:11:8d,5G,-38,-59,5G PREFERENCE,Success,1551982857,1551983057,07-03-2019 13:24:17,America/New_York
c0:a6:00:02:f4:31,04:bf:6d:5e:11:8d,5G,04:bf:6d:5e:11:8c,2.4G,-75,-55,LOW Signal Strength,Success,1552011797,1552011977,07-03-2019 21:26:17,America/New_York
c0:a6:00:02:f4:31,04:bf:6d:5e:11:8d,5G,,,-75,,LOW Signal Strength,Not Moved,1552011977,1552012157,07-03-2019 21:29:17,America/New_York
c0:bd:d1:7e:1a:7e,a0:e4:cb:fc:b4:ec,2.4G,a0:e4:cb:fc:b4:ed,5G,-50,-64,5G PREFERENCE,Success,1551934797,1551934997,07-03-2019 00:03:17,America/New_York
c0:bd:d1:7e:1a:7e,a0:e4:cb:fc:b4:ec,2.4G,a0:e4:cb:fc:b4:ed,5G,-50,-68,5G PREFERENCE,Success,1551971877,1551972077,07-03-2019 10:21:17,America/New_York
d0:d2:b0:4e:d9:8d,04:bf:6d:5e:26:69,5G,,,-75,,LOW Signal Strength,Not Moved,1551942107,1551942287,07-03-2019 02:04:47,America/New_York
d0:d2:b0:4e:d9:8d,04:bf:6d:5e:26:69,5G,,,-75,,LOW Signal Strength,Not Moved,1551942317,1551942497,07-03-2019 02:08:17,America/New_York
d0:d2:b0:4e:d9:8d,04:bf:6d:5e:26:69,5G,,,-75,,LOW Signal Strength,Not Moved,1551955877,1551956057,07-03-2019 05:54:17,America/New_York
d0:d2:b0:4e:d9:8d,04:bf:6d:5e:26:69,5G,,,-75,,LOW Signal Strength,Not Moved,1552017107,1552017287,07-03-2019 22:54:47,America/New_York
bc:e1:43:0a:09:04,b8:ec:a3:2f:bd:7d,5G,b8:ec:a3:2f:bd:7c,2.4G,-76,-80,LOW Signal Strength,Success,1551982967,1551983147,07-03-2019 13:25:47,America/New_York
bc:e1:43:0a:09:04,b8:ec:a3:2f:bd:7d,5G,,,-82,,LOW Signal Strength,Not Moved,1551998477,1551998657,07-03-2019 17:44:17,America/New_York
bc:e1:43:0a:09:04,b8:ec:a3:2f:bd:7d,5G,,,-84,,LOW Signal Strength,Missing,1551998687,1551998927,07-03-2019 17:48:47,America/New_York
f8:34:41:3c:de:9e,04:bf:6d:5e:12:71,5G,,,-76,,LOW Signal Strength,Not Moved,1551991487,1551991667,07-03-2019 15:47:47,America/New_York
f8:34:41:3c:de:9e,04:bf:6d:5e:12:71,5G,,,-80,,LOW Signal Strength,Missing,1551991667,1551991907,07-03-2019 15:51:47,America/New_York
a0:99:9b:39:ae:b0,04:bf:6d:5e:12:81,5G,,,-79,,LOW Signal Strength,Not Moved,1551970637,1551970817,07-03-2019 10:00:17,America/New_York
a0:99:9b:39:ae:b0,04:bf:6d:5e:12:81,5G,,,-80,,LOW Signal Strength,Missing,1551970847,1551971087,07-03-2019 10:04:47,America/New_York
a0:99:9b:39:ae:b0,04:bf:6d:5e:12:81,5G,,,-75,,LOW Signal Strength,Not Moved,1551976787,1551976967,07-03-2019 11:42:47,America/New_York
40:4e:36:93:bc:1f,04:bf:6d:5e:11:78,2.4G,,,-45,,5G PREFERENCE,Not Moved,1551971907,1551972107,07-03-2019 10:21:47,America/New_York
40:4e:36:93:bc:1f,04:bf:6d:5e:11:78,2.4G,04:bf:6d:5e:11:79,5G,-42,-48,5G PREFERENCE,Success,1551972117,1551972317,07-03-2019 10:25:17,America/New_York
60:01:94:5d:fb:5a,b8:ec:a3:2f:bd:34,2.4G,,,-75,,LOW Signal Strength,Not Moved,1552012667,1552012847,07-03-2019 21:40:47,America/New_York
dc:ef:ca:7c:34:64,b8:ec:a3:2f:bd:75,5G,,,-75,,LOW Signal Strength,Not Moved,1551964007,1551964187,07-03-2019 08:09:47,America/New_York
dc:ef:ca:7c:34:64,b8:ec:a3:2f:bd:74,2.4G,b8:ec:a3:2f:bd:75,5G,-62,-60,5G PREFERENCE,Success,1551999387,1551999587,07-03-2019 17:59:47,America/New_York
cc:20:e8:24:de:ec,b8:ec:a3:2f:bd:fd,5G,b8:ec:a3:2f:bd:fc,2.4G,-77,-79,LOW Signal Strength,Success,1551968237,1551968417,07-03-2019 09:20:17,America/New_York
cc:20:e8:24:de:ec,b8:ec:a3:2f:bd:fd,5G,b8:ec:a3:2f:bd:fc,2.4G,-83,-79,LOW Signal Strength,Success,1551968417,1551968597,07-03-2019 09:23:17,America/New_York
cc:20:e8:24:de:ec,b8:ec:a3:2f:bd:fc,2.4G,b8:ec:a3:2f:bd:fd,5G,-41,-44,5G PREFERENCE,Success,1552007997,1552008197,07-03-2019 20:23:17,America/New_York
40:bc:60:b8:47:9a,b8:ec:a3:2f:bd:2d,5G,b8:ec:a3:2f:bd:2c,2.4G,-75,-53,LOW Signal Strength,Success,1551974237,1551974417,07-03-2019 11:00:17,America/New_York
40:bc:60:b8:47:9a,b8:ec:a3:2f:bd:2c,2.4G,b8:ec:a3:2f:bd:2d,5G,-53,-64,5G PREFERENCE,Success,1551974427,1551974627,07-03-2019 11:03:47,America/New_York
f0:0f:ec:f8:01:ac,b8:ec:a3:2f:bd:2d,5G,b8:ec:a3:2f:bd:2c,2.4G,-75,-51,LOW Signal Strength,Success,1551974477,1551974657,07-03-2019 11:04:17,America/New_York
f0:0f:ec:f8:01:ac,b8:ec:a3:2f:bd:2d,5G,b8:ec:a3:2f:bd:2c,2.4G,-75,-54,LOW Signal Strength,Success,1551974687,1551974867,07-03-2019 11:07:47,America/New_York
f0:0f:ec:f8:01:ac,b8:ec:a3:2f:bd:2c,2.4G,b8:ec:a3:2f:bd:2d,5G,-54,-75,5G PREFERENCE,Success,1551974877,1551975077,07-03-2019 11:11:17,America/New_York
f0:0f:ec:f8:01:ac,b8:ec:a3:2f:bd:2d,5G,b8:ec:a3:2f:bd:2c,2.4G,-75,-49,LOW Signal Strength,Success,1551980687,1551980867,07-03-2019 12:47:47,America/New_York
f0:0f:ec:f8:01:ac,b8:ec:a3:2f:bd:2d,5G,b8:ec:a3:2f:bd:2c,2.4G,-75,-54,LOW Signal Strength,Success,1551980867,1551981047,07-03-2019 12:50:47,America/New_York
f0:0f:ec:f8:01:ac,b8:ec:a3:2f:bd:2c,2.4G,b8:ec:a3:2f:bd:2d,5G,-54,-70,5G PREFERENCE,Success,1551981057,1551981257,07-03-2019 12:54:17,America/New_York
f0:0f:ec:f8:01:ac,b8:ec:a3:2f:bd:2d,5G,b8:ec:a3:2f:bd:2c,2.4G,-75,-55,LOW Signal Strength,Success,1551982037,1551982217,07-03-2019 13:10:17,America/New_York
f0:0f:ec:f8:01:ac,b8:ec:a3:2f:bd:2c,2.4G,b8:ec:a3:2f:bd:2d,5G,-55,-66,5G PREFERENCE,Success,1551982227,1551982427,07-03-2019 13:13:47,America/New_York
f0:0f:ec:f8:01:ac,b8:ec:a3:2f:bd:2d,5G,,,-75,,LOW Signal Strength,Not Moved,1551982247,1551982427,07-03-2019 13:13:47,America/New_York
f0:0f:ec:f8:01:ac,b8:ec:a3:2f:bd:2d,5G,b8:ec:a3:2f:bd:2c,2.4G,-75,-55,LOW Signal Strength,Success,1551987317,1551987497,07-03-2019 14:38:17,America/New_York
f0:0f:ec:f8:01:ac,b8:ec:a3:2f:bd:2d,5G,b8:ec:a3:2f:bd:2c,2.4G,-75,-46,LOW Signal Strength,Success,1551987527,1551987707,07-03-2019 14:41:47,America/New_York
f0:0f:ec:f8:01:ac,b8:ec:a3:2f:bd:2c,2.4G,b8:ec:a3:2f:bd:2d,5G,-46,-66,5G PREFERENCE,Success,1551987717,1551987917,07-03-2019 14:45:17,America/New_York
f0:0f:ec:f8:01:ac,b8:ec:a3:2f:bd:2d,5G,,,-84,,LOW Signal Strength,Not Moved,1552004867,1552005047,07-03-2019 19:30:47,America/New_York
f0:0f:ec:f8:01:ac,b8:ec:a3:2f:bd:2d,5G,,,-84,,LOW Signal Strength,Missing,1552005047,1552005287,07-03-2019 19:34:47,America/New_York
d8:c4:6a:23:6a:7a,b8:ec:a3:2f:bd:1d,5G,,,-77,,LOW Signal Strength,Not Moved,1551968447,1551968627,07-03-2019 09:23:47,America/New_York
d8:c4:6a:23:6a:7a,b8:ec:a3:2f:bd:1d,5G,,,-84,,LOW Signal Strength,Missing,1551968657,1551968897,07-03-2019 09:28:17,America/New_York
00:9d:6b:46:11:5f,04:bf:6d:5e:12:65,5G,,,-75,,LOW Signal Strength,Not Moved,1551982757,1551982937,07-03-2019 13:22:17,America/New_York
00:9d:6b:46:11:5f,04:bf:6d:5e:12:65,5G,04:bf:6d:5e:12:64,2.4G,-75,-58,LOW Signal Strength,Success,1551992807,1551992987,07-03-2019 16:09:47,America/New_York
00:9d:6b:46:11:5f,04:bf:6d:5e:12:65,5G,04:bf:6d:5e:12:64,2.4G,-75,-61,LOW Signal Strength,Success,1551993017,1551993197,07-03-2019 16:13:17,America/New_York
00:9d:6b:46:11:5f,04:bf:6d:5e:12:64,2.4G,,,-61,,5G PREFERENCE,Not Moved,1551993208,1551993407,07-03-2019 16:16:47,America/New_York
00:9d:6b:46:11:5f,04:bf:6d:5e:12:65,5G,04:bf:6d:5e:12:64,2.4G,-75,-57,LOW Signal Strength,Success,1552009367,1552009547,07-03-2019 20:45:47,America/New_York
00:9d:6b:46:11:5f,04:bf:6d:5e:12:65,5G,04:bf:6d:5e:12:64,2.4G,-75,-46,LOW Signal Strength,Success,1552009577,1552009757,07-03-2019 20:49:17,America/New_York
04:d6:aa:66:76:5a,04:bf:6d:5e:26:69,5G,,,-78,,LOW Signal Strength,Not Moved,1551958187,1551958367,07-03-2019 06:32:47,America/New_York
04:d6:aa:66:76:5a,04:bf:6d:5e:26:69,5G,,,-80,,LOW Signal Strength,Not Moved,1552013357,1552013537,07-03-2019 21:52:17,America/New_York
04:d6:aa:66:76:5a,04:bf:6d:5e:26:69,5G,,,-82,,LOW Signal Strength,Not Moved,1552013537,1552013717,07-03-2019 21:55:17,America/New_York
04:d6:aa:66:76:5a,04:bf:6d:5e:26:69,5G,,,-75,,LOW Signal Strength,Not Moved,1552015967,1552016147,07-03-2019 22:35:47,America/New_York
cc:fa:00:b5:65:de,04:bf:6d:5e:12:8d,5G,,,-75,,LOW Signal Strength,Not Moved,1551958547,1551958727,07-03-2019 06:38:47,America/New_York
cc:fa:00:b5:65:de,04:bf:6d:5e:12:8c,2.4G,,,-54,,5G PREFERENCE,Missing,1552015887,1552016147,07-03-2019 22:35:47,America/New_York
44:91:60:56:07:bc,04:bf:6d:5e:11:85,5G,,,-77,,LOW Signal Strength,Missing,1552007267,1552007507,07-03-2019 20:11:47,America/New_York
94:65:2d:82:4f:8d,b8:ec:a3:2f:bd:f9,5G,,,-82,,LOW Signal Strength,Missing,1551967127,1551967367,07-03-2019 09:02:47,America/New_York
94:65:2d:82:4f:8d,b8:ec:a3:2f:bd:f9,5G,,,-82,,LOW Signal Strength,Missing,1551989807,1551990047,07-03-2019 15:20:47,America/New_York
2c:0e:3d:95:a6:4e,04:bf:6d:5e:12:8d,5G,,,-80,,LOW Signal Strength,Not Moved,1551974297,1551974477,07-03-2019 11:01:17,America/New_York
2c:0e:3d:95:a6:4e,04:bf:6d:5e:12:8d,5G,,,-75,,LOW Signal Strength,Not Moved,1551980177,1551980357,07-03-2019 12:39:17,America/New_York
2c:0e:3d:95:a6:4e,04:bf:6d:5e:12:8d,5G,,,-76,,LOW Signal Strength,Missing,1551980357,1551980597,07-03-2019 12:43:17,America/New_York
dc:ef:ca:d6:22:f1,04:bf:6d:5e:26:71,5G,,,-78,,LOW Signal Strength,Not Moved,1551995057,1551995237,07-03-2019 16:47:17,America/New_York
60:30:d4:3d:2a:73,b8:ec:a3:2f:bd:dd,5G,b8:ec:a3:2f:bd:dc,2.4G,-75,-62,LOW Signal Strength,Success,1551957917,1551958097,07-03-2019 06:28:17,America/New_York
60:30:d4:3d:2a:73,b8:ec:a3:2f:bd:dd,5G,,,-75,,LOW Signal Strength,Not Moved,1551958097,1551958277,07-03-2019 06:31:17,America/New_York
60:30:d4:3d:2a:73,b8:ec:a3:2f:bd:dd,5G,b8:ec:a3:2f:bd:dc,2.4G,-80,-54,LOW Signal Strength,Success,1551958907,1551959087,07-03-2019 06:44:47,America/New_York
60:30:d4:3d:2a:73,b8:ec:a3:2f:bd:dd,5G,,,-80,,LOW Signal Strength,Not Moved,1551959117,1551959297,07-03-2019 06:48:17,America/New_York
60:30:d4:3d:2a:73,b8:ec:a3:2f:bd:dd,5G,b8:ec:a3:2f:bd:dc,2.4G,-75,-69,LOW Signal Strength,Success,1551959987,1551960167,07-03-2019 07:02:47,America/New_York
60:30:d4:3d:2a:73,b8:ec:a3:2f:bd:dd,5G,b8:ec:a3:2f:bd:dc,2.4G,-75,-80,LOW Signal Strength,Success,1551960167,1551960347,07-03-2019 07:05:47,America/New_York
60:30:d4:3d:2a:73,b8:ec:a3:2f:bd:dd,5G,,,-76,,LOW Signal Strength,Not Moved,1552010627,1552010807,07-03-2019 21:06:47,America/New_York
2c:0e:3d:76:2a:cc,b8:ec:a3:2f:bd:fd,5G,b8:ec:a3:2f:bd:fc,2.4G,-76,-78,LOW Signal Strength,Success,1551966317,1551966497,07-03-2019 08:48:17,America/New_York
2c:0e:3d:76:2a:cc,b8:ec:a3:2f:bd:fd,5G,b8:ec:a3:2f:bd:fc,2.4G,-81,-78,LOW Signal Strength,Success,1551966497,1551966677,07-03-2019 08:51:17,America/New_York
d4:a3:3d:a6:43:3c,b8:ec:a3:2f:bd:45,5G,,,-82,,LOW Signal Strength,Not Moved,1551967997,1551968177,07-03-2019 09:16:17,America/New_York
d4:a3:3d:a6:43:3c,b8:ec:a3:2f:bd:45,5G,,,-84,,LOW Signal Strength,Missing,1551968207,1551968447,07-03-2019 09:20:47,America/New_York
d4:a3:3d:a6:43:3c,b8:ec:a3:2f:bd:45,5G,,,-78,,LOW Signal Strength,Not Moved,1551986927,1551987107,07-03-2019 14:31:47,America/New_York
d4:a3:3d:a6:43:3c,b8:ec:a3:2f:bd:45,5G,,,-83,,LOW Signal Strength,Missing,1551987137,1551987377,07-03-2019 14:36:17,America/New_York
f0:98:9d:a3:89:f1,04:bf:6d:5e:11:91,5G,,,-75,,LOW Signal Strength,Not Moved,1551957587,1551957767,07-03-2019 06:22:47,America/New_York
f0:98:9d:a3:89:f1,04:bf:6d:5e:11:91,5G,,,-75,,LOW Signal Strength,Not Moved,1551964247,1551964427,07-03-2019 08:13:47,America/New_York
f0:98:9d:a3:89:f1,04:bf:6d:5e:11:91,5G,,,-75,,LOW Signal Strength,Not Moved,1551975617,1551975797,07-03-2019 11:23:17,America/New_York
f0:98:9d:a3:89:f1,04:bf:6d:5e:11:91,5G,,,-75,,LOW Signal Strength,Not Moved,1551987257,1551987437,07-03-2019 14:37:17,America/New_York
f0:79:60:68:b4:f7,b8:ec:a3:2f:bd:69,5G,,,-75,,LOW Signal Strength,Not Moved,1551938177,1551938357,07-03-2019 00:59:17,America/New_York
f0:79:60:68:b4:f7,b8:ec:a3:2f:bd:69,5G,,,-81,,LOW Signal Strength,Missing,1551960047,1551960287,07-03-2019 07:04:47,America/New_York
f0:79:60:68:b4:f7,b8:ec:a3:2f:bd:7d,5G,b8:ec:a3:2f:bd:7c,2.4G,-84,-84,LOW Signal Strength,Success,1551960257,1551960437,07-03-2019 07:07:17,America/New_York
f0:79:60:68:b4:f7,b8:ec:a3:2f:bd:69,5G,,,-76,,LOW Signal Strength,Not Moved,1551983447,1551983627,07-03-2019 13:33:47,America/New_York
f0:79:60:68:b4:f7,b8:ec:a3:2f:bd:7d,5G,,,-87,,LOW Signal Strength,Not Moved,1551989327,1551989507,07-03-2019 15:11:47,America/New_York
f0:79:60:68:b4:f7,b8:ec:a3:2f:bd:69,5G,,,-83,,LOW Signal Strength,Not Moved,1551989387,1551989567,07-03-2019 15:12:47,America/New_York
f0:79:60:68:b4:f7,b8:ec:a3:2f:bd:69,5G,,,-84,,LOW Signal Strength,Not Moved,1551989567,1551989747,07-03-2019 15:15:47,America/New_York
f0:79:60:68:b4:f7,b8:ec:a3:2f:bd:7d,5G,,,-76,,LOW Signal Strength,Not Moved,1551994187,1551994367,07-03-2019 16:32:47,America/New_York
f0:79:60:68:b4:f7,b8:ec:a3:2f:bd:7d,5G,,,-83,,LOW Signal Strength,Missing,1551994367,1551994607,07-03-2019 16:36:47,America/New_York
f0:79:60:68:b4:f7,b8:ec:a3:2f:bd:69,5G,,,-78,,LOW Signal Strength,Not Moved,1551998177,1551998357,07-03-2019 17:39:17,America/New_York
f0:79:60:68:b4:f7,b8:ec:a3:2f:bd:7d,5G,,,-75,,LOW Signal Strength,Not Moved,1551998507,1551998687,07-03-2019 17:44:47,America/New_York
f0:79:60:68:b4:f7,b8:ec:a3:2f:bd:7d,5G,,,-75,,LOW Signal Strength,Missing,1551998687,1551998927,07-03-2019 17:48:47,America/New_York
f0:79:60:68:b4:f7,b8:ec:a3:2f:bd:69,5G,,,-86,,LOW Signal Strength,Not Moved,1552004417,1552004597,07-03-2019 19:23:17,America/New_York
f0:79:60:68:b4:f7,b8:ec:a3:2f:bd:69,5G,,,-86,,LOW Signal Strength,Missing,1552004627,1552004867,07-03-2019 19:27:47,America/New_York
f0:79:60:68:b4:f7,b8:ec:a3:2f:bd:7d,5G,,,-76,,LOW Signal Strength,Not Moved,1552009667,1552009847,07-03-2019 20:50:47,America/New_York
f0:79:60:68:b4:f7,b8:ec:a3:2f:bd:7d,5G,,,-77,,LOW Signal Strength,Missing,1552009847,1552010087,07-03-2019 20:54:47,America/New_York
f0:79:60:68:b4:f7,b8:ec:a3:2f:bd:69,5G,,,-75,,LOW Signal Strength,Not Moved,1552015007,1552015187,07-03-2019 22:19:47,America/New_York
