Event Log

MAC Address,Prim. MAC Address,Channel,Type,Module (from),Module (to),Message,Time stamp
04:bf:6d:5e:26:64,04:bf:6d:5e:26:67,6 (2437 MHz),INFORM CS - MODIFY AP CONFIGURATION,RRM,CONFIG_SERVICE,"{candidateBssList=[{ ""bssid"" : ""04:bf:6d:5e:26:65"" , ""channel"" : 149 , ""bandwidth"" : 80}], deassociateStaList=[fc:c2:de:94:56:d9], frequencySetBy=10}",2019-03-08 02:53
a0:e4:cb:fc:b4:ec,a0:e4:cb:fc:b4:ef,6 (2437 MHz),INFORM CS - MODIFY AP CONFIGURATION,RRM,CONFIG_SERVICE,"{candidateBssList=[{ ""bssid"" : ""a0:e4:cb:fc:b4:ed"" , ""channel"" : 149 , ""bandwidth"" : 80}], deassociateStaList=[c0:bd:d1:7e:1a:7e], frequencySetBy=10}",2019-03-08 01:45
b8:ec:a3:2f:bd:1c,b8:ec:a3:2f:bd:1f,6 (2437 MHz),INFORM CS - MODIFY AP CONFIGURATION,RRM,CONFIG_SERVICE,"{candidateBssList=[{ ""bssid"" : ""b8:ec:a3:2f:bd:1d"" , ""channel"" : 153 , ""bandwidth"" : 80}], deassociateStaList=[d8:c4:6a:23:6a:7a], frequencySetBy=10}",2019-03-08 00:53
b8:ec:a3:2f:bd:18,b8:ec:a3:2f:bd:1b,1 (2412 MHz),INFORM CS - MODIFY AP CONFIGURATION,RRM,CONFIG_SERVICE,"{FrequencySetBy Changed =10 -> 4, Frequency(MHz) Changed=2412 -> 2437}",2019-03-08 00:47
b8:ec:a3:2f:bd:18,b8:ec:a3:2f:bd:1b,1 (2412 MHz),NOISE ALARM DETECTED,RRM,RRM,"{Description=This event is triggered when noise alarm reported by the AP, ap_manufacturer=ZyXEL_EMG2926, alarm message=Noise -70 on channel 2412 Exceeded threshold -70 on AP b8:ec:a3:2f:bd:1b}",2019-03-08 00:47
04:bf:6d:5e:11:8c,04:bf:6d:5e:11:8f,6 (2437 MHz),INFORM CS - MODIFY AP CONFIGURATION,RRM,CONFIG_SERVICE,"{candidateBssList=[{ ""bssid"" : ""04:bf:6d:5e:11:8d"" , ""channel"" : 161 , ""bandwidth"" : 80}], deassociateStaList=[c0:a6:00:02:f4:31], frequencySetBy=10}",2019-03-08 00:12
04:bf:6d:5e:11:8d,04:bf:6d:5e:11:8f,40 (5200 MHz),INFORM CS - MODIFY AP CONFIGURATION,RRM,CONFIG_SERVICE,"{FrequencySetBy Changed =-1 -> 4, channelSetSelection Changed =3 -> 4, Frequency(MHz) Changed=5200 -> 5805, Transmit Power(dBm) Changed=16.0 -> 22.0}",2019-03-08 00:10
04:bf:6d:5e:11:8d,04:bf:6d:5e:11:8f,40 (5200 MHz),INITIAL CHANNEL SELECTION,RRM,RRM,"{Description=This event is triggered after AP bootup and sends initial channel metrics, ap_manufacturer=ZyXEL_EMG2926}",2019-03-08 00:10
04:bf:6d:5e:11:8c,04:bf:6d:5e:11:8f,6 (2437 MHz),INFORM CS - MODIFY AP CONFIGURATION,RRM,CONFIG_SERVICE,"{channelSetSelection Changed =3 -> 4}",2019-03-08 00:10
04:bf:6d:5e:11:8c,04:bf:6d:5e:11:8f,6 (2437 MHz),INITIAL CHANNEL SELECTION,RRM,RRM,"{Description=This event is triggered after AP bootup and sends initial channel metrics, ap_manufacturer=ZyXEL_EMG2926}",2019-03-08 00:10
04:bf:6d:5e:11:8d,04:bf:6d:5e:11:8f,40 (5200 MHz),INFORM CS - AP BOOTUP AFTER POWER CYCLE,AP,CONFIG_SERVICE,"No changes",2019-03-08 00:09
04:bf:6d:5e:11:8c,04:bf:6d:5e:11:8f,6 (2437 MHz),INFORM CS - AP BOOTUP AFTER POWER CYCLE,AP,CONFIG_SERVICE,"No changes",2019-03-08 00:09
04:bf:6d:5e:12:8c,04:bf:6d:5e:12:8f,11 (2462 MHz),INFORM CS - MODIFY AP CONFIGURATION,RRM,CONFIG_SERVICE,"{candidateBssList=[{ ""bssid"" : ""04:bf:6d:5e:12:8d"" , ""channel"" : 149 , ""bandwidth"" : 80}], deassociateStaList=[cc:fa:00:b5:65:de], frequencySetBy=10}",2019-03-07 22:31
04:bf:6d:5e:12:80,04:bf:6d:5e:12:83,1 (2412 MHz),INFORM CS - MODIFY AP CONFIGURATION,RRM,CONFIG_SERVICE,"{candidateBssList=[{ ""bssid"" : ""04:bf:6d:5e:12:81"" , ""channel"" : 149 , ""bandwidth"" : 80}], deassociateStaList=[50:1e:2d:05:37:6e], frequencySetBy=10}",2019-03-07 21:50
a0:e4:cb:fc:b4:ec,a0:e4:cb:fc:b4:ef,6 (2437 MHz),INFORM CS - MODIFY AP CONFIGURATION,RRM,CONFIG_SERVICE,"{candidateBssList=[{ ""bssid"" : ""a0:e4:cb:fc:b4:ed"" , ""channel"" : 149 , ""bandwidth"" : 80}], deassociateStaList=[34:12:f9:e8:4d:da], frequencySetBy=10}",2019-03-07 21:03
04:bf:6d:5e:12:64,04:bf:6d:5e:12:67,1 (2412 MHz),INFORM CS - MODIFY AP CONFIGURATION,RRM,CONFIG_SERVICE,"{candidateBssList=[{ ""bssid"" : ""04:bf:6d:5e:12:65"" , ""channel"" : 161 , ""bandwidth"" : 80}], deassociateStaList=[d8:c4:6a:2e:da:48], frequencySetBy=10}",2019-03-07 20:34
b8:ec:a3:2f:bd:fc,b8:ec:a3:2f:bd:ff,1 (2412 MHz),INFORM CS - MODIFY AP CONFIGURATION,RRM,CONFIG_SERVICE,"{candidateBssList=[{ ""bssid"" : ""b8:ec:a3:2f:bd:fd"" , ""channel"" : 157 , ""bandwidth"" : 80}], deassociateStaList=[cc:20:e8:24:de:ec], frequencySetBy=10}",2019-03-07 20:19
04:bf:6d:5e:26:7c,04:bf:6d:5e:26:7f,11 (2462 MHz),INFORM CS - MODIFY AP CONFIGURATION,RRM,CONFIG_SERVICE,"{candidateBssList=[{ ""bssid"" : ""04:bf:6d:5e:26:7d"" , ""channel"" : 149 , ""bandwidth"" : 80}], deassociateStaList=[6c:71:d9:bc:8b:11], frequencySetBy=10}",2019-03-07 20:07
b8:ec:a3:2f:bd:74,b8:ec:a3:2f:bd:77,6 (2437 MHz),INFORM CS - MODIFY AP CONFIGURATION,RRM,CONFIG_SERVICE,"{candidateBssList=[{ ""bssid"" : ""b8:ec:a3:2f:bd:75"" , ""channel"" : 153 , ""bandwidth"" : 80}], deassociateStaList=[dc:ef:ca:7c:34:64], frequencySetBy=10}",2019-03-07 17:56
04:bf:6d:5e:26:88,04:bf:6d:5e:26:8b,1 (2412 MHz),INFORM CS - MODIFY AP CONFIGURATION,RRM,CONFIG_SERVICE,"{candidateBssList=[{ ""bssid"" : ""04:bf:6d:5e:26:89"" , ""channel"" : 40 , ""bandwidth"" : 80}], deassociateStaList=[c0:f2:fb:bc:9f:69], frequencySetBy=10}",2019-03-07 17:30
04:bf:6d:5e:26:7c,04:bf:6d:5e:26:7f,11 (2462 MHz),INFORM CS - MODIFY AP CONFIGURATION,RRM,CONFIG_SERVICE,"{candidateBssList=[{ ""bssid"" : ""04:bf:6d:5e:26:7d"" , ""channel"" : 149 , ""bandwidth"" : 80}], deassociateStaList=[10:cd:b6:00:ad:eb], frequencySetBy=10}",2019-03-07 17:05
04:bf:6d:5e:12:64,04:bf:6d:5e:12:67,1 (2412 MHz),INFORM CS - MODIFY AP CONFIGURATION,RRM,CONFIG_SERVICE,"{candidateBssList=[{ ""bssid"" : ""04:bf:6d:5e:12:65"" , ""channel"" : 161 , ""bandwidth"" : 80}], deassociateStaList=[00:9d:6b:46:11:5f], frequencySetBy=10}",2019-03-07 16:13
b8:ec:a3:2f:bd:5c,b8:ec:a3:2f:bd:5f,1 (2412 MHz),INFORM CS - MODIFY AP CONFIGURATION,RRM,CONFIG_SERVICE,"{candidateBssList=[{ ""bssid"" : ""b8:ec:a3:2f:bd:5d"" , ""channel"" : 161 , ""bandwidth"" : 80}], deassociateStaList=[8c:f5:a3:cf:a6:39], frequencySetBy=10}",2019-03-07 16:03
b8:ec:a3:2f:bd:2c,b8:ec:a3:2f:bd:2f,1 (2412 MHz),INFORM CS - MODIFY AP CONFIGURATION,RRM,CONFIG_SERVICE,"{candidateBssList=[{ ""bssid"" : ""b8:ec:a3:2f:bd:2d"" , ""channel"" : 157 , ""bandwidth"" : 80}], deassociateStaList=[f0:0f:ec:f8:01:ac], frequencySetBy=10}",2019-03-07 14:41
04:bf:6d:5e:11:8c,04:bf:6d:5e:11:8f,6 (2437 MHz),INFORM CS - MODIFY AP CONFIGURATION,RRM,CONFIG_SERVICE,"{candidateBssList=[{ ""bssid"" : ""04:bf:6d:5e:11:8d"" , ""channel"" : 149 , ""bandwidth"" : 80}], deassociateStaList=[c0:a6:00:02:f4:31], frequencySetBy=10}",2019-03-07 13:20
b8:ec:a3:2f:bd:2c,b8:ec:a3:2f:bd:2f,1 (2412 MHz),INFORM CS - MODIFY AP CONFIGURATION,RRM,CONFIG_SERVICE,"{candidateBssList=[{ ""bssid"" : ""b8:ec:a3:2f:bd:2d"" , ""channel"" : 157 , ""bandwidth"" : 80}], deassociateStaList=[f0:0f:ec:f8:01:ac], frequencySetBy=10}",2019-03-07 13:10
b8:ec:a3:2f:bd:2c,b8:ec:a3:2f:bd:2f,1 (2412 MHz),INFORM CS - MODIFY AP CONFIGURATION,RRM,CONFIG_SERVICE,"{candidateBssList=[{ ""bssid"" : ""b8:ec:a3:2f:bd:2d"" , ""channel"" : 157 , ""bandwidth"" : 80}], deassociateStaList=[f0:0f:ec:f8:01:ac], frequencySetBy=10}",2019-03-07 12:50
b8:ec:a3:2f:bd:7c,b8:ec:a3:2f:bd:7f,11 (2462 MHz),INFORM CS - MODIFY AP CONFIGURATION,RRM,CONFIG_SERVICE,"{candidateBssList=[{ ""bssid"" : ""b8:ec:a3:2f:bd:7d"" , ""channel"" : 157 , ""bandwidth"" : 80}], deassociateStaList=[88:07:4b:e4:19:d4], frequencySetBy=10}",2019-03-07 12:09
b8:ec:a3:2f:bd:5c,b8:ec:a3:2f:bd:5f,1 (2412 MHz),INFORM CS - MODIFY AP CONFIGURATION,RRM,CONFIG_SERVICE,"{candidateBssList=[{ ""bssid"" : ""b8:ec:a3:2f:bd:5d"" , ""channel"" : 161 , ""bandwidth"" : 80}], deassociateStaList=[8c:f5:a3:cf:a6:39], frequencySetBy=10}",2019-03-07 11:51
b8:ec:a3:2f:bd:5c,b8:ec:a3:2f:bd:5f,1 (2412 MHz),INFORM CS - MODIFY AP CONFIGURATION,RRM,CONFIG_SERVICE,"{candidateBssList=[{ ""bssid"" : ""b8:ec:a3:2f:bd:5d"" , ""channel"" : 161 , ""bandwidth"" : 80}], deassociateStaList=[8c:f5:a3:cf:a6:39], frequencySetBy=10}",2019-03-07 11:48
04:bf:6d:5e:11:78,04:bf:6d:5e:11:7b,6 (2437 MHz),INFORM CS - MODIFY AP CONFIGURATION,RRM,CONFIG_SERVICE,"{candidateBssList=[{ ""bssid"" : ""04:bf:6d:5e:11:79"" , ""channel"" : 157 , ""bandwidth"" : 80}], deassociateStaList=[78:31:c1:b8:ee:5c], frequencySetBy=10}",2019-03-07 11:14
04:bf:6d:5e:11:78,04:bf:6d:5e:11:7b,6 (2437 MHz),INFORM CS - MODIFY AP CONFIGURATION,RRM,CONFIG_SERVICE,"{candidateBssList=[{ ""bssid"" : ""04:bf:6d:5e:11:79"" , ""channel"" : 157 , ""bandwidth"" : 80}], deassociateStaList=[cc:44:63:b7:72:67], frequencySetBy=10}",2019-03-07 11:13
04:bf:6d:5e:11:79,04:bf:6d:5e:11:7b,44 (5220 MHz),INFORM CS - MODIFY AP CONFIGURATION,RRM,CONFIG_SERVICE,"{FrequencySetBy Changed =-1 -> 4, channelSetSelection Changed =3 -> 4, Frequency(MHz) Changed=5220 -> 5785, Transmit Power(dBm) Changed=16.0 -> 22.0}",2019-03-07 11:10
04:bf:6d:5e:11:79,04:bf:6d:5e:11:7b,44 (5220 MHz),INITIAL CHANNEL SELECTION,RRM,RRM,"{Description=This event is triggered after AP bootup and sends initial channel metrics, ap_manufacturer=ZyXEL_EMG2926}",2019-03-07 11:10
04:bf:6d:5e:11:78,04:bf:6d:5e:11:7b,11 (2462 MHz),INFORM CS - MODIFY AP CONFIGURATION,RRM,CONFIG_SERVICE,"{FrequencySetBy Changed =-1 -> 4, channelSetSelection Changed =3 -> 4, Frequency(MHz) Changed=2462 -> 2437}",2019-03-07 11:10
04:bf:6d:5e:11:78,04:bf:6d:5e:11:7b,11 (2462 MHz),INITIAL CHANNEL SELECTION,RRM,RRM,"{Description=This event is triggered after AP bootup and sends initial channel metrics, ap_manufacturer=ZyXEL_EMG2926}",2019-03-07 11:10
04:bf:6d:5e:11:79,04:bf:6d:5e:11:7b,44 (5220 MHz),INFORM CS - AP BOOTUP AFTER POWER CYCLE,AP,CONFIG_SERVICE,"No changes",2019-03-07 11:09
04:bf:6d:5e:11:78,04:bf:6d:5e:11:7b,11 (2462 MHz),INFORM CS - AP BOOTUP AFTER POWER CYCLE,AP,CONFIG_SERVICE,"No changes",2019-03-07 11:09
b8:ec:a3:2f:bd:2c,b8:ec:a3:2f:bd:2f,1 (2412 MHz),INFORM CS - MODIFY AP CONFIGURATION,RRM,CONFIG_SERVICE,"{candidateBssList=[{ ""bssid"" : ""b8:ec:a3:2f:bd:2d"" , ""channel"" : 157 , ""bandwidth"" : 80}], deassociateStaList=[f0:0f:ec:f8:01:ac], frequencySetBy=10}",2019-03-07 11:07
b8:ec:a3:2f:bd:2c,b8:ec:a3:2f:bd:2f,1 (2412 MHz),INFORM CS - MODIFY AP CONFIGURATION,RRM,CONFIG_SERVICE,"{candidateBssList=[{ ""bssid"" : ""b8:ec:a3:2f:bd:2d"" , ""channel"" : 157 , ""bandwidth"" : 80}], deassociateStaList=[40:bc:60:b8:47:9a], frequencySetBy=10}",2019-03-07 11:00
04:bf:6d:5e:11:78,04:bf:6d:5e:11:7b,6 (2437 MHz),INFORM CS - MODIFY AP CONFIGURATION,RRM,CONFIG_SERVICE,"{candidateBssList=[{ ""bssid"" : ""04:bf:6d:5e:11:79"" , ""channel"" : 157 , ""bandwidth"" : 80}], deassociateStaList=[cc:44:63:b7:72:67], frequencySetBy=10}",2019-03-07 10:47
04:bf:6d:5e:11:78,04:bf:6d:5e:11:7b,6 (2437 MHz),INFORM CS - MODIFY AP CONFIGURATION,RRM,CONFIG_SERVICE,"{candidateBssList=[{ ""bssid"" : ""04:bf:6d:5e:11:79"" , ""channel"" : 44 , ""bandwidth"" : 80}], deassociateStaList=[e4:ce:8f:04:cb:ee], frequencySetBy=10}",2019-03-07 10:44
04:bf:6d:5e:11:79,04:bf:6d:5e:11:7b,44 (5220 MHz),INFORM CS - MODIFY AP CONFIGURATION,RRM,CONFIG_SERVICE,"{FrequencySetBy Changed =-1 -> 4, channelSetSelection Changed =3 -> 4, Frequency(MHz) Changed=5220 -> 5785, Transmit Power(dBm) Changed=16.0 -> 22.0}",2019-03-07 10:44
04:bf:6d:5e:11:79,04:bf:6d:5e:11:7b,44 (5220 MHz),INITIAL CHANNEL SELECTION,RRM,RRM,"{Description=This event is triggered after AP bootup and sends initial channel metrics, ap_manufacturer=ZyXEL_EMG2926}",2019-03-07 10:44
04:bf:6d:5e:11:78,04:bf:6d:5e:11:7b,6 (2437 MHz),INFORM CS - MODIFY AP CONFIGURATION,RRM,CONFIG_SERVICE,"{channelSetSelection Changed =3 -> 4}",2019-03-07 10:44
04:bf:6d:5e:11:78,04:bf:6d:5e:11:7b,6 (2437 MHz),INITIAL CHANNEL SELECTION,RRM,RRM,"{Description=This event is triggered after AP bootup and sends initial channel metrics, ap_manufacturer=ZyXEL_EMG2926}",2019-03-07 10:44
04:bf:6d:5e:11:79,04:bf:6d:5e:11:7b,44 (5220 MHz),INFORM CS - AP BOOTUP AFTER POWER CYCLE,AP,CONFIG_SERVICE,"No changes",2019-03-07 10:43
04:bf:6d:5e:11:78,04:bf:6d:5e:11:7b,6 (2437 MHz),INFORM CS - AP BOOTUP AFTER POWER CYCLE,AP,CONFIG_SERVICE,"No changes",2019-03-07 10:43
04:bf:6d:5e:11:78,04:bf:6d:5e:11:7b,1 (2412 MHz),INFORM CS - MODIFY AP CONFIGURATION,RRM,CONFIG_SERVICE,"{candidateBssList=[{ ""bssid"" : ""04:bf:6d:5e:11:79"" , ""channel"" : 161 , ""bandwidth"" : 80}], deassociateStaList=[40:4e:36:93:bc:1f], frequencySetBy=10}",2019-03-07 10:21
04:bf:6d:5e:11:78,04:bf:6d:5e:11:7b,1 (2412 MHz),INFORM CS - MODIFY AP CONFIGURATION,RRM,CONFIG_SERVICE,"{candidateBssList=[{ ""bssid"" : ""04:bf:6d:5e:11:79"" , ""channel"" : 44 , ""bandwidth"" : 80}], deassociateStaList=[40:4e:36:93:bc:1f], frequencySetBy=10}",2019-03-07 10:18
a0:e4:cb:fc:b4:ec,a0:e4:cb:fc:b4:ef,6 (2437 MHz),INFORM CS - MODIFY AP CONFIGURATION,RRM,CONFIG_SERVICE,"{candidateBssList=[{ ""bssid"" : ""a0:e4:cb:fc:b4:ed"" , ""channel"" : 149 , ""bandwidth"" : 80}], deassociateStaList=[c0:bd:d1:7e:1a:7e], frequencySetBy=10}",2019-03-07 10:17
04:bf:6d:5e:11:79,04:bf:6d:5e:11:7b,44 (5220 MHz),INFORM CS - MODIFY AP CONFIGURATION,RRM,CONFIG_SERVICE,"{FrequencySetBy Changed =-1 -> 4, channelSetSelection Changed =3 -> 4, Frequency(MHz) Changed=5220 -> 5805, Transmit Power(dBm) Changed=16.0 -> 22.0}",2019-03-07 10:17
04:bf:6d:5e:11:79,04:bf:6d:5e:11:7b,44 (5220 MHz),INITIAL CHANNEL SELECTION,RRM,RRM,"{Description=This event is triggered after AP bootup and sends initial channel metrics, ap_manufacturer=ZyXEL_EMG2926}",2019-03-07 10:17
04:bf:6d:5e:11:78,04:bf:6d:5e:11:7b,1 (2412 MHz),INFORM CS - MODIFY AP CONFIGURATION,RRM,CONFIG_SERVICE,"{channelSetSelection Changed =3 -> 4}",2019-03-07 10:17
04:bf:6d:5e:11:78,04:bf:6d:5e:11:7b,1 (2412 MHz),INITIAL CHANNEL SELECTION,RRM,RRM,"{Description=This event is triggered after AP bootup and sends initial channel metrics, ap_manufacturer=ZyXEL_EMG2926}",2019-03-07 10:17
04:bf:6d:5e:11:79,04:bf:6d:5e:11:7b,44 (5220 MHz),INFORM CS - AP BOOTUP AFTER POWER CYCLE,AP,CONFIG_SERVICE,"No changes",2019-03-07 10:17
04:bf:6d:5e:11:78,04:bf:6d:5e:11:7b,1 (2412 MHz),INFORM CS - AP BOOTUP AFTER POWER CYCLE,AP,CONFIG_SERVICE,"No changes",2019-03-07 10:17
a0:e4:cb:fc:b4:ec,a0:e4:cb:fc:b4:ef,6 (2437 MHz),INFORM CS - MODIFY AP CONFIGURATION,RRM,CONFIG_SERVICE,"{candidateBssList=[{ ""bssid"" : ""a0:e4:cb:fc:b4:ed"" , ""channel"" : 149 , ""bandwidth"" : 80}], deassociateStaList=[34:12:f9:e8:4d:da], frequencySetBy=10}",2019-03-07 10:15
04:bf:6d:5e:11:78,04:bf:6d:5e:11:7b,6 (2437 MHz),INFORM CS - MODIFY AP CONFIGURATION,RRM,CONFIG_SERVICE,"{candidateBssList=[{ ""bssid"" : ""04:bf:6d:5e:11:79"" , ""channel"" : 157 , ""bandwidth"" : 80}], deassociateStaList=[cc:44:63:b7:72:67], frequencySetBy=10}",2019-03-07 10:14
04:bf:6d:5e:11:78,04:bf:6d:5e:11:7b,6 (2437 MHz),INFORM CS - MODIFY AP CONFIGURATION,RRM,CONFIG_SERVICE,"{candidateBssList=[{ ""bssid"" : ""04:bf:6d:5e:11:79"" , ""channel"" : 157 , ""bandwidth"" : 80}], deassociateStaList=[cc:44:63:b7:72:67], frequencySetBy=10}",2019-03-07 10:10
04:bf:6d:5e:11:78,04:bf:6d:5e:11:7b,6 (2437 MHz),INFORM CS - MODIFY AP CONFIGURATION,RRM,CONFIG_SERVICE,"{candidateBssList=[{ ""bssid"" : ""04:bf:6d:5e:11:79"" , ""channel"" : 44 , ""bandwidth"" : 80}], deassociateStaList=[78:31:c1:b8:ee:5c, e4:ce:8f:04:cb:ee], frequencySetBy=10}",2019-03-07 10:07
04:bf:6d:5e:11:79,04:bf:6d:5e:11:7b,44 (5220 MHz),INFORM CS - MODIFY AP CONFIGURATION,RRM,CONFIG_SERVICE,"{FrequencySetBy Changed =-1 -> 4, channelSetSelection Changed =3 -> 4, Frequency(MHz) Changed=5220 -> 5785, Transmit Power(dBm) Changed=16.0 -> 22.0}",2019-03-07 10:07
04:bf:6d:5e:11:79,04:bf:6d:5e:11:7b,44 (5220 MHz),INITIAL CHANNEL SELECTION,RRM,RRM,"{Description=This event is triggered after AP bootup and sends initial channel metrics, ap_manufacturer=ZyXEL_EMG2926}",2019-03-07 10:07
04:bf:6d:5e:11:78,04:bf:6d:5e:11:7b,6 (2437 MHz),INFORM CS - MODIFY AP CONFIGURATION,RRM,CONFIG_SERVICE,"{channelSetSelection Changed =3 -> 4}",2019-03-07 10:07
04:bf:6d:5e:11:78,04:bf:6d:5e:11:7b,6 (2437 MHz),INITIAL CHANNEL SELECTION,RRM,RRM,"{Description=This event is triggered after AP bootup and sends initial channel metrics, ap_manufacturer=ZyXEL_EMG2926}",2019-03-07 10:07
04:bf:6d:5e:11:79,04:bf:6d:5e:11:7b,44 (5220 MHz),INFORM CS - AP BOOTUP AFTER POWER CYCLE,AP,CONFIG_SERVICE,"No changes",2019-03-07 10:06
04:bf:6d:5e:11:78,04:bf:6d:5e:11:7b,6 (2437 MHz),INFORM CS - AP BOOTUP AFTER POWER CYCLE,AP,CONFIG_SERVICE,"No changes",2019-03-07 10:06
b8:ec:a3:2f:bd:30,b8:ec:a3:2f:bd:33,6 (2437 MHz),INFORM CS - MODIFY AP CONFIGURATION,RRM,CONFIG_SERVICE,"{candidateBssList=[{ ""bssid"" : ""b8:ec:a3:2f:bd:31"" , ""channel"" : 153 , ""bandwidth"" : 80}], deassociateStaList=[48:4b:aa:af:cb:19], frequencySetBy=10}",2019-03-07 09:44
04:bf:6d:5e:12:70,04:bf:6d:5e:12:73,11 (2462 MHz),INFORM CS - MODIFY AP CONFIGURATION,RRM,CONFIG_SERVICE,"{candidateBssList=[{ ""bssid"" : ""04:bf:6d:5e:12:71"" , ""channel"" : 153 , ""bandwidth"" : 80}], deassociateStaList=[88:66:a5:ba:5b:1b], frequencySetBy=10}",2019-03-07 09:43
04:bf:6d:5e:12:64,04:bf:6d:5e:12:67,1 (2412 MHz),INFORM CS - MODIFY AP CONFIGURATION,RRM,CONFIG_SERVICE,"{candidateBssList=[{ ""bssid"" : ""04:bf:6d:5e:12:65"" , ""channel"" : 161 , ""bandwidth"" : 80}], deassociateStaList=[58:82:a8:64:a7:f1], frequencySetBy=10}",2019-03-07 07:15
04:bf:6d:5e:26:64,04:bf:6d:5e:26:67,6 (2437 MHz),INFORM CS - MODIFY AP CONFIGURATION,RRM,CONFIG_SERVICE,"{candidateBssList=[{ ""bssid"" : ""04:bf:6d:5e:26:65"" , ""channel"" : 149 , ""bandwidth"" : 80}], deassociateStaList=[fc:c2:de:94:56:d9], frequencySetBy=10}",2019-03-07 03:30
04:bf:6d:5e:12:64,04:bf:6d:5e:12:67,1 (2412 MHz),INFORM CS - MODIFY AP CONFIGURATION,RRM,CONFIG_SERVICE,"{candidateBssList=[{ ""bssid"" : ""04:bf:6d:5e:12:65"" , ""channel"" : 161 , ""bandwidth"" : 80}], deassociateStaList=[58:82:a8:64:a7:f1], frequencySetBy=10}",2019-03-07 01:17












