dateTime,airTimePercentage2pt4GHz,airTimePercentage5GHz,atfEnabled2pt4GHz,atfEnabled5GHz,countryCode,enabled,id,isFairPolicy2pt4GHz,isFairPolicy5GHz,name,publicSsid2pt4Controlled,publicSsid5Controlled,publicWifiNetworkID2pt4GHz,publicWifiNetworkID5GHz,ssidList2pt4GHz,ssidList5GHz
2019-03-07 00:45:01,1,1,False,False,CA,True,5e60c5ff-56e0-4987-a72d-e86f5bdaef15,True,True,ZyXEL,False,False,,,[''],['']
2019-03-07 01:45:01,1,1,False,False,CA,True,5e60c5ff-56e0-4987-a72d-e86f5bdaef15,True,True,ZyXEL,False,False,,,[''],['']
2019-03-07 02:45:01,1,1,False,False,CA,True,5e60c5ff-56e0-4987-a72d-e86f5bdaef15,True,True,ZyXEL,False,False,,,[''],['']
2019-03-07 03:45:02,1,1,False,False,CA,True,5e60c5ff-56e0-4987-a72d-e86f5bdaef15,True,True,ZyXEL,False,False,,,[''],['']
2019-03-07 04:45:01,1,1,False,False,CA,True,5e60c5ff-56e0-4987-a72d-e86f5bdaef15,True,True,ZyXEL,False,False,,,[''],['']
2019-03-07 05:45:01,1,1,False,False,CA,True,5e60c5ff-56e0-4987-a72d-e86f5bdaef15,True,True,ZyXEL,False,False,,,[''],['']
2019-03-07 06:45:01,1,1,False,False,CA,True,5e60c5ff-56e0-4987-a72d-e86f5bdaef15,True,True,ZyXEL,False,False,,,[''],['']
2019-03-07 07:45:01,1,1,False,False,CA,True,5e60c5ff-56e0-4987-a72d-e86f5bdaef15,True,True,ZyXEL,False,False,,,[''],['']
2019-03-07 08:45:01,1,1,False,False,CA,True,5e60c5ff-56e0-4987-a72d-e86f5bdaef15,True,True,ZyXEL,False,False,,,[''],['']
2019-03-07 09:45:01,1,1,False,False,CA,True,5e60c5ff-56e0-4987-a72d-e86f5bdaef15,True,True,ZyXEL,False,False,,,[''],['']
2019-03-07 10:45:01,1,1,False,False,CA,True,5e60c5ff-56e0-4987-a72d-e86f5bdaef15,True,True,ZyXEL,False,False,,,[''],['']
2019-03-07 11:45:01,1,1,False,False,CA,True,5e60c5ff-56e0-4987-a72d-e86f5bdaef15,True,True,ZyXEL,False,False,,,[''],['']
2019-03-07 12:45:02,1,1,False,False,CA,True,5e60c5ff-56e0-4987-a72d-e86f5bdaef15,True,True,ZyXEL,False,False,,,[''],['']
2019-03-07 13:45:01,1,1,False,False,CA,True,5e60c5ff-56e0-4987-a72d-e86f5bdaef15,True,True,ZyXEL,False,False,,,[''],['']
2019-03-07 14:45:01,1,1,False,False,CA,True,5e60c5ff-56e0-4987-a72d-e86f5bdaef15,True,True,ZyXEL,False,False,,,[''],['']
2019-03-07 15:45:01,1,1,False,False,CA,True,5e60c5ff-56e0-4987-a72d-e86f5bdaef15,True,True,ZyXEL,False,False,,,[''],['']
2019-03-07 16:45:01,1,1,False,False,CA,True,5e60c5ff-56e0-4987-a72d-e86f5bdaef15,True,True,ZyXEL,False,False,,,[''],['']
2019-03-07 17:45:01,1,1,False,False,CA,True,5e60c5ff-56e0-4987-a72d-e86f5bdaef15,True,True,ZyXEL,False,False,,,[''],['']
2019-03-07 18:45:01,1,1,False,False,CA,True,5e60c5ff-56e0-4987-a72d-e86f5bdaef15,True,True,ZyXEL,False,False,,,[''],['']
2019-03-07 19:45:01,1,1,False,False,CA,True,5e60c5ff-56e0-4987-a72d-e86f5bdaef15,True,True,ZyXEL,False,False,,,[''],['']
2019-03-07 20:45:01,1,1,False,False,CA,True,5e60c5ff-56e0-4987-a72d-e86f5bdaef15,True,True,ZyXEL,False,False,,,[''],['']
2019-03-07 21:45:01,1,1,False,False,CA,True,5e60c5ff-56e0-4987-a72d-e86f5bdaef15,True,True,ZyXEL,False,False,,,[''],['']
2019-03-07 22:45:01,1,1,False,False,CA,True,5e60c5ff-56e0-4987-a72d-e86f5bdaef15,True,True,ZyXEL,False,False,,,[''],['']
2019-03-07 23:45:02,1,1,False,False,CA,True,5e60c5ff-56e0-4987-a72d-e86f5bdaef15,True,True,ZyXEL,False,False,,,[''],['']
