dateTime,baseConfig,enabled,id,name,rrmConfig
2019-03-24 00:45:01,0,,00000000-0000-0000-0000-000000000000,Default ClusterConfig,False
2019-03-24 00:45:01,0,,00000000-0000-0000-0000-0000balanced,Balanced,False
2019-03-24 00:45:01,2,,00000000-0000-0000-0000-00aggressive,Aggressive,False
2019-03-24 00:45:01,1,,00000000-0000-0000-0000-conservative,Conservative,False
2019-03-24 01:45:01,0,,00000000-0000-0000-0000-000000000000,Default ClusterConfig,False
2019-03-24 01:45:01,0,,00000000-0000-0000-0000-0000balanced,Balanced,False
2019-03-24 01:45:01,2,,00000000-0000-0000-0000-00aggressive,Aggressive,False
2019-03-24 01:45:01,1,,00000000-0000-0000-0000-conservative,Conservative,False
2019-03-24 02:45:01,0,,00000000-0000-0000-0000-000000000000,Default ClusterConfig,False
2019-03-24 02:45:01,0,,00000000-0000-0000-0000-0000balanced,Balanced,False
2019-03-24 02:45:01,2,,00000000-0000-0000-0000-00aggressive,Aggressive,False
2019-03-24 02:45:01,1,,00000000-0000-0000-0000-conservative,Conservative,False
2019-03-24 03:45:01,0,,00000000-0000-0000-0000-000000000000,Default ClusterConfig,False
2019-03-24 03:45:01,0,,00000000-0000-0000-0000-0000balanced,Balanced,False
2019-03-24 03:45:01,2,,00000000-0000-0000-0000-00aggressive,Aggressive,False
2019-03-24 03:45:01,1,,00000000-0000-0000-0000-conservative,Conservative,False
2019-03-24 04:45:01,0,,00000000-0000-0000-0000-000000000000,Default ClusterConfig,False
2019-03-24 04:45:01,0,,00000000-0000-0000-0000-0000balanced,Balanced,False
2019-03-24 04:45:01,2,,00000000-0000-0000-0000-00aggressive,Aggressive,False
2019-03-24 04:45:01,1,,00000000-0000-0000-0000-conservative,Conservative,False
2019-03-24 05:45:01,0,,00000000-0000-0000-0000-000000000000,Default ClusterConfig,False
2019-03-24 05:45:01,0,,00000000-0000-0000-0000-0000balanced,Balanced,False
2019-03-24 05:45:01,2,,00000000-0000-0000-0000-00aggressive,Aggressive,False
2019-03-24 05:45:01,1,,00000000-0000-0000-0000-conservative,Conservative,False
2019-03-24 06:45:02,0,,00000000-0000-0000-0000-000000000000,Default ClusterConfig,False
2019-03-24 06:45:02,0,,00000000-0000-0000-0000-0000balanced,Balanced,False
2019-03-24 06:45:02,2,,00000000-0000-0000-0000-00aggressive,Aggressive,False
2019-03-24 06:45:02,1,,00000000-0000-0000-0000-conservative,Conservative,False
2019-03-24 07:45:01,0,,00000000-0000-0000-0000-000000000000,Default ClusterConfig,False
2019-03-24 07:45:01,0,,00000000-0000-0000-0000-0000balanced,Balanced,False
2019-03-24 07:45:01,2,,00000000-0000-0000-0000-00aggressive,Aggressive,False
2019-03-24 07:45:01,1,,00000000-0000-0000-0000-conservative,Conservative,False
2019-03-24 08:45:01,0,,00000000-0000-0000-0000-000000000000,Default ClusterConfig,False
2019-03-24 08:45:01,0,,00000000-0000-0000-0000-0000balanced,Balanced,False
2019-03-24 08:45:01,2,,00000000-0000-0000-0000-00aggressive,Aggressive,False
2019-03-24 08:45:01,1,,00000000-0000-0000-0000-conservative,Conservative,False
2019-03-24 09:45:02,0,,00000000-0000-0000-0000-000000000000,Default ClusterConfig,False
2019-03-24 09:45:02,0,,00000000-0000-0000-0000-0000balanced,Balanced,False
2019-03-24 09:45:02,2,,00000000-0000-0000-0000-00aggressive,Aggressive,False
2019-03-24 09:45:02,1,,00000000-0000-0000-0000-conservative,Conservative,False
2019-03-24 10:45:01,0,,00000000-0000-0000-0000-000000000000,Default ClusterConfig,False
2019-03-24 10:45:01,0,,00000000-0000-0000-0000-0000balanced,Balanced,False
2019-03-24 10:45:01,2,,00000000-0000-0000-0000-00aggressive,Aggressive,False
2019-03-24 10:45:01,1,,00000000-0000-0000-0000-conservative,Conservative,False
2019-03-24 11:45:01,0,,00000000-0000-0000-0000-000000000000,Default ClusterConfig,False
2019-03-24 11:45:01,0,,00000000-0000-0000-0000-0000balanced,Balanced,False
2019-03-24 11:45:01,2,,00000000-0000-0000-0000-00aggressive,Aggressive,False
2019-03-24 11:45:01,1,,00000000-0000-0000-0000-conservative,Conservative,False
2019-03-24 12:45:02,0,,00000000-0000-0000-0000-000000000000,Default ClusterConfig,False
2019-03-24 12:45:02,0,,00000000-0000-0000-0000-0000balanced,Balanced,False
2019-03-24 12:45:02,2,,00000000-0000-0000-0000-00aggressive,Aggressive,False
2019-03-24 12:45:02,1,,00000000-0000-0000-0000-conservative,Conservative,False
2019-03-24 13:45:01,0,,00000000-0000-0000-0000-000000000000,Default ClusterConfig,False
2019-03-24 13:45:01,0,,00000000-0000-0000-0000-0000balanced,Balanced,False
2019-03-24 13:45:01,2,,00000000-0000-0000-0000-00aggressive,Aggressive,False
2019-03-24 13:45:01,1,,00000000-0000-0000-0000-conservative,Conservative,False
2019-03-24 14:45:01,0,,00000000-0000-0000-0000-000000000000,Default ClusterConfig,False
2019-03-24 14:45:01,0,,00000000-0000-0000-0000-0000balanced,Balanced,False
2019-03-24 14:45:01,2,,00000000-0000-0000-0000-00aggressive,Aggressive,False
2019-03-24 14:45:01,1,,00000000-0000-0000-0000-conservative,Conservative,False
2019-03-24 15:45:02,0,,00000000-0000-0000-0000-000000000000,Default ClusterConfig,False
2019-03-24 15:45:02,0,,00000000-0000-0000-0000-0000balanced,Balanced,False
2019-03-24 15:45:02,2,,00000000-0000-0000-0000-00aggressive,Aggressive,False
2019-03-24 15:45:02,1,,00000000-0000-0000-0000-conservative,Conservative,False
2019-03-24 16:45:01,0,,00000000-0000-0000-0000-000000000000,Default ClusterConfig,False
2019-03-24 16:45:01,0,,00000000-0000-0000-0000-0000balanced,Balanced,False
2019-03-24 16:45:01,2,,00000000-0000-0000-0000-00aggressive,Aggressive,False
2019-03-24 16:45:01,1,,00000000-0000-0000-0000-conservative,Conservative,False
2019-03-24 17:45:01,0,,00000000-0000-0000-0000-000000000000,Default ClusterConfig,False
2019-03-24 17:45:01,0,,00000000-0000-0000-0000-0000balanced,Balanced,False
2019-03-24 17:45:01,2,,00000000-0000-0000-0000-00aggressive,Aggressive,False
2019-03-24 17:45:01,1,,00000000-0000-0000-0000-conservative,Conservative,False
2019-03-24 18:45:01,0,,00000000-0000-0000-0000-000000000000,Default ClusterConfig,False
2019-03-24 18:45:01,0,,00000000-0000-0000-0000-0000balanced,Balanced,False
2019-03-24 18:45:01,2,,00000000-0000-0000-0000-00aggressive,Aggressive,False
2019-03-24 18:45:01,1,,00000000-0000-0000-0000-conservative,Conservative,False
2019-03-24 19:45:01,0,,00000000-0000-0000-0000-000000000000,Default ClusterConfig,False
2019-03-24 19:45:01,0,,00000000-0000-0000-0000-0000balanced,Balanced,False
2019-03-24 19:45:01,2,,00000000-0000-0000-0000-00aggressive,Aggressive,False
2019-03-24 19:45:01,1,,00000000-0000-0000-0000-conservative,Conservative,False
2019-03-24 20:45:01,0,,00000000-0000-0000-0000-000000000000,Default ClusterConfig,False
2019-03-24 20:45:01,0,,00000000-0000-0000-0000-0000balanced,Balanced,False
2019-03-24 20:45:01,2,,00000000-0000-0000-0000-00aggressive,Aggressive,False
2019-03-24 20:45:01,1,,00000000-0000-0000-0000-conservative,Conservative,False
2019-03-24 21:45:01,0,,00000000-0000-0000-0000-000000000000,Default ClusterConfig,False
2019-03-24 21:45:01,0,,00000000-0000-0000-0000-0000balanced,Balanced,False
2019-03-24 21:45:01,2,,00000000-0000-0000-0000-00aggressive,Aggressive,False
2019-03-24 21:45:01,1,,00000000-0000-0000-0000-conservative,Conservative,False
2019-03-24 22:45:01,0,,00000000-0000-0000-0000-000000000000,Default ClusterConfig,False
2019-03-24 22:45:01,0,,00000000-0000-0000-0000-0000balanced,Balanced,False
2019-03-24 22:45:01,2,,00000000-0000-0000-0000-00aggressive,Aggressive,False
2019-03-24 22:45:01,1,,00000000-0000-0000-0000-conservative,Conservative,False
2019-03-24 23:45:02,0,,00000000-0000-0000-0000-000000000000,Default ClusterConfig,False
2019-03-24 23:45:02,0,,00000000-0000-0000-0000-0000balanced,Balanced,False
2019-03-24 23:45:02,2,,00000000-0000-0000-0000-00aggressive,Aggressive,False
2019-03-24 23:45:02,1,,00000000-0000-0000-0000-conservative,Conservative,False
