Client MAC Address, Source AP, Source AP Band, Target AP, Target AP Band, Source SS, Target SS, Steering Type, Steering Status, Steering Time, Update Time, LocalTime, Time Zone
64:a2:f9:3b:5f:dd,b8:ec:a3:2f:bd:55,5G,,,-78,,LOW Signal Strength,Missing,1553468357,1553468597,24-03-2019 19:03:17,America/New_York
c0:a6:00:02:f4:31,04:bf:6d:5e:11:8d,5G,,,-75,,LOW Signal Strength,Not Moved,1553439857,1553440037,24-03-2019 11:07:17,America/New_York
c0:a6:00:02:f4:31,04:bf:6d:5e:11:8d,5G,,,-75,,LOW Signal Strength,Not Moved,1553443817,1553443997,24-03-2019 12:13:17,America/New_York
c0:a6:00:02:f4:31,04:bf:6d:5e:11:8d,5G,,,-75,,LOW Signal Strength,Not Moved,1553448257,1553448437,24-03-2019 13:27:17,America/New_York
c0:a6:00:02:f4:31,04:bf:6d:5e:11:8d,5G,,,-76,,LOW Signal Strength,Not Moved,1553454737,1553454917,24-03-2019 15:15:17,America/New_York
c0:a6:00:02:f4:31,04:bf:6d:5e:11:8d,5G,,,-77,,LOW Signal Strength,Missing,1553454917,1553455157,24-03-2019 15:19:17,America/New_York
c0:a6:00:02:f4:31,04:bf:6d:5e:11:8d,5G,04:bf:6d:5e:11:8c,2.4G,-75,-54,LOW Signal Strength,Success,1553466677,1553466857,24-03-2019 18:34:17,America/New_York
c0:a6:00:02:f4:31,04:bf:6d:5e:11:8c,2.4G,04:bf:6d:5e:11:8d,5G,-54,-60,5G PREFERENCE,Success,1553466867,1553467067,24-03-2019 18:37:47,America/New_York
c0:bd:d1:7e:1a:7e,a0:e4:cb:fc:b4:ec,2.4G,a0:e4:cb:fc:b4:ed,5G,-47,-63,5G PREFERENCE,Success,1553468997,1553469197,24-03-2019 19:13:17,America/New_York
c0:bd:d1:7e:1a:7e,a0:e4:cb:fc:b4:ec,2.4G,,,-27,,5G PREFERENCE,Not Moved,1553479077,1553479277,24-03-2019 22:01:17,America/New_York
e4:f0:42:a5:85:38,04:bf:6d:5e:12:8d,5G,04:bf:6d:5e:12:8c,2.4G,-75,-54,LOW Signal Strength,Success,1553440877,1553441057,24-03-2019 11:24:17,America/New_York
e4:f0:42:a5:85:38,04:bf:6d:5e:12:8c,2.4G,04:bf:6d:5e:12:8d,5G,-54,-76,5G PREFERENCE,Success,1553441067,1553441267,24-03-2019 11:27:47,America/New_York
e4:f0:42:a5:85:38,04:bf:6d:5e:12:8d,5G,04:bf:6d:5e:12:8c,2.4G,-75,-55,LOW Signal Strength,Success,1553441267,1553441447,24-03-2019 11:30:47,America/New_York
e4:f0:42:a5:85:38,04:bf:6d:5e:12:8d,5G,04:bf:6d:5e:12:8c,2.4G,-75,-57,LOW Signal Strength,Success,1553457137,1553457317,24-03-2019 15:55:17,America/New_York
e4:f0:42:a5:85:38,04:bf:6d:5e:12:8d,5G,04:bf:6d:5e:12:8c,2.4G,-75,-55,LOW Signal Strength,Success,1553458037,1553458217,24-03-2019 16:10:17,America/New_York
e4:f0:42:a5:85:38,04:bf:6d:5e:12:8d,5G,04:bf:6d:5e:12:8c,2.4G,-75,-54,LOW Signal Strength,Success,1553458937,1553459117,24-03-2019 16:25:17,America/New_York
e4:f0:42:a5:85:38,04:bf:6d:5e:12:8d,5G,04:bf:6d:5e:12:8c,2.4G,-75,-57,LOW Signal Strength,Success,1553460287,1553460467,24-03-2019 16:47:47,America/New_York
e4:f0:42:a5:85:38,04:bf:6d:5e:12:8d,5G,04:bf:6d:5e:12:8c,2.4G,-75,-56,LOW Signal Strength,Success,1553461157,1553461337,24-03-2019 17:02:17,America/New_York
e4:f0:42:a5:85:38,04:bf:6d:5e:12:8d,5G,04:bf:6d:5e:12:8c,2.4G,-75,-54,LOW Signal Strength,Success,1553468927,1553469107,24-03-2019 19:11:47,America/New_York
d0:d2:b0:4e:d9:8d,04:bf:6d:5e:26:69,5G,,,-75,,LOW Signal Strength,Not Moved,1553478587,1553478767,24-03-2019 21:52:47,America/New_York
d0:d2:b0:4e:d9:8d,04:bf:6d:5e:26:69,5G,,,-79,,LOW Signal Strength,Not Moved,1553478797,1553478977,24-03-2019 21:56:17,America/New_York
d0:d2:b0:4e:d9:8d,04:bf:6d:5e:26:69,5G,,,-75,,LOW Signal Strength,Not Moved,1553482547,1553482727,24-03-2019 22:58:47,America/New_York
bc:e1:43:0a:09:04,b8:ec:a3:2f:bd:7d,5G,,,-76,,LOW Signal Strength,Not Moved,1553441957,1553442137,24-03-2019 11:42:17,America/New_York
bc:e1:43:0a:09:04,b8:ec:a3:2f:bd:7d,5G,,,-85,,LOW Signal Strength,Not Moved,1553442137,1553442317,24-03-2019 11:45:17,America/New_York
f8:34:41:3c:de:9e,04:bf:6d:5e:12:70,2.4G,,,-50,,5G PREFERENCE,Not Moved,1553432247,1553432447,24-03-2019 09:00:47,America/New_York
f8:34:41:3c:de:9e,04:bf:6d:5e:12:71,5G,b8:ec:a3:2f:bd:34,2.4G,-79,-39,LOW Signal Strength,Success,1553474987,1553475167,24-03-2019 20:52:47,America/New_York
a0:99:9b:39:ae:b0,04:bf:6d:5e:12:81,5G,,,-76,,LOW Signal Strength,Not Moved,1553446247,1553446427,24-03-2019 12:53:47,America/New_York
a0:99:9b:39:ae:b0,04:bf:6d:5e:12:81,5G,,,-78,,LOW Signal Strength,Not Moved,1553464907,1553465087,24-03-2019 18:04:47,America/New_York
a0:99:9b:39:ae:b0,04:bf:6d:5e:12:81,5G,,,-80,,LOW Signal Strength,Missing,1553465087,1553465327,24-03-2019 18:08:47,America/New_York
a0:99:9b:39:ae:b0,04:bf:6d:5e:12:81,5G,,,-75,,LOW Signal Strength,Not Moved,1553486177,1553486357,24-03-2019 23:59:17,America/New_York
f8:62:14:bd:f6:d2,04:bf:6d:5e:11:8d,5G,,,-75,,LOW Signal Strength,Not Moved,1553467157,1553467337,24-03-2019 18:42:17,America/New_York
f8:62:14:bd:f6:d2,04:bf:6d:5e:11:8d,5G,,,-77,,LOW Signal Strength,Missing,1553467367,1553467607,24-03-2019 18:46:47,America/New_York
10:cd:b6:00:ad:eb,04:bf:6d:5e:26:7c,2.4G,04:bf:6d:5e:26:7d,5G,-50,-49,5G PREFERENCE,Success,1553462067,1553462267,24-03-2019 17:17:47,America/New_York
2c:59:8a:6b:53:c5,b8:ec:a3:2f:bd:14,2.4G,,,-48,,5G PREFERENCE,Not Moved,1553472567,1553472767,24-03-2019 20:12:47,America/New_York
dc:ef:ca:7c:34:64,b8:ec:a3:2f:bd:74,2.4G,b8:ec:a3:2f:bd:75,5G,-58,-52,5G PREFERENCE,Success,1553409087,1553409287,24-03-2019 02:34:47,America/New_York
40:4e:36:8a:de:8a,b8:ec:a3:2f:bd:81,5G,,,-77,,LOW Signal Strength,Missing,1553464367,1553464607,24-03-2019 17:56:47,America/New_York
40:4e:36:8a:de:8a,b8:ec:a3:2f:bd:80,2.4G,b8:ec:a3:2f:bd:81,5G,-62,-56,5G PREFERENCE,Success,1553468457,1553468657,24-03-2019 19:04:17,America/New_York
54:b1:21:d4:37:2c,04:bf:6d:5e:12:71,5G,b8:ec:a3:2f:bd:34,2.4G,-76,-53,LOW Signal Strength,Success,1553445557,1553445737,24-03-2019 12:42:17,America/New_York
54:b1:21:d4:37:2c,04:bf:6d:5e:12:70,2.4G,04:bf:6d:5e:12:71,5G,-52,-64,5G PREFERENCE,Success,1553455737,1553455937,24-03-2019 15:32:17,America/New_York
9c:e0:63:36:09:ce,b8:ec:a3:2f:bd:25,5G,b8:ec:a3:2f:bd:24,2.4G,-75,-50,LOW Signal Strength,Success,1553400887,1553401067,24-03-2019 00:17:47,America/New_York
9c:e0:63:36:09:ce,b8:ec:a3:2f:bd:24,2.4G,b8:ec:a3:2f:bd:25,5G,-50,-68,5G PREFERENCE,Success,1553401077,1553401277,24-03-2019 00:21:17,America/New_York
9c:e0:63:36:09:ce,b8:ec:a3:2f:bd:25,5G,b8:ec:a3:2f:bd:24,2.4G,-76,-57,LOW Signal Strength,Success,1553459537,1553459717,24-03-2019 16:35:17,America/New_York
9c:e0:63:36:09:ce,b8:ec:a3:2f:bd:24,2.4G,b8:ec:a3:2f:bd:25,5G,-56,-72,5G PREFERENCE,Success,1553459847,1553460047,24-03-2019 16:40:47,America/New_York
f8:2d:7c:89:d5:3f,b8:ec:a3:2f:bd:dd,5G,,,-75,,LOW Signal Strength,Not Moved,1553440637,1553440817,24-03-2019 11:20:17,America/New_York
f8:2d:7c:89:d5:3f,b8:ec:a3:2f:bd:dd,5G,b8:ec:a3:2f:bd:dc,2.4G,-75,-53,LOW Signal Strength,Success,1553443547,1553443727,24-03-2019 12:08:47,America/New_York
f8:2d:7c:89:d5:3f,b8:ec:a3:2f:bd:dd,5G,,,-75,,LOW Signal Strength,Not Moved,1553447477,1553447657,24-03-2019 13:14:17,America/New_York
f8:2d:7c:89:d5:3f,b8:ec:a3:2f:bd:dd,5G,,,-75,,LOW Signal Strength,Not Moved,1553453807,1553453987,24-03-2019 14:59:47,America/New_York
f8:2d:7c:89:d5:3f,b8:ec:a3:2f:bd:dd,5G,,,-76,,LOW Signal Strength,Not Moved,1553453987,1553454167,24-03-2019 15:02:47,America/New_York
f8:2d:7c:89:d5:3f,b8:ec:a3:2f:bd:dd,5G,b8:ec:a3:2f:bd:dc,2.4G,-75,-65,LOW Signal Strength,Success,1553461097,1553461277,24-03-2019 17:01:17,America/New_York
f8:2d:7c:89:d5:3f,b8:ec:a3:2f:bd:dd,5G,b8:ec:a3:2f:bd:dc,2.4G,-75,-60,LOW Signal Strength,Success,1553461277,1553461457,24-03-2019 17:04:17,America/New_York
f8:2d:7c:89:d5:3f,b8:ec:a3:2f:bd:dc,2.4G,b8:ec:a3:2f:bd:dd,5G,-60,-75,5G PREFERENCE,Success,1553461467,1553461667,24-03-2019 17:07:47,America/New_York
f8:2d:7c:89:d5:3f,b8:ec:a3:2f:bd:dd,5G,,,-75,,LOW Signal Strength,Not Moved,1553463677,1553463857,24-03-2019 17:44:17,America/New_York
f8:2d:7c:89:d5:3f,b8:ec:a3:2f:bd:dd,5G,,,-75,,LOW Signal Strength,Not Moved,1553469227,1553469407,24-03-2019 19:16:47,America/New_York
f8:2d:7c:89:d5:3f,b8:ec:a3:2f:bd:dd,5G,,,-80,,LOW Signal Strength,Not Moved,1553481257,1553481437,24-03-2019 22:37:17,America/New_York
6c:71:d9:bc:8b:11,04:bf:6d:5e:26:7c,2.4G,04:bf:6d:5e:26:7d,5G,-37,-58,5G PREFERENCE,Success,1553463207,1553463407,24-03-2019 17:36:47,America/New_York
40:98:ad:3a:8f:a2,04:bf:6d:5e:12:81,5G,,,-79,,LOW Signal Strength,Not Moved,1553446247,1553446427,24-03-2019 12:53:47,America/New_York
40:98:ad:3a:8f:a2,04:bf:6d:5e:12:81,5G,,,-77,,LOW Signal Strength,Not Moved,1553464907,1553465087,24-03-2019 18:04:47,America/New_York
40:98:ad:3a:8f:a2,04:bf:6d:5e:12:81,5G,,,-83,,LOW Signal Strength,Missing,1553465087,1553465327,24-03-2019 18:08:47,America/New_York
40:98:ad:3a:8f:a2,04:bf:6d:5e:12:81,5G,,,-87,,LOW Signal Strength,Not Moved,1553485607,1553485787,24-03-2019 23:49:47,America/New_York
6c:c7:ec:12:8a:f4,b8:ec:a3:2f:bd:55,5G,,,-77,,LOW Signal Strength,Not Moved,1553468357,1553468537,24-03-2019 19:02:17,America/New_York
6c:c7:ec:12:8a:f4,b8:ec:a3:2f:bd:55,5G,,,-79,,LOW Signal Strength,Not Moved,1553468537,1553468717,24-03-2019 19:05:17,America/New_York
6c:c7:ec:12:8a:f4,b8:ec:a3:2f:bd:54,2.4G,,,-58,,5G PREFERENCE,Not Moved,1553469357,1553469557,24-03-2019 19:19:17,America/New_York
6c:c7:ec:12:8a:f4,b8:ec:a3:2f:bd:54,2.4G,b8:ec:a3:2f:bd:55,5G,-51,-63,5G PREFERENCE,Success,1553473437,1553473637,24-03-2019 20:27:17,America/New_York
e4:e4:ab:72:de:f8,04:bf:6d:5e:12:71,5G,,,-77,,LOW Signal Strength,Not Moved,1553436437,1553436617,24-03-2019 10:10:17,America/New_York
e4:e4:ab:72:de:f8,04:bf:6d:5e:12:71,5G,,,-77,,LOW Signal Strength,Not Moved,1553436617,1553436797,24-03-2019 10:13:17,America/New_York
e4:e4:ab:72:de:f8,04:bf:6d:5e:12:71,5G,,,-76,,LOW Signal Strength,Not Moved,1553443697,1553443877,24-03-2019 12:11:17,America/New_York
40:bc:60:b8:47:9a,b8:ec:a3:2f:bd:2d,5G,,,-75,,LOW Signal Strength,Not Moved,1553455127,1553455307,24-03-2019 15:21:47,America/New_York
40:bc:60:b8:47:9a,b8:ec:a3:2f:bd:2c,2.4G,b8:ec:a3:2f:bd:2d,5G,-49,-64,5G PREFERENCE,Success,1553465337,1553465537,24-03-2019 18:12:17,America/New_York
44:91:60:6b:19:c9,b8:ec:a3:2f:bd:58,2.4G,,,-45,,5G PREFERENCE,Not Moved,1553482947,1553483147,24-03-2019 23:05:47,America/New_York
f0:0f:ec:f8:01:ac,b8:ec:a3:2f:bd:2d,5G,b8:ec:a3:2f:bd:2c,2.4G,-75,-58,LOW Signal Strength,Success,1553442947,1553443127,24-03-2019 11:58:47,America/New_York
f0:0f:ec:f8:01:ac,b8:ec:a3:2f:bd:2d,5G,b8:ec:a3:2f:bd:2c,2.4G,-75,-51,LOW Signal Strength,Success,1553443127,1553443307,24-03-2019 12:01:47,America/New_York
f0:0f:ec:f8:01:ac,b8:ec:a3:2f:bd:2c,2.4G,b8:ec:a3:2f:bd:2d,5G,-51,-67,5G PREFERENCE,Success,1553443317,1553443517,24-03-2019 12:05:17,America/New_York
f0:0f:ec:f8:01:ac,b8:ec:a3:2f:bd:2d,5G,b8:ec:a3:2f:bd:2c,2.4G,-75,-56,LOW Signal Strength,Success,1553465357,1553465537,24-03-2019 18:12:17,America/New_York
f0:0f:ec:f8:01:ac,b8:ec:a3:2f:bd:2d,5G,b8:ec:a3:2f:bd:2c,2.4G,-75,-61,LOW Signal Strength,Success,1553465537,1553465717,24-03-2019 18:15:17,America/New_York
f0:0f:ec:f8:01:ac,b8:ec:a3:2f:bd:2c,2.4G,b8:ec:a3:2f:bd:2d,5G,-61,-70,5G PREFERENCE,Success,1553465727,1553465927,24-03-2019 18:18:47,America/New_York
f0:0f:ec:f8:01:ac,b8:ec:a3:2f:bd:2d,5G,b8:ec:a3:2f:bd:2c,2.4G,-76,-55,LOW Signal Strength,Success,1553465957,1553466137,24-03-2019 18:22:17,America/New_York
f0:0f:ec:f8:01:ac,b8:ec:a3:2f:bd:2d,5G,b8:ec:a3:2f:bd:2c,2.4G,-76,-55,LOW Signal Strength,Success,1553466137,1553466317,24-03-2019 18:25:17,America/New_York
f0:0f:ec:f8:01:ac,b8:ec:a3:2f:bd:2c,2.4G,b8:ec:a3:2f:bd:2d,5G,-55,-69,5G PREFERENCE,Success,1553466327,1553466527,24-03-2019 18:28:47,America/New_York
f0:0f:ec:f8:01:ac,b8:ec:a3:2f:bd:2d,5G,b8:ec:a3:2f:bd:2c,2.4G,-75,-57,LOW Signal Strength,Success,1553466617,1553466797,24-03-2019 18:33:17,America/New_York
f0:0f:ec:f8:01:ac,b8:ec:a3:2f:bd:2d,5G,b8:ec:a3:2f:bd:2c,2.4G,-75,-56,LOW Signal Strength,Success,1553466797,1553466977,24-03-2019 18:36:17,America/New_York
f0:0f:ec:f8:01:ac,b8:ec:a3:2f:bd:2c,2.4G,b8:ec:a3:2f:bd:2d,5G,-56,-63,5G PREFERENCE,Success,1553466987,1553467187,24-03-2019 18:39:47,America/New_York
f0:0f:ec:f8:01:ac,b8:ec:a3:2f:bd:2d,5G,,,-75,,LOW Signal Strength,Not Moved,1553469257,1553469437,24-03-2019 19:17:17,America/New_York
d8:c4:6a:23:6a:7a,b8:ec:a3:2f:bd:1d,5G,,,-81,,LOW Signal Strength,Missing,1553403977,1553404217,24-03-2019 01:10:17,America/New_York
d8:c4:6a:23:6a:7a,b8:ec:a3:2f:bd:1d,5G,,,-82,,LOW Signal Strength,Missing,1553451887,1553452127,24-03-2019 14:28:47,America/New_York
04:d6:aa:66:76:5a,04:bf:6d:5e:26:69,5G,04:bf:6d:5e:26:68,2.4G,-78,-59,LOW Signal Strength,Success,1553454197,1553454377,24-03-2019 15:06:17,America/New_York
04:d6:aa:66:76:5a,04:bf:6d:5e:26:69,5G,04:bf:6d:5e:26:68,2.4G,-78,-55,LOW Signal Strength,Success,1553454377,1553454557,24-03-2019 15:09:17,America/New_York
04:d6:aa:66:76:5a,04:bf:6d:5e:26:68,2.4G,,,-55,,5G PREFERENCE,Not Moved,1553454567,1553454767,24-03-2019 15:12:47,America/New_York
04:d6:aa:66:76:5a,04:bf:6d:5e:26:68,2.4G,04:bf:6d:5e:26:69,5G,-52,-68,5G PREFERENCE,Success,1553454777,1553454977,24-03-2019 15:16:17,America/New_York
04:d6:aa:66:76:5a,04:bf:6d:5e:26:69,5G,,,-75,,LOW Signal Strength,Not Moved,1553459357,1553459537,24-03-2019 16:32:17,America/New_York
04:d6:aa:66:76:5a,04:bf:6d:5e:26:69,5G,04:bf:6d:5e:26:68,2.4G,-76,-51,LOW Signal Strength,Success,1553462297,1553462477,24-03-2019 17:21:17,America/New_York
04:d6:aa:66:76:5a,04:bf:6d:5e:26:69,5G,04:bf:6d:5e:26:68,2.4G,-77,-55,LOW Signal Strength,Success,1553462507,1553462687,24-03-2019 17:24:47,America/New_York
04:d6:aa:66:76:5a,04:bf:6d:5e:26:68,2.4G,04:bf:6d:5e:26:69,5G,-55,-70,5G PREFERENCE,Success,1553462697,1553462897,24-03-2019 17:28:17,America/New_York
04:d6:aa:66:76:5a,04:bf:6d:5e:26:69,5G,,,-82,,LOW Signal Strength,Not Moved,1553467427,1553467607,24-03-2019 18:46:47,America/New_York
04:d6:aa:66:76:5a,04:bf:6d:5e:26:69,5G,,,-86,,LOW Signal Strength,Not Moved,1553467637,1553467817,24-03-2019 18:50:17,America/New_York
04:d6:aa:66:76:5a,04:bf:6d:5e:26:69,5G,,,-75,,LOW Signal Strength,Not Moved,1553471897,1553472077,24-03-2019 20:01:17,America/New_York
04:d6:aa:66:76:5a,04:bf:6d:5e:26:69,5G,,,-75,,LOW Signal Strength,Not Moved,1553475497,1553475677,24-03-2019 21:01:17,America/New_York
cc:fa:00:b5:65:de,04:bf:6d:5e:12:8d,5G,,,-75,,LOW Signal Strength,Not Moved,1553451227,1553451407,24-03-2019 14:16:47,America/New_York
48:4b:aa:af:cb:19,b8:ec:a3:2f:bd:31,5G,,,-75,,LOW Signal Strength,Not Moved,1553436857,1553437037,24-03-2019 10:17:17,America/New_York
44:91:60:56:07:bc,04:bf:6d:5e:11:85,5G,,,-76,,LOW Signal Strength,Missing,1553467307,1553467547,24-03-2019 18:45:47,America/New_York
94:65:2d:82:4f:8d,b8:ec:a3:2f:bd:f9,5G,,,-80,,LOW Signal Strength,Missing,1553467667,1553467907,24-03-2019 18:51:47,America/New_York
94:65:2d:82:4f:8d,b8:ec:a3:2f:bd:f9,5G,,,-82,,LOW Signal Strength,Missing,1553477837,1553478077,24-03-2019 21:41:17,America/New_York
94:65:2d:82:4f:8d,b8:ec:a3:2f:bd:f9,5G,,,-79,,LOW Signal Strength,Not Moved,1553484197,1553484377,24-03-2019 23:26:17,America/New_York
40:4e:36:d2:ca:a1,04:bf:6d:5e:12:65,5G,,,-80,,LOW Signal Strength,Missing,1553439167,1553439407,24-03-2019 10:56:47,America/New_York
2c:0e:3d:95:a6:4e,04:bf:6d:5e:12:8d,5G,04:bf:6d:5e:12:8c,2.4G,-75,-56,LOW Signal Strength,Success,1553464007,1553464187,24-03-2019 17:49:47,America/New_York
2c:0e:3d:95:a6:4e,04:bf:6d:5e:12:8d,5G,04:bf:6d:5e:12:8c,2.4G,-75,-56,LOW Signal Strength,Success,1553464217,1553464397,24-03-2019 17:53:17,America/New_York
2c:0e:3d:95:a6:4e,04:bf:6d:5e:12:8c,2.4G,04:bf:6d:5e:12:8d,5G,-56,-67,5G PREFERENCE,Success,1553464407,1553464607,24-03-2019 17:56:47,America/New_York
2c:0e:3d:95:a6:4e,04:bf:6d:5e:12:8d,5G,,,-80,,LOW Signal Strength,Not Moved,1553475437,1553475617,24-03-2019 21:00:17,America/New_York
2c:0e:3d:95:a6:4e,04:bf:6d:5e:12:8d,5G,,,-83,,LOW Signal Strength,Not Moved,1553475617,1553475797,24-03-2019 21:03:17,America/New_York
a4:50:46:1f:87:eb,b8:ec:a3:2f:bd:45,5G,,,-75,,LOW Signal Strength,Missing,1553448227,1553448467,24-03-2019 13:27:47,America/New_York
60:30:d4:3d:2a:73,b8:ec:a3:2f:bd:dd,5G,b8:ec:a3:2f:bd:dc,2.4G,-75,-58,LOW Signal Strength,Success,1553450207,1553450387,24-03-2019 13:59:47,America/New_York
60:30:d4:3d:2a:73,b8:ec:a3:2f:bd:dd,5G,b8:ec:a3:2f:bd:dc,2.4G,-75,-51,LOW Signal Strength,Success,1553452847,1553453027,24-03-2019 14:43:47,America/New_York
60:30:d4:3d:2a:73,b8:ec:a3:2f:bd:dd,5G,,,-75,,LOW Signal Strength,Not Moved,1553453027,1553453207,24-03-2019 14:46:47,America/New_York
60:30:d4:3d:2a:73,b8:ec:a3:2f:bd:dd,5G,b8:ec:a3:2f:bd:dc,2.4G,-75,-55,LOW Signal Strength,Success,1553453627,1553453807,24-03-2019 14:56:47,America/New_York
60:30:d4:3d:2a:73,b8:ec:a3:2f:bd:dd,5G,,,-75,,LOW Signal Strength,Not Moved,1553453807,1553453987,24-03-2019 14:59:47,America/New_York
60:30:d4:3d:2a:73,b8:ec:a3:2f:bd:dd,5G,b8:ec:a3:2f:bd:dc,2.4G,-75,-56,LOW Signal Strength,Success,1553455247,1553455427,24-03-2019 15:23:47,America/New_York
60:30:d4:3d:2a:73,b8:ec:a3:2f:bd:dd,5G,,,-75,,LOW Signal Strength,Not Moved,1553455427,1553455607,24-03-2019 15:26:47,America/New_York
60:30:d4:3d:2a:73,b8:ec:a3:2f:bd:dd,5G,b8:ec:a3:2f:bd:dc,2.4G,-75,-54,LOW Signal Strength,Success,1553456237,1553456417,24-03-2019 15:40:17,America/New_York
60:30:d4:3d:2a:73,b8:ec:a3:2f:bd:dd,5G,,,-75,,LOW Signal Strength,Not Moved,1553456447,1553456627,24-03-2019 15:43:47,America/New_York
60:30:d4:3d:2a:73,b8:ec:a3:2f:bd:dd,5G,b8:ec:a3:2f:bd:dc,2.4G,-75,-57,LOW Signal Strength,Success,1553457857,1553458037,24-03-2019 16:07:17,America/New_York
60:30:d4:3d:2a:73,b8:ec:a3:2f:bd:dd,5G,,,-77,,LOW Signal Strength,Not Moved,1553458037,1553458217,24-03-2019 16:10:17,America/New_York
60:30:d4:3d:2a:73,b8:ec:a3:2f:bd:dd,5G,,,-75,,LOW Signal Strength,Not Moved,1553470907,1553471087,24-03-2019 19:44:47,America/New_York
60:30:d4:3d:2a:73,b8:ec:a3:2f:bd:dd,5G,b8:ec:a3:2f:bd:dc,2.4G,-76,-59,LOW Signal Strength,Success,1553471087,1553471267,24-03-2019 19:47:47,America/New_York
60:30:d4:3d:2a:73,b8:ec:a3:2f:bd:dd,5G,b8:ec:a3:2f:bd:dc,2.4G,-75,-58,LOW Signal Strength,Success,1553471957,1553472137,24-03-2019 20:02:17,America/New_York
60:30:d4:3d:2a:73,b8:ec:a3:2f:bd:dd,5G,,,-75,,LOW Signal Strength,Not Moved,1553472137,1553472317,24-03-2019 20:05:17,America/New_York
60:30:d4:3d:2a:73,b8:ec:a3:2f:bd:dd,5G,b8:ec:a3:2f:bd:dc,2.4G,-75,-54,LOW Signal Strength,Success,1553476397,1553476577,24-03-2019 21:16:17,America/New_York
60:30:d4:3d:2a:73,b8:ec:a3:2f:bd:dd,5G,,,-75,,LOW Signal Strength,Not Moved,1553476577,1553476757,24-03-2019 21:19:17,America/New_York
60:30:d4:3d:2a:73,b8:ec:a3:2f:bd:dd,5G,b8:ec:a3:2f:bd:dc,2.4G,-76,-56,LOW Signal Strength,Success,1553477387,1553477567,24-03-2019 21:32:47,America/New_York
60:30:d4:3d:2a:73,b8:ec:a3:2f:bd:dd,5G,,,-76,,LOW Signal Strength,Not Moved,1553477597,1553477777,24-03-2019 21:36:17,America/New_York
60:30:d4:3d:2a:73,b8:ec:a3:2f:bd:dd,5G,,,-80,,LOW Signal Strength,Not Moved,1553481257,1553481437,24-03-2019 22:37:17,America/New_York
74:c1:4f:00:70:d9,b8:ec:a3:2f:bd:75,5G,b8:ec:a3:2f:bd:74,2.4G,-75,-81,LOW Signal Strength,Success,1553443787,1553443967,24-03-2019 12:12:47,America/New_York
74:c1:4f:00:70:d9,b8:ec:a3:2f:bd:75,5G,b8:ec:a3:2f:bd:74,2.4G,-76,-83,LOW Signal Strength,Success,1553443967,1553444147,24-03-2019 12:15:47,America/New_York
74:c1:4f:00:70:d9,b8:ec:a3:2f:bd:75,5G,,,-83,,LOW Signal Strength,Missing,1553456657,1553456897,24-03-2019 15:48:17,America/New_York
d4:a3:3d:a6:43:3c,b8:ec:a3:2f:bd:45,5G,,,-79,,LOW Signal Strength,Not Moved,1553448227,1553448407,24-03-2019 13:26:47,America/New_York
d4:a3:3d:a6:43:3c,b8:ec:a3:2f:bd:45,5G,,,-82,,LOW Signal Strength,Not Moved,1553448407,1553448587,24-03-2019 13:29:47,America/New_York
d4:a3:3d:a6:43:3c,b8:ec:a3:2f:bd:45,5G,,,-76,,LOW Signal Strength,Not Moved,1553453687,1553453867,24-03-2019 14:57:47,America/New_York
d4:a3:3d:a6:43:3c,b8:ec:a3:2f:bd:45,5G,,,-77,,LOW Signal Strength,Not Moved,1553453867,1553454047,24-03-2019 15:00:47,America/New_York
d4:a3:3d:a6:43:3c,b8:ec:a3:2f:bd:45,5G,,,-75,,LOW Signal Strength,Not Moved,1553468117,1553468297,24-03-2019 18:58:17,America/New_York
88:66:a5:ba:5b:1b,04:bf:6d:5e:12:71,5G,b8:ec:a3:2f:bd:35,5G,-80,-45,LOW Signal Strength,Success,1553431847,1553432027,24-03-2019 08:53:47,America/New_York
88:66:a5:ba:5b:1b,04:bf:6d:5e:12:71,5G,b8:ec:a3:2f:bd:35,5G,-83,-49,LOW Signal Strength,Success,1553432057,1553432237,24-03-2019 08:57:17,America/New_York
88:66:a5:ba:5b:1b,04:bf:6d:5e:12:71,5G,,,-80,,LOW Signal Strength,Not Moved,1553435717,1553435897,24-03-2019 09:58:17,America/New_York
88:66:a5:ba:5b:1b,04:bf:6d:5e:12:71,5G,,,-77,,LOW Signal Strength,Not Moved,1553436377,1553436557,24-03-2019 10:09:17,America/New_York
88:66:a5:ba:5b:1b,04:bf:6d:5e:12:71,5G,,,-79,,LOW Signal Strength,Not Moved,1553436587,1553436767,24-03-2019 10:12:47,America/New_York
88:66:a5:ba:5b:1b,04:bf:6d:5e:12:71,5G,,,-75,,LOW Signal Strength,Not Moved,1553449787,1553449967,24-03-2019 13:52:47,America/New_York
88:66:a5:ba:5b:1b,04:bf:6d:5e:12:71,5G,b8:ec:a3:2f:bd:34,2.4G,-75,-59,LOW Signal Strength,Success,1553449997,1553450177,24-03-2019 13:56:17,America/New_York
88:66:a5:ba:5b:1b,b8:ec:a3:2f:bd:34,2.4G,04:bf:6d:5e:12:71,5G,-59,-73,5G PREFERENCE,Success,1553450187,1553450387,24-03-2019 13:59:47,America/New_York
88:66:a5:ba:5b:1b,04:bf:6d:5e:12:71,5G,04:bf:6d:5e:12:70,2.4G,-75,-57,LOW Signal Strength,Success,1553451617,1553451797,24-03-2019 14:23:17,America/New_York
88:66:a5:ba:5b:1b,04:bf:6d:5e:12:71,5G,04:bf:6d:5e:12:70,2.4G,-82,-57,LOW Signal Strength,Success,1553451797,1553451977,24-03-2019 14:26:17,America/New_York
00:ae:fa:88:e6:e7,b8:ec:a3:2f:bd:19,5G,,,-80,,LOW Signal Strength,Not Moved,1553436467,1553436647,24-03-2019 10:10:47,America/New_York
00:ae:fa:88:e6:e7,b8:ec:a3:2f:bd:19,5G,,,-83,,LOW Signal Strength,Missing,1553436677,1553436917,24-03-2019 10:15:17,America/New_York
00:ae:fa:88:e6:e7,b8:ec:a3:2f:bd:18,2.4G,b8:ec:a3:2f:bd:19,5G,-50,-63,5G PREFERENCE,Success,1553443467,1553443667,24-03-2019 12:07:47,America/New_York
f0:98:9d:a3:89:f1,04:bf:6d:5e:11:91,5G,,,-76,,LOW Signal Strength,Not Moved,1553425967,1553426147,24-03-2019 07:15:47,America/New_York
f0:98:9d:a3:89:f1,04:bf:6d:5e:11:91,5G,,,-77,,LOW Signal Strength,Missing,1553426147,1553426387,24-03-2019 07:19:47,America/New_York
f0:98:9d:a3:89:f1,04:bf:6d:5e:11:91,5G,,,-75,,LOW Signal Strength,Not Moved,1553471477,1553471657,24-03-2019 19:54:17,America/New_York
