Event Log

MAC Address,Prim. MAC Address,Channel,Type,Module (from),Module (to),Message,Time stamp
b8:ec:a3:2f:bd:30,b8:ec:a3:2f:bd:33,6 (2437 MHz),INFORM CS - MODIFY AP CONFIGURATION,RRM,CONFIG_SERVICE,"{candidateBssList=[{ ""bssid"" : ""b8:ec:a3:2f:bd:31"" , ""channel"" : 153 , ""bandwidth"" : 80}], deassociateStaList=[48:4b:aa:af:cb:19], frequencySetBy=10}",2019-03-25 03:36
b8:ec:a3:2f:bd:30,b8:ec:a3:2f:bd:33,6 (2437 MHz),INFORM CS - MODIFY AP CONFIGURATION,RRM,CONFIG_SERVICE,"{candidateBssList=[{ ""bssid"" : ""b8:ec:a3:2f:bd:31"" , ""channel"" : 153 , ""bandwidth"" : 80}], deassociateStaList=[48:4b:aa:af:cb:19], frequencySetBy=10}",2019-03-25 03:32
b8:ec:a3:2f:bd:30,b8:ec:a3:2f:bd:33,6 (2437 MHz),INFORM CS - MODIFY AP CONFIGURATION,RRM,CONFIG_SERVICE,"{candidateBssList=[{ ""bssid"" : ""b8:ec:a3:2f:bd:31"" , ""channel"" : 153 , ""bandwidth"" : 80}], deassociateStaList=[48:4b:aa:af:cb:19], frequencySetBy=10}",2019-03-25 02:46
b8:ec:a3:2f:bd:58,b8:ec:a3:2f:bd:5b,6 (2437 MHz),INFORM CS - MODIFY AP CONFIGURATION,RRM,CONFIG_SERVICE,"{candidateBssList=[{ ""bssid"" : ""b8:ec:a3:2f:bd:59"" , ""channel"" : 153 , ""bandwidth"" : 80}], deassociateStaList=[44:91:60:6b:19:c9], frequencySetBy=10}",2019-03-24 23:02
a0:e4:cb:fc:b4:ec,a0:e4:cb:fc:b4:ef,6 (2437 MHz),INFORM CS - MODIFY AP CONFIGURATION,RRM,CONFIG_SERVICE,"{candidateBssList=[{ ""bssid"" : ""a0:e4:cb:fc:b4:ed"" , ""channel"" : 149 , ""bandwidth"" : 80}], deassociateStaList=[c0:bd:d1:7e:1a:7e], frequencySetBy=10}",2019-03-24 21:57
b8:ec:a3:2f:bd:54,b8:ec:a3:2f:bd:57,6 (2437 MHz),INFORM CS - MODIFY AP CONFIGURATION,RRM,CONFIG_SERVICE,"{candidateBssList=[{ ""bssid"" : ""b8:ec:a3:2f:bd:55"" , ""channel"" : 149 , ""bandwidth"" : 80}], deassociateStaList=[6c:c7:ec:12:8a:f4], frequencySetBy=10}",2019-03-24 20:23
b8:ec:a3:2f:bd:14,b8:ec:a3:2f:bd:17,11 (2462 MHz),INFORM CS - MODIFY AP CONFIGURATION,RRM,CONFIG_SERVICE,"{candidateBssList=[{ ""bssid"" : ""b8:ec:a3:2f:bd:15"" , ""channel"" : 48 , ""bandwidth"" : 80}], deassociateStaList=[2c:59:8a:6b:53:c5], frequencySetBy=10}",2019-03-24 20:09
b8:ec:a3:2f:bd:54,b8:ec:a3:2f:bd:57,6 (2437 MHz),INFORM CS - MODIFY AP CONFIGURATION,RRM,CONFIG_SERVICE,"{candidateBssList=[{ ""bssid"" : ""b8:ec:a3:2f:bd:55"" , ""channel"" : 149 , ""bandwidth"" : 80}], deassociateStaList=[6c:c7:ec:12:8a:f4], frequencySetBy=10}",2019-03-24 19:15
a0:e4:cb:fc:b4:ec,a0:e4:cb:fc:b4:ef,6 (2437 MHz),INFORM CS - MODIFY AP CONFIGURATION,RRM,CONFIG_SERVICE,"{candidateBssList=[{ ""bssid"" : ""a0:e4:cb:fc:b4:ed"" , ""channel"" : 149 , ""bandwidth"" : 80}], deassociateStaList=[c0:bd:d1:7e:1a:7e], frequencySetBy=10}",2019-03-24 19:09
b8:ec:a3:2f:bd:80,b8:ec:a3:2f:bd:83,1 (2412 MHz),INFORM CS - MODIFY AP CONFIGURATION,RRM,CONFIG_SERVICE,"{candidateBssList=[{ ""bssid"" : ""b8:ec:a3:2f:bd:81"" , ""channel"" : 149 , ""bandwidth"" : 80}], deassociateStaList=[40:4e:36:8a:de:8a], frequencySetBy=10}",2019-03-24 19:00
b8:ec:a3:2f:bd:2c,b8:ec:a3:2f:bd:2f,1 (2412 MHz),INFORM CS - MODIFY AP CONFIGURATION,RRM,CONFIG_SERVICE,"{candidateBssList=[{ ""bssid"" : ""b8:ec:a3:2f:bd:2d"" , ""channel"" : 157 , ""bandwidth"" : 80}], deassociateStaList=[f0:0f:ec:f8:01:ac], frequencySetBy=10}",2019-03-24 18:36
04:bf:6d:5e:11:8c,04:bf:6d:5e:11:8f,11 (2462 MHz),INFORM CS - MODIFY AP CONFIGURATION,RRM,CONFIG_SERVICE,"{candidateBssList=[{ ""bssid"" : ""04:bf:6d:5e:11:8d"" , ""channel"" : 153 , ""bandwidth"" : 80}], deassociateStaList=[c0:a6:00:02:f4:31], frequencySetBy=10}",2019-03-24 18:34
b8:ec:a3:2f:bd:2c,b8:ec:a3:2f:bd:2f,1 (2412 MHz),INFORM CS - MODIFY AP CONFIGURATION,RRM,CONFIG_SERVICE,"{candidateBssList=[{ ""bssid"" : ""b8:ec:a3:2f:bd:2d"" , ""channel"" : 157 , ""bandwidth"" : 80}], deassociateStaList=[f0:0f:ec:f8:01:ac], frequencySetBy=10}",2019-03-24 18:25
b8:ec:a3:2f:bd:2c,b8:ec:a3:2f:bd:2f,1 (2412 MHz),INFORM CS - MODIFY AP CONFIGURATION,RRM,CONFIG_SERVICE,"{candidateBssList=[{ ""bssid"" : ""b8:ec:a3:2f:bd:2d"" , ""channel"" : 157 , ""bandwidth"" : 80}], deassociateStaList=[f0:0f:ec:f8:01:ac], frequencySetBy=10}",2019-03-24 18:15
b8:ec:a3:2f:bd:2c,b8:ec:a3:2f:bd:2f,1 (2412 MHz),INFORM CS - MODIFY AP CONFIGURATION,RRM,CONFIG_SERVICE,"{candidateBssList=[{ ""bssid"" : ""b8:ec:a3:2f:bd:2d"" , ""channel"" : 157 , ""bandwidth"" : 80}], deassociateStaList=[40:bc:60:b8:47:9a], frequencySetBy=10}",2019-03-24 18:08
04:bf:6d:5e:12:8c,04:bf:6d:5e:12:8f,11 (2462 MHz),INFORM CS - MODIFY AP CONFIGURATION,RRM,CONFIG_SERVICE,"{candidateBssList=[{ ""bssid"" : ""04:bf:6d:5e:12:8d"" , ""channel"" : 149 , ""bandwidth"" : 80}], deassociateStaList=[2c:0e:3d:95:a6:4e], frequencySetBy=10}",2019-03-24 17:53
04:bf:6d:5e:26:7c,04:bf:6d:5e:26:7f,11 (2462 MHz),INFORM CS - MODIFY AP CONFIGURATION,RRM,CONFIG_SERVICE,"{candidateBssList=[{ ""bssid"" : ""04:bf:6d:5e:26:7d"" , ""channel"" : 149 , ""bandwidth"" : 80}], deassociateStaList=[6c:71:d9:bc:8b:11], frequencySetBy=10}",2019-03-24 17:33
04:bf:6d:5e:26:68,04:bf:6d:5e:26:6b,11 (2462 MHz),INFORM CS - MODIFY AP CONFIGURATION,RRM,CONFIG_SERVICE,"{candidateBssList=[{ ""bssid"" : ""04:bf:6d:5e:26:69"" , ""channel"" : 157 , ""bandwidth"" : 80}], deassociateStaList=[04:d6:aa:66:76:5a], frequencySetBy=10}",2019-03-24 17:24
04:bf:6d:5e:26:7c,04:bf:6d:5e:26:7f,11 (2462 MHz),INFORM CS - MODIFY AP CONFIGURATION,RRM,CONFIG_SERVICE,"{candidateBssList=[{ ""bssid"" : ""04:bf:6d:5e:26:7d"" , ""channel"" : 149 , ""bandwidth"" : 80}], deassociateStaList=[10:cd:b6:00:ad:eb], frequencySetBy=10}",2019-03-24 17:14
b8:ec:a3:2f:bd:dc,b8:ec:a3:2f:bd:df,11 (2462 MHz),INFORM CS - MODIFY AP CONFIGURATION,RRM,CONFIG_SERVICE,"{candidateBssList=[{ ""bssid"" : ""b8:ec:a3:2f:bd:dd"" , ""channel"" : 149 , ""bandwidth"" : 80}], deassociateStaList=[f8:2d:7c:89:d5:3f], frequencySetBy=10}",2019-03-24 17:04
b8:ec:a3:2f:bd:24,b8:ec:a3:2f:bd:27,6 (2437 MHz),INFORM CS - MODIFY AP CONFIGURATION,RRM,CONFIG_SERVICE,"{candidateBssList=[{ ""bssid"" : ""b8:ec:a3:2f:bd:25"" , ""channel"" : 40 , ""bandwidth"" : 80}], deassociateStaList=[9c:e0:63:36:09:ce], frequencySetBy=10}",2019-03-24 16:37
04:bf:6d:5e:12:70,04:bf:6d:5e:12:73,1 (2412 MHz),INFORM CS - MODIFY AP CONFIGURATION,RRM,CONFIG_SERVICE,"{candidateBssList=[{ ""bssid"" : ""04:bf:6d:5e:12:71"" , ""channel"" : 153 , ""bandwidth"" : 80}], deassociateStaList=[54:b1:21:d4:37:2c], frequencySetBy=10}",2019-03-24 15:28
04:bf:6d:5e:26:68,04:bf:6d:5e:26:6b,11 (2462 MHz),INFORM CS - MODIFY AP CONFIGURATION,RRM,CONFIG_SERVICE,"{candidateBssList=[{ ""bssid"" : ""04:bf:6d:5e:26:69"" , ""channel"" : 157 , ""bandwidth"" : 80}], deassociateStaList=[04:d6:aa:66:76:5a], frequencySetBy=10}",2019-03-24 15:12
04:bf:6d:5e:26:68,04:bf:6d:5e:26:6b,11 (2462 MHz),INFORM CS - MODIFY AP CONFIGURATION,RRM,CONFIG_SERVICE,"{candidateBssList=[{ ""bssid"" : ""04:bf:6d:5e:26:69"" , ""channel"" : 157 , ""bandwidth"" : 80}], deassociateStaList=[04:d6:aa:66:76:5a], frequencySetBy=10}",2019-03-24 15:09
b8:ec:a3:2f:bd:34,b8:ec:a3:2f:bd:37,6 (2437 MHz),INFORM CS - MODIFY AP CONFIGURATION,RRM,CONFIG_SERVICE,"{candidateBssList=[{ ""bssid"" : ""b8:ec:a3:2f:bd:35"" , ""channel"" : 149 , ""bandwidth"" : 80}], deassociateStaList=[88:66:a5:ba:5b:1b], frequencySetBy=10}",2019-03-24 13:56
b8:ec:a3:2f:bd:dc,b8:ec:a3:2f:bd:df,11 (2462 MHz),INFORM CS - MODIFY AP CONFIGURATION,RRM,CONFIG_SERVICE,"{candidateBssList=[{ ""bssid"" : ""b8:ec:a3:2f:bd:dd"" , ""channel"" : 149 , ""bandwidth"" : 80}], deassociateStaList=[60:30:d4:3d:2a:73], frequencySetBy=10}",2019-03-24 13:49
b8:ec:a3:2f:bd:18,b8:ec:a3:2f:bd:1b,6 (2437 MHz),INFORM CS - MODIFY AP CONFIGURATION,RRM,CONFIG_SERVICE,"{candidateBssList=[{ ""bssid"" : ""b8:ec:a3:2f:bd:19"" , ""channel"" : 161 , ""bandwidth"" : 80}], deassociateStaList=[00:ae:fa:88:e6:e7], frequencySetBy=10}",2019-03-24 12:04
b8:ec:a3:2f:bd:2c,b8:ec:a3:2f:bd:2f,1 (2412 MHz),INFORM CS - MODIFY AP CONFIGURATION,RRM,CONFIG_SERVICE,"{candidateBssList=[{ ""bssid"" : ""b8:ec:a3:2f:bd:2d"" , ""channel"" : 157 , ""bandwidth"" : 80}], deassociateStaList=[f0:0f:ec:f8:01:ac], frequencySetBy=10}",2019-03-24 12:01
04:bf:6d:5e:12:8c,04:bf:6d:5e:12:8f,11 (2462 MHz),INFORM CS - MODIFY AP CONFIGURATION,RRM,CONFIG_SERVICE,"{candidateBssList=[{ ""bssid"" : ""04:bf:6d:5e:12:8d"" , ""channel"" : 149 , ""bandwidth"" : 80}], deassociateStaList=[e4:f0:42:a5:85:38], frequencySetBy=10}",2019-03-24 11:24
04:bf:6d:5e:12:70,04:bf:6d:5e:12:73,1 (2412 MHz),INFORM CS - MODIFY AP CONFIGURATION,RRM,CONFIG_SERVICE,"{candidateBssList=[{ ""bssid"" : ""04:bf:6d:5e:12:71"" , ""channel"" : 153 , ""bandwidth"" : 80}], deassociateStaList=[f8:34:41:3c:de:9e], frequencySetBy=10}",2019-03-24 08:57
b8:ec:a3:2f:bd:74,b8:ec:a3:2f:bd:77,6 (2437 MHz),INFORM CS - MODIFY AP CONFIGURATION,RRM,CONFIG_SERVICE,"{candidateBssList=[{ ""bssid"" : ""b8:ec:a3:2f:bd:75"" , ""channel"" : 153 , ""bandwidth"" : 80}], deassociateStaList=[dc:ef:ca:7c:34:64], frequencySetBy=10}",2019-03-24 02:31
b8:ec:a3:2f:bd:24,b8:ec:a3:2f:bd:27,6 (2437 MHz),INFORM CS - MODIFY AP CONFIGURATION,RRM,CONFIG_SERVICE,"{candidateBssList=[{ ""bssid"" : ""b8:ec:a3:2f:bd:25"" , ""channel"" : 40 , ""bandwidth"" : 80}], deassociateStaList=[9c:e0:63:36:09:ce], frequencySetBy=10}",2019-03-24 00:17












