dateTime,airTimePercentage2pt4GHz,airTimePercentage5GHz,atfEnabled2pt4GHz,atfEnabled5GHz,countryCode,enabled,id,isFairPolicy2pt4GHz,isFairPolicy5GHz,name,publicSsid2pt4Controlled,publicSsid5Controlled,publicWifiNetworkID2pt4GHz,publicWifiNetworkID5GHz,ssidList2pt4GHz,ssidList5GHz
2019-03-24 00:45:01,1,1,False,False,CA,True,5e60c5ff-56e0-4987-a72d-e86f5bdaef15,True,True,ZyXEL,False,False,,,[''],['']
2019-03-24 01:45:01,1,1,False,False,CA,True,5e60c5ff-56e0-4987-a72d-e86f5bdaef15,True,True,ZyXEL,False,False,,,[''],['']
2019-03-24 02:45:01,1,1,False,False,CA,True,5e60c5ff-56e0-4987-a72d-e86f5bdaef15,True,True,ZyXEL,False,False,,,[''],['']
2019-03-24 03:45:01,1,1,False,False,CA,True,5e60c5ff-56e0-4987-a72d-e86f5bdaef15,True,True,ZyXEL,False,False,,,[''],['']
2019-03-24 04:45:01,1,1,False,False,CA,True,5e60c5ff-56e0-4987-a72d-e86f5bdaef15,True,True,ZyXEL,False,False,,,[''],['']
2019-03-24 05:45:01,1,1,False,False,CA,True,5e60c5ff-56e0-4987-a72d-e86f5bdaef15,True,True,ZyXEL,False,False,,,[''],['']
2019-03-24 06:45:02,1,1,False,False,CA,True,5e60c5ff-56e0-4987-a72d-e86f5bdaef15,True,True,ZyXEL,False,False,,,[''],['']
2019-03-24 07:45:01,1,1,False,False,CA,True,5e60c5ff-56e0-4987-a72d-e86f5bdaef15,True,True,ZyXEL,False,False,,,[''],['']
2019-03-24 08:45:01,1,1,False,False,CA,True,5e60c5ff-56e0-4987-a72d-e86f5bdaef15,True,True,ZyXEL,False,False,,,[''],['']
2019-03-24 09:45:02,1,1,False,False,CA,True,5e60c5ff-56e0-4987-a72d-e86f5bdaef15,True,True,ZyXEL,False,False,,,[''],['']
2019-03-24 10:45:01,1,1,False,False,CA,True,5e60c5ff-56e0-4987-a72d-e86f5bdaef15,True,True,ZyXEL,False,False,,,[''],['']
2019-03-24 11:45:01,1,1,False,False,CA,True,5e60c5ff-56e0-4987-a72d-e86f5bdaef15,True,True,ZyXEL,False,False,,,[''],['']
2019-03-24 12:45:02,1,1,False,False,CA,True,5e60c5ff-56e0-4987-a72d-e86f5bdaef15,True,True,ZyXEL,False,False,,,[''],['']
2019-03-24 13:45:01,1,1,False,False,CA,True,5e60c5ff-56e0-4987-a72d-e86f5bdaef15,True,True,ZyXEL,False,False,,,[''],['']
2019-03-24 14:45:01,1,1,False,False,CA,True,5e60c5ff-56e0-4987-a72d-e86f5bdaef15,True,True,ZyXEL,False,False,,,[''],['']
2019-03-24 15:45:02,1,1,False,False,CA,True,5e60c5ff-56e0-4987-a72d-e86f5bdaef15,True,True,ZyXEL,False,False,,,[''],['']
2019-03-24 16:45:01,1,1,False,False,CA,True,5e60c5ff-56e0-4987-a72d-e86f5bdaef15,True,True,ZyXEL,False,False,,,[''],['']
2019-03-24 17:45:01,1,1,False,False,CA,True,5e60c5ff-56e0-4987-a72d-e86f5bdaef15,True,True,ZyXEL,False,False,,,[''],['']
2019-03-24 18:45:01,1,1,False,False,CA,True,5e60c5ff-56e0-4987-a72d-e86f5bdaef15,True,True,ZyXEL,False,False,,,[''],['']
2019-03-24 19:45:01,1,1,False,False,CA,True,5e60c5ff-56e0-4987-a72d-e86f5bdaef15,True,True,ZyXEL,False,False,,,[''],['']
2019-03-24 20:45:01,1,1,False,False,CA,True,5e60c5ff-56e0-4987-a72d-e86f5bdaef15,True,True,ZyXEL,False,False,,,[''],['']
2019-03-24 21:45:01,1,1,False,False,CA,True,5e60c5ff-56e0-4987-a72d-e86f5bdaef15,True,True,ZyXEL,False,False,,,[''],['']
2019-03-24 22:45:01,1,1,False,False,CA,True,5e60c5ff-56e0-4987-a72d-e86f5bdaef15,True,True,ZyXEL,False,False,,,[''],['']
2019-03-24 23:45:02,1,1,False,False,CA,True,5e60c5ff-56e0-4987-a72d-e86f5bdaef15,True,True,ZyXEL,False,False,,,[''],['']
