dateTime,groupCharacteristics,id,name,priority,profileId
2019-03-27 00:45:02,"{'boundingBox': {'topLeftLongitude': -74.4720459356904, 'bottomRightLatitude': 45.235357901643305, 'bottomRightLongitude': -72.6538086310029, 'topFloor': 0, 'bottomFloor': 0, 'topLeftLatitude': 46.04188830503832}, 'macAddressList': ['04:bf:6d:5e:12:ab'], 'deplTypeEnabled': False, 'deploymentType': 'Indoor', 'manufacturer': 'ZyXEL_EMG2926', 'manufacturerEnabled': True, 'addrEnabled': False, 'boundingBoxEnabled': False}",0c7a5d15-6ebf-480e-b6ef-7fe71e9d52db,Global Zyxel Network,1,a21b3fed-aef4-4725-a6a3-8261d08fb884
2019-03-27 00:45:02,"{'boundingBox': {}, 'manufacturer': 'ZyXEL_EMG2926', 'manufacturerEnabled': True}",002c2c68-c0e9-4ce0-9545-24063cbeb6df,Global Zyxel Network 2,2,f1b9598c-0a45-4030-b008-133696d7c2b2
2019-03-27 01:45:01,"{'deplTypeEnabled': False, 'manufacturer': 'ZyXEL_EMG2926', 'addrEnabled': False, 'deploymentType': 'Indoor', 'boundingBoxEnabled': False, 'macAddressList': ['04:bf:6d:5e:12:ab'], 'manufacturerEnabled': True, 'boundingBox': {'topLeftLatitude': 46.04188830503832, 'bottomFloor': 0, 'topLeftLongitude': -74.4720459356904, 'bottomRightLongitude': -72.6538086310029, 'bottomRightLatitude': 45.235357901643305, 'topFloor': 0}}",0c7a5d15-6ebf-480e-b6ef-7fe71e9d52db,Global Zyxel Network,1,a21b3fed-aef4-4725-a6a3-8261d08fb884
2019-03-27 01:45:01,"{'manufacturerEnabled': True, 'manufacturer': 'ZyXEL_EMG2926', 'boundingBox': {}}",002c2c68-c0e9-4ce0-9545-24063cbeb6df,Global Zyxel Network 2,2,f1b9598c-0a45-4030-b008-133696d7c2b2
2019-03-27 02:45:01,"{'manufacturer': 'ZyXEL_EMG2926', 'manufacturerEnabled': True, 'boundingBox': {'bottomFloor': 0, 'topLeftLatitude': 46.04188830503832, 'topFloor': 0, 'topLeftLongitude': -74.4720459356904, 'bottomRightLongitude': -72.6538086310029, 'bottomRightLatitude': 45.235357901643305}, 'deploymentType': 'Indoor', 'boundingBoxEnabled': False, 'deplTypeEnabled': False, 'addrEnabled': False, 'macAddressList': ['04:bf:6d:5e:12:ab']}",0c7a5d15-6ebf-480e-b6ef-7fe71e9d52db,Global Zyxel Network,1,a21b3fed-aef4-4725-a6a3-8261d08fb884
2019-03-27 02:45:01,"{'manufacturer': 'ZyXEL_EMG2926', 'boundingBox': {}, 'manufacturerEnabled': True}",002c2c68-c0e9-4ce0-9545-24063cbeb6df,Global Zyxel Network 2,2,f1b9598c-0a45-4030-b008-133696d7c2b2
2019-03-27 03:45:02,"{'deplTypeEnabled': False, 'manufacturer': 'ZyXEL_EMG2926', 'boundingBox': {'bottomRightLatitude': 45.235357901643305, 'topLeftLatitude': 46.04188830503832, 'topLeftLongitude': -74.4720459356904, 'bottomFloor': 0, 'bottomRightLongitude': -72.6538086310029, 'topFloor': 0}, 'deploymentType': 'Indoor', 'manufacturerEnabled': True, 'boundingBoxEnabled': False, 'macAddressList': ['04:bf:6d:5e:12:ab'], 'addrEnabled': False}",0c7a5d15-6ebf-480e-b6ef-7fe71e9d52db,Global Zyxel Network,1,a21b3fed-aef4-4725-a6a3-8261d08fb884
2019-03-27 03:45:02,"{'manufacturer': 'ZyXEL_EMG2926', 'boundingBox': {}, 'manufacturerEnabled': True}",002c2c68-c0e9-4ce0-9545-24063cbeb6df,Global Zyxel Network 2,2,f1b9598c-0a45-4030-b008-133696d7c2b2
2019-03-27 04:45:01,"{'manufacturer': 'ZyXEL_EMG2926', 'manufacturerEnabled': True, 'deploymentType': 'Indoor', 'macAddressList': ['04:bf:6d:5e:12:ab'], 'addrEnabled': False, 'deplTypeEnabled': False, 'boundingBox': {'bottomRightLongitude': -72.6538086310029, 'topFloor': 0, 'bottomFloor': 0, 'topLeftLongitude': -74.4720459356904, 'topLeftLatitude': 46.04188830503832, 'bottomRightLatitude': 45.235357901643305}, 'boundingBoxEnabled': False}",0c7a5d15-6ebf-480e-b6ef-7fe71e9d52db,Global Zyxel Network,1,a21b3fed-aef4-4725-a6a3-8261d08fb884
2019-03-27 04:45:01,"{'manufacturer': 'ZyXEL_EMG2926', 'manufacturerEnabled': True, 'boundingBox': {}}",002c2c68-c0e9-4ce0-9545-24063cbeb6df,Global Zyxel Network 2,2,f1b9598c-0a45-4030-b008-133696d7c2b2
2019-03-27 05:45:02,"{'boundingBox': {'bottomFloor': 0, 'topFloor': 0, 'bottomRightLongitude': -72.6538086310029, 'bottomRightLatitude': 45.235357901643305, 'topLeftLatitude': 46.04188830503832, 'topLeftLongitude': -74.4720459356904}, 'deploymentType': 'Indoor', 'deplTypeEnabled': False, 'macAddressList': ['04:bf:6d:5e:12:ab'], 'manufacturerEnabled': True, 'manufacturer': 'ZyXEL_EMG2926', 'boundingBoxEnabled': False, 'addrEnabled': False}",0c7a5d15-6ebf-480e-b6ef-7fe71e9d52db,Global Zyxel Network,1,a21b3fed-aef4-4725-a6a3-8261d08fb884
2019-03-27 05:45:02,"{'boundingBox': {}, 'manufacturerEnabled': True, 'manufacturer': 'ZyXEL_EMG2926'}",002c2c68-c0e9-4ce0-9545-24063cbeb6df,Global Zyxel Network 2,2,f1b9598c-0a45-4030-b008-133696d7c2b2
2019-03-27 06:45:01,"{'deplTypeEnabled': False, 'addrEnabled': False, 'manufacturerEnabled': True, 'macAddressList': ['04:bf:6d:5e:12:ab'], 'boundingBox': {'bottomRightLongitude': -72.6538086310029, 'topFloor': 0, 'topLeftLatitude': 46.04188830503832, 'topLeftLongitude': -74.4720459356904, 'bottomFloor': 0, 'bottomRightLatitude': 45.235357901643305}, 'manufacturer': 'ZyXEL_EMG2926', 'boundingBoxEnabled': False, 'deploymentType': 'Indoor'}",0c7a5d15-6ebf-480e-b6ef-7fe71e9d52db,Global Zyxel Network,1,a21b3fed-aef4-4725-a6a3-8261d08fb884
2019-03-27 06:45:01,"{'boundingBox': {}, 'manufacturer': 'ZyXEL_EMG2926', 'manufacturerEnabled': True}",002c2c68-c0e9-4ce0-9545-24063cbeb6df,Global Zyxel Network 2,2,f1b9598c-0a45-4030-b008-133696d7c2b2
2019-03-27 07:45:01,"{'manufacturerEnabled': True, 'boundingBox': {'topFloor': 0, 'bottomRightLongitude': -72.6538086310029, 'topLeftLongitude': -74.4720459356904, 'bottomRightLatitude': 45.235357901643305, 'topLeftLatitude': 46.04188830503832, 'bottomFloor': 0}, 'addrEnabled': False, 'deplTypeEnabled': False, 'manufacturer': 'ZyXEL_EMG2926', 'boundingBoxEnabled': False, 'deploymentType': 'Indoor', 'macAddressList': ['04:bf:6d:5e:12:ab']}",0c7a5d15-6ebf-480e-b6ef-7fe71e9d52db,Global Zyxel Network,1,a21b3fed-aef4-4725-a6a3-8261d08fb884
2019-03-27 07:45:01,"{'manufacturerEnabled': True, 'boundingBox': {}, 'manufacturer': 'ZyXEL_EMG2926'}",002c2c68-c0e9-4ce0-9545-24063cbeb6df,Global Zyxel Network 2,2,f1b9598c-0a45-4030-b008-133696d7c2b2
2019-03-27 08:45:02,"{'addrEnabled': False, 'manufacturer': 'ZyXEL_EMG2926', 'boundingBoxEnabled': False, 'deploymentType': 'Indoor', 'macAddressList': ['04:bf:6d:5e:12:ab'], 'boundingBox': {'bottomRightLongitude': -72.6538086310029, 'bottomRightLatitude': 45.235357901643305, 'bottomFloor': 0, 'topFloor': 0, 'topLeftLatitude': 46.04188830503832, 'topLeftLongitude': -74.4720459356904}, 'manufacturerEnabled': True, 'deplTypeEnabled': False}",0c7a5d15-6ebf-480e-b6ef-7fe71e9d52db,Global Zyxel Network,1,a21b3fed-aef4-4725-a6a3-8261d08fb884
2019-03-27 08:45:02,"{'manufacturer': 'ZyXEL_EMG2926', 'manufacturerEnabled': True, 'boundingBox': {}}",002c2c68-c0e9-4ce0-9545-24063cbeb6df,Global Zyxel Network 2,2,f1b9598c-0a45-4030-b008-133696d7c2b2
2019-03-27 09:45:01,"{'boundingBoxEnabled': False, 'macAddressList': ['04:bf:6d:5e:12:ab'], 'deploymentType': 'Indoor', 'manufacturer': 'ZyXEL_EMG2926', 'boundingBox': {'bottomFloor': 0, 'bottomRightLongitude': -72.6538086310029, 'bottomRightLatitude': 45.235357901643305, 'topFloor': 0, 'topLeftLatitude': 46.04188830503832, 'topLeftLongitude': -74.4720459356904}, 'addrEnabled': False, 'deplTypeEnabled': False, 'manufacturerEnabled': True}",0c7a5d15-6ebf-480e-b6ef-7fe71e9d52db,Global Zyxel Network,1,a21b3fed-aef4-4725-a6a3-8261d08fb884
2019-03-27 09:45:01,"{'manufacturer': 'ZyXEL_EMG2926', 'boundingBox': {}, 'manufacturerEnabled': True}",002c2c68-c0e9-4ce0-9545-24063cbeb6df,Global Zyxel Network 2,2,f1b9598c-0a45-4030-b008-133696d7c2b2
2019-03-27 10:45:02,"{'deploymentType': 'Indoor', 'macAddressList': ['04:bf:6d:5e:12:ab'], 'addrEnabled': False, 'manufacturerEnabled': True, 'boundingBox': {'bottomFloor': 0, 'topLeftLatitude': 46.04188830503832, 'topLeftLongitude': -74.4720459356904, 'topFloor': 0, 'bottomRightLongitude': -72.6538086310029, 'bottomRightLatitude': 45.235357901643305}, 'manufacturer': 'ZyXEL_EMG2926', 'deplTypeEnabled': False, 'boundingBoxEnabled': False}",0c7a5d15-6ebf-480e-b6ef-7fe71e9d52db,Global Zyxel Network,1,a21b3fed-aef4-4725-a6a3-8261d08fb884
2019-03-27 10:45:02,"{'manufacturer': 'ZyXEL_EMG2926', 'manufacturerEnabled': True, 'boundingBox': {}}",002c2c68-c0e9-4ce0-9545-24063cbeb6df,Global Zyxel Network 2,2,f1b9598c-0a45-4030-b008-133696d7c2b2
2019-03-27 11:45:01,"{'addrEnabled': False, 'manufacturerEnabled': True, 'boundingBoxEnabled': False, 'deploymentType': 'Indoor', 'boundingBox': {'topFloor': 0, 'bottomRightLatitude': 45.235357901643305, 'topLeftLatitude': 46.04188830503832, 'bottomRightLongitude': -72.6538086310029, 'topLeftLongitude': -74.4720459356904, 'bottomFloor': 0}, 'deplTypeEnabled': False, 'macAddressList': ['04:bf:6d:5e:12:ab'], 'manufacturer': 'ZyXEL_EMG2926'}",0c7a5d15-6ebf-480e-b6ef-7fe71e9d52db,Global Zyxel Network,1,a21b3fed-aef4-4725-a6a3-8261d08fb884
2019-03-27 11:45:01,"{'boundingBox': {}, 'manufacturerEnabled': True, 'manufacturer': 'ZyXEL_EMG2926'}",002c2c68-c0e9-4ce0-9545-24063cbeb6df,Global Zyxel Network 2,2,f1b9598c-0a45-4030-b008-133696d7c2b2
2019-03-27 12:45:01,"{'boundingBoxEnabled': False, 'deploymentType': 'Indoor', 'deplTypeEnabled': False, 'addrEnabled': False, 'macAddressList': ['04:bf:6d:5e:12:ab'], 'boundingBox': {'bottomRightLongitude': -72.6538086310029, 'topLeftLatitude': 46.04188830503832, 'topFloor': 0, 'bottomRightLatitude': 45.235357901643305, 'bottomFloor': 0, 'topLeftLongitude': -74.4720459356904}, 'manufacturer': 'ZyXEL_EMG2926', 'manufacturerEnabled': True}",0c7a5d15-6ebf-480e-b6ef-7fe71e9d52db,Global Zyxel Network,1,a21b3fed-aef4-4725-a6a3-8261d08fb884
2019-03-27 12:45:01,"{'boundingBox': {}, 'manufacturer': 'ZyXEL_EMG2926', 'manufacturerEnabled': True}",002c2c68-c0e9-4ce0-9545-24063cbeb6df,Global Zyxel Network 2,2,f1b9598c-0a45-4030-b008-133696d7c2b2
2019-03-27 13:45:02,"{'boundingBoxEnabled': False, 'macAddressList': ['04:bf:6d:5e:12:ab'], 'addrEnabled': False, 'boundingBox': {'bottomRightLatitude': 45.235357901643305, 'topLeftLongitude': -74.4720459356904, 'bottomRightLongitude': -72.6538086310029, 'bottomFloor': 0, 'topFloor': 0, 'topLeftLatitude': 46.04188830503832}, 'deploymentType': 'Indoor', 'deplTypeEnabled': False, 'manufacturer': 'ZyXEL_EMG2926', 'manufacturerEnabled': True}",0c7a5d15-6ebf-480e-b6ef-7fe71e9d52db,Global Zyxel Network,1,a21b3fed-aef4-4725-a6a3-8261d08fb884
2019-03-27 13:45:02,"{'manufacturer': 'ZyXEL_EMG2926', 'manufacturerEnabled': True, 'boundingBox': {}}",002c2c68-c0e9-4ce0-9545-24063cbeb6df,Global Zyxel Network 2,2,f1b9598c-0a45-4030-b008-133696d7c2b2
2019-03-27 14:45:01,"{'manufacturerEnabled': True, 'deploymentType': 'Indoor', 'macAddressList': ['04:bf:6d:5e:12:ab'], 'manufacturer': 'ZyXEL_EMG2926', 'addrEnabled': False, 'boundingBoxEnabled': False, 'boundingBox': {'topLeftLatitude': 46.04188830503832, 'bottomRightLongitude': -72.6538086310029, 'bottomRightLatitude': 45.235357901643305, 'topLeftLongitude': -74.4720459356904, 'bottomFloor': 0, 'topFloor': 0}, 'deplTypeEnabled': False}",0c7a5d15-6ebf-480e-b6ef-7fe71e9d52db,Global Zyxel Network,1,a21b3fed-aef4-4725-a6a3-8261d08fb884
2019-03-27 14:45:01,"{'manufacturerEnabled': True, 'boundingBox': {}, 'manufacturer': 'ZyXEL_EMG2926'}",002c2c68-c0e9-4ce0-9545-24063cbeb6df,Global Zyxel Network 2,2,f1b9598c-0a45-4030-b008-133696d7c2b2
2019-03-27 15:45:02,"{'boundingBoxEnabled': False, 'deplTypeEnabled': False, 'boundingBox': {'topFloor': 0, 'bottomRightLatitude': 45.235357901643305, 'topLeftLongitude': -74.4720459356904, 'bottomFloor': 0, 'topLeftLatitude': 46.04188830503832, 'bottomRightLongitude': -72.6538086310029}, 'deploymentType': 'Indoor', 'manufacturerEnabled': True, 'macAddressList': ['04:bf:6d:5e:12:ab'], 'manufacturer': 'ZyXEL_EMG2926', 'addrEnabled': False}",0c7a5d15-6ebf-480e-b6ef-7fe71e9d52db,Global Zyxel Network,1,a21b3fed-aef4-4725-a6a3-8261d08fb884
2019-03-27 15:45:02,"{'manufacturerEnabled': True, 'boundingBox': {}, 'manufacturer': 'ZyXEL_EMG2926'}",002c2c68-c0e9-4ce0-9545-24063cbeb6df,Global Zyxel Network 2,2,f1b9598c-0a45-4030-b008-133696d7c2b2
2019-03-27 16:45:01,"{'deploymentType': 'Indoor', 'macAddressList': ['04:bf:6d:5e:12:ab'], 'deplTypeEnabled': False, 'boundingBoxEnabled': False, 'manufacturerEnabled': True, 'addrEnabled': False, 'boundingBox': {'topFloor': 0, 'bottomRightLongitude': -72.6538086310029, 'bottomRightLatitude': 45.235357901643305, 'topLeftLongitude': -74.4720459356904, 'bottomFloor': 0, 'topLeftLatitude': 46.04188830503832}, 'manufacturer': 'ZyXEL_EMG2926'}",0c7a5d15-6ebf-480e-b6ef-7fe71e9d52db,Global Zyxel Network,1,a21b3fed-aef4-4725-a6a3-8261d08fb884
2019-03-27 16:45:01,"{'manufacturerEnabled': True, 'boundingBox': {}, 'manufacturer': 'ZyXEL_EMG2926'}",002c2c68-c0e9-4ce0-9545-24063cbeb6df,Global Zyxel Network 2,2,f1b9598c-0a45-4030-b008-133696d7c2b2
2019-03-27 17:45:02,"{'boundingBox': {'bottomFloor': 0, 'bottomRightLongitude': -72.6538086310029, 'topLeftLatitude': 46.04188830503832, 'bottomRightLatitude': 45.235357901643305, 'topFloor': 0, 'topLeftLongitude': -74.4720459356904}, 'manufacturerEnabled': True, 'macAddressList': ['04:bf:6d:5e:12:ab'], 'deplTypeEnabled': False, 'manufacturer': 'ZyXEL_EMG2926', 'boundingBoxEnabled': False, 'deploymentType': 'Indoor', 'addrEnabled': False}",0c7a5d15-6ebf-480e-b6ef-7fe71e9d52db,Global Zyxel Network,1,a21b3fed-aef4-4725-a6a3-8261d08fb884
2019-03-27 17:45:02,"{'boundingBox': {}, 'manufacturerEnabled': True, 'manufacturer': 'ZyXEL_EMG2926'}",002c2c68-c0e9-4ce0-9545-24063cbeb6df,Global Zyxel Network 2,2,f1b9598c-0a45-4030-b008-133696d7c2b2
2019-03-27 18:45:01,"{'addrEnabled': False, 'boundingBox': {'topLeftLatitude': 46.04188830503832, 'bottomFloor': 0, 'bottomRightLatitude': 45.235357901643305, 'topFloor': 0, 'bottomRightLongitude': -72.6538086310029, 'topLeftLongitude': -74.4720459356904}, 'deplTypeEnabled': False, 'manufacturer': 'ZyXEL_EMG2926', 'macAddressList': ['04:bf:6d:5e:12:ab'], 'boundingBoxEnabled': False, 'manufacturerEnabled': True, 'deploymentType': 'Indoor'}",0c7a5d15-6ebf-480e-b6ef-7fe71e9d52db,Global Zyxel Network,1,a21b3fed-aef4-4725-a6a3-8261d08fb884
2019-03-27 18:45:01,"{'boundingBox': {}, 'manufacturerEnabled': True, 'manufacturer': 'ZyXEL_EMG2926'}",002c2c68-c0e9-4ce0-9545-24063cbeb6df,Global Zyxel Network 2,2,f1b9598c-0a45-4030-b008-133696d7c2b2
2019-03-27 19:45:02,"{'boundingBox': {'bottomFloor': 0, 'bottomRightLatitude': 45.235357901643305, 'topLeftLongitude': -74.4720459356904, 'topFloor': 0, 'bottomRightLongitude': -72.6538086310029, 'topLeftLatitude': 46.04188830503832}, 'boundingBoxEnabled': False, 'deplTypeEnabled': False, 'addrEnabled': False, 'deploymentType': 'Indoor', 'manufacturer': 'ZyXEL_EMG2926', 'manufacturerEnabled': True, 'macAddressList': ['04:bf:6d:5e:12:ab']}",0c7a5d15-6ebf-480e-b6ef-7fe71e9d52db,Global Zyxel Network,1,a21b3fed-aef4-4725-a6a3-8261d08fb884
2019-03-27 19:45:02,"{'boundingBox': {}, 'manufacturer': 'ZyXEL_EMG2926', 'manufacturerEnabled': True}",002c2c68-c0e9-4ce0-9545-24063cbeb6df,Global Zyxel Network 2,2,f1b9598c-0a45-4030-b008-133696d7c2b2
2019-03-27 20:45:01,"{'deploymentType': 'Indoor', 'boundingBoxEnabled': False, 'boundingBox': {'topFloor': 0, 'bottomRightLatitude': 45.235357901643305, 'topLeftLatitude': 46.04188830503832, 'topLeftLongitude': -74.4720459356904, 'bottomRightLongitude': -72.6538086310029, 'bottomFloor': 0}, 'addrEnabled': False, 'manufacturer': 'ZyXEL_EMG2926', 'deplTypeEnabled': False, 'manufacturerEnabled': True, 'macAddressList': ['04:bf:6d:5e:12:ab']}",0c7a5d15-6ebf-480e-b6ef-7fe71e9d52db,Global Zyxel Network,1,a21b3fed-aef4-4725-a6a3-8261d08fb884
2019-03-27 20:45:01,"{'boundingBox': {}, 'manufacturerEnabled': True, 'manufacturer': 'ZyXEL_EMG2926'}",002c2c68-c0e9-4ce0-9545-24063cbeb6df,Global Zyxel Network 2,2,f1b9598c-0a45-4030-b008-133696d7c2b2
2019-03-27 21:45:02,"{'manufacturerEnabled': True, 'addrEnabled': False, 'manufacturer': 'ZyXEL_EMG2926', 'deploymentType': 'Indoor', 'macAddressList': ['04:bf:6d:5e:12:ab'], 'boundingBoxEnabled': False, 'deplTypeEnabled': False, 'boundingBox': {'bottomRightLatitude': 45.235357901643305, 'bottomRightLongitude': -72.6538086310029, 'topLeftLatitude': 46.04188830503832, 'topLeftLongitude': -74.4720459356904, 'bottomFloor': 0, 'topFloor': 0}}",0c7a5d15-6ebf-480e-b6ef-7fe71e9d52db,Global Zyxel Network,1,a21b3fed-aef4-4725-a6a3-8261d08fb884
2019-03-27 21:45:02,"{'manufacturerEnabled': True, 'manufacturer': 'ZyXEL_EMG2926', 'boundingBox': {}}",002c2c68-c0e9-4ce0-9545-24063cbeb6df,Global Zyxel Network 2,2,f1b9598c-0a45-4030-b008-133696d7c2b2
2019-03-27 22:45:01,"{'manufacturerEnabled': True, 'macAddressList': ['04:bf:6d:5e:12:ab'], 'addrEnabled': False, 'deplTypeEnabled': False, 'boundingBoxEnabled': False, 'boundingBox': {'bottomRightLatitude': 45.235357901643305, 'topLeftLatitude': 46.04188830503832, 'bottomFloor': 0, 'topLeftLongitude': -74.4720459356904, 'topFloor': 0, 'bottomRightLongitude': -72.6538086310029}, 'manufacturer': 'ZyXEL_EMG2926', 'deploymentType': 'Indoor'}",0c7a5d15-6ebf-480e-b6ef-7fe71e9d52db,Global Zyxel Network,1,a21b3fed-aef4-4725-a6a3-8261d08fb884
2019-03-27 22:45:01,"{'manufacturerEnabled': True, 'boundingBox': {}, 'manufacturer': 'ZyXEL_EMG2926'}",002c2c68-c0e9-4ce0-9545-24063cbeb6df,Global Zyxel Network 2,2,f1b9598c-0a45-4030-b008-133696d7c2b2
2019-03-27 23:45:01,"{'deploymentType': 'Indoor', 'manufacturer': 'ZyXEL_EMG2926', 'deplTypeEnabled': False, 'boundingBox': {'bottomRightLongitude': -72.6538086310029, 'bottomRightLatitude': 45.235357901643305, 'topLeftLongitude': -74.4720459356904, 'topLeftLatitude': 46.04188830503832, 'topFloor': 0, 'bottomFloor': 0}, 'boundingBoxEnabled': False, 'addrEnabled': False, 'manufacturerEnabled': True, 'macAddressList': ['04:bf:6d:5e:12:ab']}",0c7a5d15-6ebf-480e-b6ef-7fe71e9d52db,Global Zyxel Network,1,a21b3fed-aef4-4725-a6a3-8261d08fb884
2019-03-27 23:45:01,"{'manufacturerEnabled': True, 'manufacturer': 'ZyXEL_EMG2926', 'boundingBox': {}}",002c2c68-c0e9-4ce0-9545-24063cbeb6df,Global Zyxel Network 2,2,f1b9598c-0a45-4030-b008-133696d7c2b2
