dateTime,address,enabled,hnprofileId,id,name,priority,topology
2019-03-27 00:45:02,,True,3c57e65b-1f27-4dfd-96fc-407c64fdc07b,e79bc95a-27da-4b20-b9a2-c7768bdeb848,MJ,0,[]
2019-03-27 00:45:02,,True,d3fa6246-33eb-4653-be98-3ae01b4d7ced,cc4bdb92-01ed-4acd-972a-f0faedc4344d,612,0,"[{'lockToHNGroup': False, 'apId': '588a3fc043c33c0580231c7f', 'parentMacAddress': '', 'apPrimMacAddress': '04:bf:6d:5e:12:97', 'apHNRole': '', 'radio': '5 GHz', 'parentRadio': None, 'parentSSID': None, 'apSSID': 'SON VOWIFI', 'apName': 'AP-SON-A', 'apMacAddress': '04:bf:6d:5e:12:95', 'backhaulConnection': 'Wired', 'ssidType': 'NORMAL'}]"
2019-03-27 00:45:02,Residence Phase 4,True,3d974bd2-d415-4f1a-88c1-8c9d88969d9c,1c8a4cf1-f730-4d39-86af-a4454c659e2f,Groupe ETS,0,[]
2019-03-27 00:45:02,,True,624b3fb6-e41f-483f-b763-e8e117c6f64a,cc7ae08e-dd05-4c89-8d74-d4bca0f7fd60,Francis R,0,"[{'lockToHNGroup': True, 'apId': '58878af043c33c0580231c61', 'parentMacAddress': '', 'apPrimMacAddress': '04:bf:6d:5e:12:9f', 'apHNRole': '', 'radio': '2.4 GHz', 'parentRadio': None, 'parentSSID': None, 'apSSID': 'SON', 'apName': 'AP SON Francis', 'apMacAddress': '04:bf:6d:5e:12:9c', 'backhaulConnection': 'Wired', 'ssidType': 'NORMAL'}, {'lockToHNGroup': True, 'apId': '58878af043c33c0580231c61', 'parentMacAddress': '', 'apPrimMacAddress': '04:bf:6d:5e:12:9f', 'apHNRole': '', 'radio': '5 GHz', 'parentRadio': None, 'parentSSID': None, 'apSSID': 'SON', 'apName': 'AP SON Francis', 'apMacAddress': '04:bf:6d:5e:12:9d', 'backhaulConnection': 'Wired', 'ssidType': 'NORMAL'}]"
2019-03-27 00:45:02,,True,6cb57c27-e491-4465-92b3-9d1deb4d951a,c40991a0-d887-401b-8174-bf3b2ab1ec11,Group Zyxel SON,0,"[{'lockToHNGroup': False, 'apId': '58f8bbe443c33c059f9dc661', 'parentMacAddress': '', 'apPrimMacAddress': '04:bf:6d:5e:26:87', 'apHNRole': '', 'radio': '5 GHz', 'parentRadio': None, 'parentSSID': None, 'apSSID': 'test', 'apName': 'AP-SON-A-BRIDGE', 'apMacAddress': '04:bf:6d:5e:26:85', 'backhaulConnection': 'Wired', 'ssidType': 'NORMAL'}, {'lockToHNGroup': False, 'apId': '58f8bbe443c33c059f9dc661', 'parentMacAddress': '', 'apPrimMacAddress': '04:bf:6d:5e:26:87', 'apHNRole': '', 'radio': '2.4 GHz', 'parentRadio': None, 'parentSSID': None, 'apSSID': 'test', 'apName': 'AP-SON-A-BRIDGE', 'apMacAddress': '04:bf:6d:5e:26:84', 'backhaulConnection': 'Wired', 'ssidType': 'NORMAL'}]"
2019-03-27 01:45:01,,True,3c57e65b-1f27-4dfd-96fc-407c64fdc07b,e79bc95a-27da-4b20-b9a2-c7768bdeb848,MJ,0,[]
2019-03-27 01:45:01,,True,d3fa6246-33eb-4653-be98-3ae01b4d7ced,cc4bdb92-01ed-4acd-972a-f0faedc4344d,612,0,"[{'parentSSID': None, 'parentRadio': None, 'ssidType': 'NORMAL', 'apId': '588a3fc043c33c0580231c7f', 'apMacAddress': '04:bf:6d:5e:12:95', 'apName': 'AP-SON-A', 'radio': '5 GHz', 'parentMacAddress': '', 'lockToHNGroup': False, 'backhaulConnection': 'Wired', 'apPrimMacAddress': '04:bf:6d:5e:12:97', 'apSSID': 'SON VOWIFI', 'apHNRole': ''}]"
2019-03-27 01:45:01,Residence Phase 4,True,3d974bd2-d415-4f1a-88c1-8c9d88969d9c,1c8a4cf1-f730-4d39-86af-a4454c659e2f,Groupe ETS,0,[]
2019-03-27 01:45:01,,True,624b3fb6-e41f-483f-b763-e8e117c6f64a,cc7ae08e-dd05-4c89-8d74-d4bca0f7fd60,Francis R,0,"[{'parentSSID': None, 'parentRadio': None, 'ssidType': 'NORMAL', 'apId': '58878af043c33c0580231c61', 'apMacAddress': '04:bf:6d:5e:12:9c', 'apName': 'AP SON Francis', 'radio': '2.4 GHz', 'parentMacAddress': '', 'lockToHNGroup': True, 'backhaulConnection': 'Wired', 'apPrimMacAddress': '04:bf:6d:5e:12:9f', 'apSSID': 'SON', 'apHNRole': ''}, {'parentSSID': None, 'parentRadio': None, 'ssidType': 'NORMAL', 'apId': '58878af043c33c0580231c61', 'apMacAddress': '04:bf:6d:5e:12:9d', 'apName': 'AP SON Francis', 'radio': '5 GHz', 'parentMacAddress': '', 'lockToHNGroup': True, 'backhaulConnection': 'Wired', 'apPrimMacAddress': '04:bf:6d:5e:12:9f', 'apSSID': 'SON', 'apHNRole': ''}]"
2019-03-27 01:45:01,,True,6cb57c27-e491-4465-92b3-9d1deb4d951a,c40991a0-d887-401b-8174-bf3b2ab1ec11,Group Zyxel SON,0,"[{'parentSSID': None, 'parentRadio': None, 'ssidType': 'NORMAL', 'apId': '58f8bbe443c33c059f9dc661', 'apMacAddress': '04:bf:6d:5e:26:85', 'apName': 'AP-SON-A-BRIDGE', 'radio': '5 GHz', 'parentMacAddress': '', 'lockToHNGroup': False, 'backhaulConnection': 'Wired', 'apPrimMacAddress': '04:bf:6d:5e:26:87', 'apSSID': 'test', 'apHNRole': ''}, {'parentSSID': None, 'parentRadio': None, 'ssidType': 'NORMAL', 'apId': '58f8bbe443c33c059f9dc661', 'apMacAddress': '04:bf:6d:5e:26:84', 'apName': 'AP-SON-A-BRIDGE', 'radio': '2.4 GHz', 'parentMacAddress': '', 'lockToHNGroup': False, 'backhaulConnection': 'Wired', 'apPrimMacAddress': '04:bf:6d:5e:26:87', 'apSSID': 'test', 'apHNRole': ''}]"
2019-03-27 02:45:01,,True,3c57e65b-1f27-4dfd-96fc-407c64fdc07b,e79bc95a-27da-4b20-b9a2-c7768bdeb848,MJ,0,[]
2019-03-27 02:45:01,,True,d3fa6246-33eb-4653-be98-3ae01b4d7ced,cc4bdb92-01ed-4acd-972a-f0faedc4344d,612,0,"[{'ssidType': 'NORMAL', 'parentSSID': None, 'apHNRole': '', 'apMacAddress': '04:bf:6d:5e:12:95', 'backhaulConnection': 'Wired', 'parentMacAddress': '', 'apSSID': 'SON VOWIFI', 'parentRadio': None, 'apId': '588a3fc043c33c0580231c7f', 'apPrimMacAddress': '04:bf:6d:5e:12:97', 'radio': '5 GHz', 'apName': 'AP-SON-A', 'lockToHNGroup': False}]"
2019-03-27 02:45:01,Residence Phase 4,True,3d974bd2-d415-4f1a-88c1-8c9d88969d9c,1c8a4cf1-f730-4d39-86af-a4454c659e2f,Groupe ETS,0,[]
2019-03-27 02:45:01,,True,624b3fb6-e41f-483f-b763-e8e117c6f64a,cc7ae08e-dd05-4c89-8d74-d4bca0f7fd60,Francis R,0,"[{'ssidType': 'NORMAL', 'parentSSID': None, 'apHNRole': '', 'apMacAddress': '04:bf:6d:5e:12:9c', 'backhaulConnection': 'Wired', 'parentMacAddress': '', 'apSSID': 'SON', 'parentRadio': None, 'apId': '58878af043c33c0580231c61', 'apPrimMacAddress': '04:bf:6d:5e:12:9f', 'radio': '2.4 GHz', 'apName': 'AP SON Francis', 'lockToHNGroup': True}, {'ssidType': 'NORMAL', 'parentSSID': None, 'apHNRole': '', 'apMacAddress': '04:bf:6d:5e:12:9d', 'backhaulConnection': 'Wired', 'parentMacAddress': '', 'apSSID': 'SON', 'parentRadio': None, 'apId': '58878af043c33c0580231c61', 'apPrimMacAddress': '04:bf:6d:5e:12:9f', 'radio': '5 GHz', 'apName': 'AP SON Francis', 'lockToHNGroup': True}]"
2019-03-27 02:45:01,,True,6cb57c27-e491-4465-92b3-9d1deb4d951a,c40991a0-d887-401b-8174-bf3b2ab1ec11,Group Zyxel SON,0,"[{'ssidType': 'NORMAL', 'parentSSID': None, 'apHNRole': '', 'apMacAddress': '04:bf:6d:5e:26:85', 'backhaulConnection': 'Wired', 'parentMacAddress': '', 'apSSID': 'test', 'parentRadio': None, 'apId': '58f8bbe443c33c059f9dc661', 'apPrimMacAddress': '04:bf:6d:5e:26:87', 'radio': '5 GHz', 'apName': 'AP-SON-A-BRIDGE', 'lockToHNGroup': False}, {'ssidType': 'NORMAL', 'parentSSID': None, 'apHNRole': '', 'apMacAddress': '04:bf:6d:5e:26:84', 'backhaulConnection': 'Wired', 'parentMacAddress': '', 'apSSID': 'test', 'parentRadio': None, 'apId': '58f8bbe443c33c059f9dc661', 'apPrimMacAddress': '04:bf:6d:5e:26:87', 'radio': '2.4 GHz', 'apName': 'AP-SON-A-BRIDGE', 'lockToHNGroup': False}]"
2019-03-27 03:45:02,,True,3c57e65b-1f27-4dfd-96fc-407c64fdc07b,e79bc95a-27da-4b20-b9a2-c7768bdeb848,MJ,0,[]
2019-03-27 03:45:02,,True,d3fa6246-33eb-4653-be98-3ae01b4d7ced,cc4bdb92-01ed-4acd-972a-f0faedc4344d,612,0,"[{'apPrimMacAddress': '04:bf:6d:5e:12:97', 'radio': '5 GHz', 'parentMacAddress': '', 'parentRadio': None, 'apHNRole': '', 'apName': 'AP-SON-A', 'apMacAddress': '04:bf:6d:5e:12:95', 'apSSID': 'SON VOWIFI', 'lockToHNGroup': False, 'apId': '588a3fc043c33c0580231c7f', 'ssidType': 'NORMAL', 'backhaulConnection': 'Wired', 'parentSSID': None}]"
2019-03-27 03:45:02,Residence Phase 4,True,3d974bd2-d415-4f1a-88c1-8c9d88969d9c,1c8a4cf1-f730-4d39-86af-a4454c659e2f,Groupe ETS,0,[]
2019-03-27 03:45:02,,True,624b3fb6-e41f-483f-b763-e8e117c6f64a,cc7ae08e-dd05-4c89-8d74-d4bca0f7fd60,Francis R,0,"[{'apPrimMacAddress': '04:bf:6d:5e:12:9f', 'radio': '2.4 GHz', 'parentMacAddress': '', 'parentRadio': None, 'apHNRole': '', 'apName': 'AP SON Francis', 'apMacAddress': '04:bf:6d:5e:12:9c', 'apSSID': 'SON', 'lockToHNGroup': True, 'apId': '58878af043c33c0580231c61', 'ssidType': 'NORMAL', 'backhaulConnection': 'Wired', 'parentSSID': None}, {'apPrimMacAddress': '04:bf:6d:5e:12:9f', 'radio': '5 GHz', 'parentMacAddress': '', 'parentRadio': None, 'apHNRole': '', 'apName': 'AP SON Francis', 'apMacAddress': '04:bf:6d:5e:12:9d', 'apSSID': 'SON', 'lockToHNGroup': True, 'apId': '58878af043c33c0580231c61', 'ssidType': 'NORMAL', 'backhaulConnection': 'Wired', 'parentSSID': None}]"
2019-03-27 03:45:02,,True,6cb57c27-e491-4465-92b3-9d1deb4d951a,c40991a0-d887-401b-8174-bf3b2ab1ec11,Group Zyxel SON,0,"[{'apPrimMacAddress': '04:bf:6d:5e:26:87', 'radio': '5 GHz', 'parentMacAddress': '', 'parentRadio': None, 'apHNRole': '', 'apName': 'AP-SON-A-BRIDGE', 'apMacAddress': '04:bf:6d:5e:26:85', 'apSSID': 'test', 'lockToHNGroup': False, 'apId': '58f8bbe443c33c059f9dc661', 'ssidType': 'NORMAL', 'backhaulConnection': 'Wired', 'parentSSID': None}, {'apPrimMacAddress': '04:bf:6d:5e:26:87', 'radio': '2.4 GHz', 'parentMacAddress': '', 'parentRadio': None, 'apHNRole': '', 'apName': 'AP-SON-A-BRIDGE', 'apMacAddress': '04:bf:6d:5e:26:84', 'apSSID': 'test', 'lockToHNGroup': False, 'apId': '58f8bbe443c33c059f9dc661', 'ssidType': 'NORMAL', 'backhaulConnection': 'Wired', 'parentSSID': None}]"
2019-03-27 04:45:01,,True,3c57e65b-1f27-4dfd-96fc-407c64fdc07b,e79bc95a-27da-4b20-b9a2-c7768bdeb848,MJ,0,[]
2019-03-27 04:45:01,,True,d3fa6246-33eb-4653-be98-3ae01b4d7ced,cc4bdb92-01ed-4acd-972a-f0faedc4344d,612,0,"[{'parentRadio': None, 'backhaulConnection': 'Wired', 'apName': 'AP-SON-A', 'lockToHNGroup': False, 'apHNRole': '', 'parentSSID': None, 'apMacAddress': '04:bf:6d:5e:12:95', 'apId': '588a3fc043c33c0580231c7f', 'apSSID': 'SON VOWIFI', 'parentMacAddress': '', 'ssidType': 'NORMAL', 'radio': '5 GHz', 'apPrimMacAddress': '04:bf:6d:5e:12:97'}]"
2019-03-27 04:45:01,Residence Phase 4,True,3d974bd2-d415-4f1a-88c1-8c9d88969d9c,1c8a4cf1-f730-4d39-86af-a4454c659e2f,Groupe ETS,0,[]
2019-03-27 04:45:01,,True,624b3fb6-e41f-483f-b763-e8e117c6f64a,cc7ae08e-dd05-4c89-8d74-d4bca0f7fd60,Francis R,0,"[{'parentRadio': None, 'backhaulConnection': 'Wired', 'apName': 'AP SON Francis', 'lockToHNGroup': True, 'apHNRole': '', 'parentSSID': None, 'apMacAddress': '04:bf:6d:5e:12:9c', 'apId': '58878af043c33c0580231c61', 'apSSID': 'SON', 'parentMacAddress': '', 'ssidType': 'NORMAL', 'radio': '2.4 GHz', 'apPrimMacAddress': '04:bf:6d:5e:12:9f'}, {'parentRadio': None, 'backhaulConnection': 'Wired', 'apName': 'AP SON Francis', 'lockToHNGroup': True, 'apHNRole': '', 'parentSSID': None, 'apMacAddress': '04:bf:6d:5e:12:9d', 'apId': '58878af043c33c0580231c61', 'apSSID': 'SON', 'parentMacAddress': '', 'ssidType': 'NORMAL', 'radio': '5 GHz', 'apPrimMacAddress': '04:bf:6d:5e:12:9f'}]"
2019-03-27 04:45:01,,True,6cb57c27-e491-4465-92b3-9d1deb4d951a,c40991a0-d887-401b-8174-bf3b2ab1ec11,Group Zyxel SON,0,"[{'parentRadio': None, 'backhaulConnection': 'Wired', 'apName': 'AP-SON-A-BRIDGE', 'lockToHNGroup': False, 'apHNRole': '', 'parentSSID': None, 'apMacAddress': '04:bf:6d:5e:26:85', 'apId': '58f8bbe443c33c059f9dc661', 'apSSID': 'test', 'parentMacAddress': '', 'ssidType': 'NORMAL', 'radio': '5 GHz', 'apPrimMacAddress': '04:bf:6d:5e:26:87'}, {'parentRadio': None, 'backhaulConnection': 'Wired', 'apName': 'AP-SON-A-BRIDGE', 'lockToHNGroup': False, 'apHNRole': '', 'parentSSID': None, 'apMacAddress': '04:bf:6d:5e:26:84', 'apId': '58f8bbe443c33c059f9dc661', 'apSSID': 'test', 'parentMacAddress': '', 'ssidType': 'NORMAL', 'radio': '2.4 GHz', 'apPrimMacAddress': '04:bf:6d:5e:26:87'}]"
2019-03-27 05:45:02,,True,3c57e65b-1f27-4dfd-96fc-407c64fdc07b,e79bc95a-27da-4b20-b9a2-c7768bdeb848,MJ,0,[]
2019-03-27 05:45:02,,True,d3fa6246-33eb-4653-be98-3ae01b4d7ced,cc4bdb92-01ed-4acd-972a-f0faedc4344d,612,0,"[{'parentSSID': None, 'ssidType': 'NORMAL', 'apSSID': 'SON VOWIFI', 'apName': 'AP-SON-A', 'backhaulConnection': 'Wired', 'apPrimMacAddress': '04:bf:6d:5e:12:97', 'apMacAddress': '04:bf:6d:5e:12:95', 'radio': '5 GHz', 'apId': '588a3fc043c33c0580231c7f', 'apHNRole': '', 'parentMacAddress': '', 'lockToHNGroup': False, 'parentRadio': None}]"
2019-03-27 05:45:02,Residence Phase 4,True,3d974bd2-d415-4f1a-88c1-8c9d88969d9c,1c8a4cf1-f730-4d39-86af-a4454c659e2f,Groupe ETS,0,[]
2019-03-27 05:45:02,,True,624b3fb6-e41f-483f-b763-e8e117c6f64a,cc7ae08e-dd05-4c89-8d74-d4bca0f7fd60,Francis R,0,"[{'parentSSID': None, 'ssidType': 'NORMAL', 'apSSID': 'SON', 'apName': 'AP SON Francis', 'backhaulConnection': 'Wired', 'apPrimMacAddress': '04:bf:6d:5e:12:9f', 'apMacAddress': '04:bf:6d:5e:12:9c', 'radio': '2.4 GHz', 'apId': '58878af043c33c0580231c61', 'apHNRole': '', 'parentMacAddress': '', 'lockToHNGroup': True, 'parentRadio': None}, {'parentSSID': None, 'ssidType': 'NORMAL', 'apSSID': 'SON', 'apName': 'AP SON Francis', 'backhaulConnection': 'Wired', 'apPrimMacAddress': '04:bf:6d:5e:12:9f', 'apMacAddress': '04:bf:6d:5e:12:9d', 'radio': '5 GHz', 'apId': '58878af043c33c0580231c61', 'apHNRole': '', 'parentMacAddress': '', 'lockToHNGroup': True, 'parentRadio': None}]"
2019-03-27 05:45:02,,True,6cb57c27-e491-4465-92b3-9d1deb4d951a,c40991a0-d887-401b-8174-bf3b2ab1ec11,Group Zyxel SON,0,"[{'parentSSID': None, 'ssidType': 'NORMAL', 'apSSID': 'test', 'apName': 'AP-SON-A-BRIDGE', 'backhaulConnection': 'Wired', 'apPrimMacAddress': '04:bf:6d:5e:26:87', 'apMacAddress': '04:bf:6d:5e:26:85', 'radio': '5 GHz', 'apId': '58f8bbe443c33c059f9dc661', 'apHNRole': '', 'parentMacAddress': '', 'lockToHNGroup': False, 'parentRadio': None}, {'parentSSID': None, 'ssidType': 'NORMAL', 'apSSID': 'test', 'apName': 'AP-SON-A-BRIDGE', 'backhaulConnection': 'Wired', 'apPrimMacAddress': '04:bf:6d:5e:26:87', 'apMacAddress': '04:bf:6d:5e:26:84', 'radio': '2.4 GHz', 'apId': '58f8bbe443c33c059f9dc661', 'apHNRole': '', 'parentMacAddress': '', 'lockToHNGroup': False, 'parentRadio': None}]"
2019-03-27 06:45:01,,True,3c57e65b-1f27-4dfd-96fc-407c64fdc07b,e79bc95a-27da-4b20-b9a2-c7768bdeb848,MJ,0,[]
2019-03-27 06:45:01,,True,d3fa6246-33eb-4653-be98-3ae01b4d7ced,cc4bdb92-01ed-4acd-972a-f0faedc4344d,612,0,"[{'apMacAddress': '04:bf:6d:5e:12:95', 'parentMacAddress': '', 'ssidType': 'NORMAL', 'parentSSID': None, 'radio': '5 GHz', 'backhaulConnection': 'Wired', 'apHNRole': '', 'apPrimMacAddress': '04:bf:6d:5e:12:97', 'lockToHNGroup': False, 'parentRadio': None, 'apName': 'AP-SON-A', 'apSSID': 'SON VOWIFI', 'apId': '588a3fc043c33c0580231c7f'}]"
2019-03-27 06:45:01,Residence Phase 4,True,3d974bd2-d415-4f1a-88c1-8c9d88969d9c,1c8a4cf1-f730-4d39-86af-a4454c659e2f,Groupe ETS,0,[]
2019-03-27 06:45:01,,True,624b3fb6-e41f-483f-b763-e8e117c6f64a,cc7ae08e-dd05-4c89-8d74-d4bca0f7fd60,Francis R,0,"[{'apMacAddress': '04:bf:6d:5e:12:9c', 'parentMacAddress': '', 'ssidType': 'NORMAL', 'parentSSID': None, 'radio': '2.4 GHz', 'backhaulConnection': 'Wired', 'apHNRole': '', 'apPrimMacAddress': '04:bf:6d:5e:12:9f', 'lockToHNGroup': True, 'parentRadio': None, 'apName': 'AP SON Francis', 'apSSID': 'SON', 'apId': '58878af043c33c0580231c61'}, {'apMacAddress': '04:bf:6d:5e:12:9d', 'parentMacAddress': '', 'ssidType': 'NORMAL', 'parentSSID': None, 'radio': '5 GHz', 'backhaulConnection': 'Wired', 'apHNRole': '', 'apPrimMacAddress': '04:bf:6d:5e:12:9f', 'lockToHNGroup': True, 'parentRadio': None, 'apName': 'AP SON Francis', 'apSSID': 'SON', 'apId': '58878af043c33c0580231c61'}]"
2019-03-27 06:45:01,,True,6cb57c27-e491-4465-92b3-9d1deb4d951a,c40991a0-d887-401b-8174-bf3b2ab1ec11,Group Zyxel SON,0,"[{'apMacAddress': '04:bf:6d:5e:26:85', 'parentMacAddress': '', 'ssidType': 'NORMAL', 'parentSSID': None, 'radio': '5 GHz', 'backhaulConnection': 'Wired', 'apHNRole': '', 'apPrimMacAddress': '04:bf:6d:5e:26:87', 'lockToHNGroup': False, 'parentRadio': None, 'apName': 'AP-SON-A-BRIDGE', 'apSSID': 'test', 'apId': '58f8bbe443c33c059f9dc661'}, {'apMacAddress': '04:bf:6d:5e:26:84', 'parentMacAddress': '', 'ssidType': 'NORMAL', 'parentSSID': None, 'radio': '2.4 GHz', 'backhaulConnection': 'Wired', 'apHNRole': '', 'apPrimMacAddress': '04:bf:6d:5e:26:87', 'lockToHNGroup': False, 'parentRadio': None, 'apName': 'AP-SON-A-BRIDGE', 'apSSID': 'test', 'apId': '58f8bbe443c33c059f9dc661'}]"
2019-03-27 07:45:01,,True,3c57e65b-1f27-4dfd-96fc-407c64fdc07b,e79bc95a-27da-4b20-b9a2-c7768bdeb848,MJ,0,[]
2019-03-27 07:45:01,,True,d3fa6246-33eb-4653-be98-3ae01b4d7ced,cc4bdb92-01ed-4acd-972a-f0faedc4344d,612,0,"[{'apName': 'AP-SON-A', 'apHNRole': '', 'apId': '588a3fc043c33c0580231c7f', 'lockToHNGroup': False, 'backhaulConnection': 'Wired', 'ssidType': 'NORMAL', 'apSSID': 'SON VOWIFI', 'apMacAddress': '04:bf:6d:5e:12:95', 'parentRadio': None, 'apPrimMacAddress': '04:bf:6d:5e:12:97', 'parentSSID': None, 'radio': '5 GHz', 'parentMacAddress': ''}]"
2019-03-27 07:45:01,Residence Phase 4,True,3d974bd2-d415-4f1a-88c1-8c9d88969d9c,1c8a4cf1-f730-4d39-86af-a4454c659e2f,Groupe ETS,0,[]
2019-03-27 07:45:01,,True,624b3fb6-e41f-483f-b763-e8e117c6f64a,cc7ae08e-dd05-4c89-8d74-d4bca0f7fd60,Francis R,0,"[{'apName': 'AP SON Francis', 'apHNRole': '', 'apId': '58878af043c33c0580231c61', 'lockToHNGroup': True, 'backhaulConnection': 'Wired', 'ssidType': 'NORMAL', 'apSSID': 'SON', 'apMacAddress': '04:bf:6d:5e:12:9c', 'parentRadio': None, 'apPrimMacAddress': '04:bf:6d:5e:12:9f', 'parentSSID': None, 'radio': '2.4 GHz', 'parentMacAddress': ''}, {'apName': 'AP SON Francis', 'apHNRole': '', 'apId': '58878af043c33c0580231c61', 'lockToHNGroup': True, 'backhaulConnection': 'Wired', 'ssidType': 'NORMAL', 'apSSID': 'SON', 'apMacAddress': '04:bf:6d:5e:12:9d', 'parentRadio': None, 'apPrimMacAddress': '04:bf:6d:5e:12:9f', 'parentSSID': None, 'radio': '5 GHz', 'parentMacAddress': ''}]"
2019-03-27 07:45:01,,True,6cb57c27-e491-4465-92b3-9d1deb4d951a,c40991a0-d887-401b-8174-bf3b2ab1ec11,Group Zyxel SON,0,"[{'apName': 'AP-SON-A-BRIDGE', 'apHNRole': '', 'apId': '58f8bbe443c33c059f9dc661', 'lockToHNGroup': False, 'backhaulConnection': 'Wired', 'ssidType': 'NORMAL', 'apSSID': 'test', 'apMacAddress': '04:bf:6d:5e:26:85', 'parentRadio': None, 'apPrimMacAddress': '04:bf:6d:5e:26:87', 'parentSSID': None, 'radio': '5 GHz', 'parentMacAddress': ''}, {'apName': 'AP-SON-A-BRIDGE', 'apHNRole': '', 'apId': '58f8bbe443c33c059f9dc661', 'lockToHNGroup': False, 'backhaulConnection': 'Wired', 'ssidType': 'NORMAL', 'apSSID': 'test', 'apMacAddress': '04:bf:6d:5e:26:84', 'parentRadio': None, 'apPrimMacAddress': '04:bf:6d:5e:26:87', 'parentSSID': None, 'radio': '2.4 GHz', 'parentMacAddress': ''}]"
2019-03-27 08:45:02,,True,3c57e65b-1f27-4dfd-96fc-407c64fdc07b,e79bc95a-27da-4b20-b9a2-c7768bdeb848,MJ,0,[]
2019-03-27 08:45:02,,True,d3fa6246-33eb-4653-be98-3ae01b4d7ced,cc4bdb92-01ed-4acd-972a-f0faedc4344d,612,0,"[{'apHNRole': '', 'lockToHNGroup': False, 'apId': '588a3fc043c33c0580231c7f', 'parentMacAddress': '', 'apSSID': 'SON VOWIFI', 'ssidType': 'NORMAL', 'radio': '5 GHz', 'apPrimMacAddress': '04:bf:6d:5e:12:97', 'backhaulConnection': 'Wired', 'apName': 'AP-SON-A', 'parentSSID': None, 'apMacAddress': '04:bf:6d:5e:12:95', 'parentRadio': None}]"
2019-03-27 08:45:02,Residence Phase 4,True,3d974bd2-d415-4f1a-88c1-8c9d88969d9c,1c8a4cf1-f730-4d39-86af-a4454c659e2f,Groupe ETS,0,[]
2019-03-27 08:45:02,,True,624b3fb6-e41f-483f-b763-e8e117c6f64a,cc7ae08e-dd05-4c89-8d74-d4bca0f7fd60,Francis R,0,"[{'apHNRole': '', 'lockToHNGroup': True, 'apId': '58878af043c33c0580231c61', 'parentMacAddress': '', 'apSSID': 'SON', 'ssidType': 'NORMAL', 'radio': '2.4 GHz', 'apPrimMacAddress': '04:bf:6d:5e:12:9f', 'backhaulConnection': 'Wired', 'apName': 'AP SON Francis', 'parentSSID': None, 'apMacAddress': '04:bf:6d:5e:12:9c', 'parentRadio': None}, {'apHNRole': '', 'lockToHNGroup': True, 'apId': '58878af043c33c0580231c61', 'parentMacAddress': '', 'apSSID': 'SON', 'ssidType': 'NORMAL', 'radio': '5 GHz', 'apPrimMacAddress': '04:bf:6d:5e:12:9f', 'backhaulConnection': 'Wired', 'apName': 'AP SON Francis', 'parentSSID': None, 'apMacAddress': '04:bf:6d:5e:12:9d', 'parentRadio': None}]"
2019-03-27 08:45:02,,True,6cb57c27-e491-4465-92b3-9d1deb4d951a,c40991a0-d887-401b-8174-bf3b2ab1ec11,Group Zyxel SON,0,"[{'apHNRole': '', 'lockToHNGroup': False, 'apId': '58f8bbe443c33c059f9dc661', 'parentMacAddress': '', 'apSSID': 'test', 'ssidType': 'NORMAL', 'radio': '5 GHz', 'apPrimMacAddress': '04:bf:6d:5e:26:87', 'backhaulConnection': 'Wired', 'apName': 'AP-SON-A-BRIDGE', 'parentSSID': None, 'apMacAddress': '04:bf:6d:5e:26:85', 'parentRadio': None}, {'apHNRole': '', 'lockToHNGroup': False, 'apId': '58f8bbe443c33c059f9dc661', 'parentMacAddress': '', 'apSSID': 'test', 'ssidType': 'NORMAL', 'radio': '2.4 GHz', 'apPrimMacAddress': '04:bf:6d:5e:26:87', 'backhaulConnection': 'Wired', 'apName': 'AP-SON-A-BRIDGE', 'parentSSID': None, 'apMacAddress': '04:bf:6d:5e:26:84', 'parentRadio': None}]"
2019-03-27 09:45:01,,True,3c57e65b-1f27-4dfd-96fc-407c64fdc07b,e79bc95a-27da-4b20-b9a2-c7768bdeb848,MJ,0,[]
2019-03-27 09:45:01,,True,d3fa6246-33eb-4653-be98-3ae01b4d7ced,cc4bdb92-01ed-4acd-972a-f0faedc4344d,612,0,"[{'apSSID': 'SON VOWIFI', 'parentRadio': None, 'apMacAddress': '04:bf:6d:5e:12:95', 'parentSSID': None, 'apHNRole': '', 'backhaulConnection': 'Wired', 'apId': '588a3fc043c33c0580231c7f', 'apPrimMacAddress': '04:bf:6d:5e:12:97', 'radio': '5 GHz', 'ssidType': 'NORMAL', 'apName': 'AP-SON-A', 'lockToHNGroup': False, 'parentMacAddress': ''}]"
2019-03-27 09:45:01,Residence Phase 4,True,3d974bd2-d415-4f1a-88c1-8c9d88969d9c,1c8a4cf1-f730-4d39-86af-a4454c659e2f,Groupe ETS,0,[]
2019-03-27 09:45:01,,True,624b3fb6-e41f-483f-b763-e8e117c6f64a,cc7ae08e-dd05-4c89-8d74-d4bca0f7fd60,Francis R,0,"[{'apSSID': 'SON', 'parentRadio': None, 'apMacAddress': '04:bf:6d:5e:12:9c', 'parentSSID': None, 'apHNRole': '', 'backhaulConnection': 'Wired', 'apId': '58878af043c33c0580231c61', 'apPrimMacAddress': '04:bf:6d:5e:12:9f', 'radio': '2.4 GHz', 'ssidType': 'NORMAL', 'apName': 'AP SON Francis', 'lockToHNGroup': True, 'parentMacAddress': ''}, {'apSSID': 'SON', 'parentRadio': None, 'apMacAddress': '04:bf:6d:5e:12:9d', 'parentSSID': None, 'apHNRole': '', 'backhaulConnection': 'Wired', 'apId': '58878af043c33c0580231c61', 'apPrimMacAddress': '04:bf:6d:5e:12:9f', 'radio': '5 GHz', 'ssidType': 'NORMAL', 'apName': 'AP SON Francis', 'lockToHNGroup': True, 'parentMacAddress': ''}]"
2019-03-27 09:45:01,,True,6cb57c27-e491-4465-92b3-9d1deb4d951a,c40991a0-d887-401b-8174-bf3b2ab1ec11,Group Zyxel SON,0,"[{'apSSID': 'test', 'parentRadio': None, 'apMacAddress': '04:bf:6d:5e:26:85', 'parentSSID': None, 'apHNRole': '', 'backhaulConnection': 'Wired', 'apId': '58f8bbe443c33c059f9dc661', 'apPrimMacAddress': '04:bf:6d:5e:26:87', 'radio': '5 GHz', 'ssidType': 'NORMAL', 'apName': 'AP-SON-A-BRIDGE', 'lockToHNGroup': False, 'parentMacAddress': ''}, {'apSSID': 'test', 'parentRadio': None, 'apMacAddress': '04:bf:6d:5e:26:84', 'parentSSID': None, 'apHNRole': '', 'backhaulConnection': 'Wired', 'apId': '58f8bbe443c33c059f9dc661', 'apPrimMacAddress': '04:bf:6d:5e:26:87', 'radio': '2.4 GHz', 'ssidType': 'NORMAL', 'apName': 'AP-SON-A-BRIDGE', 'lockToHNGroup': False, 'parentMacAddress': ''}]"
2019-03-27 10:45:02,,True,3c57e65b-1f27-4dfd-96fc-407c64fdc07b,e79bc95a-27da-4b20-b9a2-c7768bdeb848,MJ,0,[]
2019-03-27 10:45:02,,True,d3fa6246-33eb-4653-be98-3ae01b4d7ced,cc4bdb92-01ed-4acd-972a-f0faedc4344d,612,0,"[{'apHNRole': '', 'parentMacAddress': '', 'parentRadio': None, 'lockToHNGroup': False, 'apSSID': 'SON VOWIFI', 'apMacAddress': '04:bf:6d:5e:12:95', 'backhaulConnection': 'Wired', 'apName': 'AP-SON-A', 'radio': '5 GHz', 'apPrimMacAddress': '04:bf:6d:5e:12:97', 'parentSSID': None, 'ssidType': 'NORMAL', 'apId': '588a3fc043c33c0580231c7f'}]"
2019-03-27 10:45:02,Residence Phase 4,True,3d974bd2-d415-4f1a-88c1-8c9d88969d9c,1c8a4cf1-f730-4d39-86af-a4454c659e2f,Groupe ETS,0,[]
2019-03-27 10:45:02,,True,624b3fb6-e41f-483f-b763-e8e117c6f64a,cc7ae08e-dd05-4c89-8d74-d4bca0f7fd60,Francis R,0,"[{'apHNRole': '', 'parentMacAddress': '', 'parentRadio': None, 'lockToHNGroup': True, 'apSSID': 'SON', 'apMacAddress': '04:bf:6d:5e:12:9c', 'backhaulConnection': 'Wired', 'apName': 'AP SON Francis', 'radio': '2.4 GHz', 'apPrimMacAddress': '04:bf:6d:5e:12:9f', 'parentSSID': None, 'ssidType': 'NORMAL', 'apId': '58878af043c33c0580231c61'}, {'apHNRole': '', 'parentMacAddress': '', 'parentRadio': None, 'lockToHNGroup': True, 'apSSID': 'SON', 'apMacAddress': '04:bf:6d:5e:12:9d', 'backhaulConnection': 'Wired', 'apName': 'AP SON Francis', 'radio': '5 GHz', 'apPrimMacAddress': '04:bf:6d:5e:12:9f', 'parentSSID': None, 'ssidType': 'NORMAL', 'apId': '58878af043c33c0580231c61'}]"
2019-03-27 10:45:02,,True,6cb57c27-e491-4465-92b3-9d1deb4d951a,c40991a0-d887-401b-8174-bf3b2ab1ec11,Group Zyxel SON,0,"[{'apHNRole': '', 'parentMacAddress': '', 'parentRadio': None, 'lockToHNGroup': False, 'apSSID': 'test', 'apMacAddress': '04:bf:6d:5e:26:85', 'backhaulConnection': 'Wired', 'apName': 'AP-SON-A-BRIDGE', 'radio': '5 GHz', 'apPrimMacAddress': '04:bf:6d:5e:26:87', 'parentSSID': None, 'ssidType': 'NORMAL', 'apId': '58f8bbe443c33c059f9dc661'}, {'apHNRole': '', 'parentMacAddress': '', 'parentRadio': None, 'lockToHNGroup': False, 'apSSID': 'test', 'apMacAddress': '04:bf:6d:5e:26:84', 'backhaulConnection': 'Wired', 'apName': 'AP-SON-A-BRIDGE', 'radio': '2.4 GHz', 'apPrimMacAddress': '04:bf:6d:5e:26:87', 'parentSSID': None, 'ssidType': 'NORMAL', 'apId': '58f8bbe443c33c059f9dc661'}]"
2019-03-27 11:45:01,,True,3c57e65b-1f27-4dfd-96fc-407c64fdc07b,e79bc95a-27da-4b20-b9a2-c7768bdeb848,MJ,0,[]
2019-03-27 11:45:01,,True,d3fa6246-33eb-4653-be98-3ae01b4d7ced,cc4bdb92-01ed-4acd-972a-f0faedc4344d,612,0,"[{'backhaulConnection': 'Wired', 'apPrimMacAddress': '04:bf:6d:5e:12:97', 'ssidType': 'NORMAL', 'apHNRole': '', 'parentRadio': None, 'apId': '588a3fc043c33c0580231c7f', 'radio': '5 GHz', 'lockToHNGroup': False, 'apMacAddress': '04:bf:6d:5e:12:95', 'parentMacAddress': '', 'apSSID': 'SON VOWIFI', 'apName': 'AP-SON-A', 'parentSSID': None}]"
2019-03-27 11:45:01,Residence Phase 4,True,3d974bd2-d415-4f1a-88c1-8c9d88969d9c,1c8a4cf1-f730-4d39-86af-a4454c659e2f,Groupe ETS,0,[]
2019-03-27 11:45:01,,True,624b3fb6-e41f-483f-b763-e8e117c6f64a,cc7ae08e-dd05-4c89-8d74-d4bca0f7fd60,Francis R,0,"[{'backhaulConnection': 'Wired', 'apPrimMacAddress': '04:bf:6d:5e:12:9f', 'ssidType': 'NORMAL', 'apHNRole': '', 'parentRadio': None, 'apId': '58878af043c33c0580231c61', 'radio': '2.4 GHz', 'lockToHNGroup': True, 'apMacAddress': '04:bf:6d:5e:12:9c', 'parentMacAddress': '', 'apSSID': 'SON', 'apName': 'AP SON Francis', 'parentSSID': None}, {'backhaulConnection': 'Wired', 'apPrimMacAddress': '04:bf:6d:5e:12:9f', 'ssidType': 'NORMAL', 'apHNRole': '', 'parentRadio': None, 'apId': '58878af043c33c0580231c61', 'radio': '5 GHz', 'lockToHNGroup': True, 'apMacAddress': '04:bf:6d:5e:12:9d', 'parentMacAddress': '', 'apSSID': 'SON', 'apName': 'AP SON Francis', 'parentSSID': None}]"
2019-03-27 11:45:01,,True,6cb57c27-e491-4465-92b3-9d1deb4d951a,c40991a0-d887-401b-8174-bf3b2ab1ec11,Group Zyxel SON,0,"[{'backhaulConnection': 'Wired', 'apPrimMacAddress': '04:bf:6d:5e:26:87', 'ssidType': 'NORMAL', 'apHNRole': '', 'parentRadio': None, 'apId': '58f8bbe443c33c059f9dc661', 'radio': '5 GHz', 'lockToHNGroup': False, 'apMacAddress': '04:bf:6d:5e:26:85', 'parentMacAddress': '', 'apSSID': 'test', 'apName': 'AP-SON-A-BRIDGE', 'parentSSID': None}, {'backhaulConnection': 'Wired', 'apPrimMacAddress': '04:bf:6d:5e:26:87', 'ssidType': 'NORMAL', 'apHNRole': '', 'parentRadio': None, 'apId': '58f8bbe443c33c059f9dc661', 'radio': '2.4 GHz', 'lockToHNGroup': False, 'apMacAddress': '04:bf:6d:5e:26:84', 'parentMacAddress': '', 'apSSID': 'test', 'apName': 'AP-SON-A-BRIDGE', 'parentSSID': None}]"
2019-03-27 12:45:01,,True,3c57e65b-1f27-4dfd-96fc-407c64fdc07b,e79bc95a-27da-4b20-b9a2-c7768bdeb848,MJ,0,[]
2019-03-27 12:45:01,,True,d3fa6246-33eb-4653-be98-3ae01b4d7ced,cc4bdb92-01ed-4acd-972a-f0faedc4344d,612,0,"[{'backhaulConnection': 'Wired', 'apSSID': 'SON VOWIFI', 'apName': 'AP-SON-A', 'parentRadio': None, 'radio': '5 GHz', 'parentSSID': None, 'apHNRole': '', 'apPrimMacAddress': '04:bf:6d:5e:12:97', 'apId': '588a3fc043c33c0580231c7f', 'ssidType': 'NORMAL', 'parentMacAddress': '', 'apMacAddress': '04:bf:6d:5e:12:95', 'lockToHNGroup': False}]"
2019-03-27 12:45:01,Residence Phase 4,True,3d974bd2-d415-4f1a-88c1-8c9d88969d9c,1c8a4cf1-f730-4d39-86af-a4454c659e2f,Groupe ETS,0,[]
2019-03-27 12:45:01,,True,624b3fb6-e41f-483f-b763-e8e117c6f64a,cc7ae08e-dd05-4c89-8d74-d4bca0f7fd60,Francis R,0,"[{'backhaulConnection': 'Wired', 'apSSID': 'SON', 'apName': 'AP SON Francis', 'parentRadio': None, 'radio': '2.4 GHz', 'parentSSID': None, 'apHNRole': '', 'apPrimMacAddress': '04:bf:6d:5e:12:9f', 'apId': '58878af043c33c0580231c61', 'ssidType': 'NORMAL', 'parentMacAddress': '', 'apMacAddress': '04:bf:6d:5e:12:9c', 'lockToHNGroup': True}, {'backhaulConnection': 'Wired', 'apSSID': 'SON', 'apName': 'AP SON Francis', 'parentRadio': None, 'radio': '5 GHz', 'parentSSID': None, 'apHNRole': '', 'apPrimMacAddress': '04:bf:6d:5e:12:9f', 'apId': '58878af043c33c0580231c61', 'ssidType': 'NORMAL', 'parentMacAddress': '', 'apMacAddress': '04:bf:6d:5e:12:9d', 'lockToHNGroup': True}]"
2019-03-27 12:45:01,,True,6cb57c27-e491-4465-92b3-9d1deb4d951a,c40991a0-d887-401b-8174-bf3b2ab1ec11,Group Zyxel SON,0,"[{'backhaulConnection': 'Wired', 'apSSID': 'test', 'apName': 'AP-SON-A-BRIDGE', 'parentRadio': None, 'radio': '5 GHz', 'parentSSID': None, 'apHNRole': '', 'apPrimMacAddress': '04:bf:6d:5e:26:87', 'apId': '58f8bbe443c33c059f9dc661', 'ssidType': 'NORMAL', 'parentMacAddress': '', 'apMacAddress': '04:bf:6d:5e:26:85', 'lockToHNGroup': False}, {'backhaulConnection': 'Wired', 'apSSID': 'test', 'apName': 'AP-SON-A-BRIDGE', 'parentRadio': None, 'radio': '2.4 GHz', 'parentSSID': None, 'apHNRole': '', 'apPrimMacAddress': '04:bf:6d:5e:26:87', 'apId': '58f8bbe443c33c059f9dc661', 'ssidType': 'NORMAL', 'parentMacAddress': '', 'apMacAddress': '04:bf:6d:5e:26:84', 'lockToHNGroup': False}]"
2019-03-27 13:45:02,,True,3c57e65b-1f27-4dfd-96fc-407c64fdc07b,e79bc95a-27da-4b20-b9a2-c7768bdeb848,MJ,0,[]
2019-03-27 13:45:02,,True,d3fa6246-33eb-4653-be98-3ae01b4d7ced,cc4bdb92-01ed-4acd-972a-f0faedc4344d,612,0,"[{'apName': 'AP-SON-A', 'parentSSID': None, 'backhaulConnection': 'Wired', 'parentRadio': None, 'lockToHNGroup': False, 'parentMacAddress': '', 'apPrimMacAddress': '04:bf:6d:5e:12:97', 'ssidType': 'NORMAL', 'apMacAddress': '04:bf:6d:5e:12:95', 'apId': '588a3fc043c33c0580231c7f', 'apSSID': 'SON VOWIFI', 'radio': '5 GHz', 'apHNRole': ''}]"
2019-03-27 13:45:02,Residence Phase 4,True,3d974bd2-d415-4f1a-88c1-8c9d88969d9c,1c8a4cf1-f730-4d39-86af-a4454c659e2f,Groupe ETS,0,[]
2019-03-27 13:45:02,,True,624b3fb6-e41f-483f-b763-e8e117c6f64a,cc7ae08e-dd05-4c89-8d74-d4bca0f7fd60,Francis R,0,"[{'apName': 'AP SON Francis', 'parentSSID': None, 'backhaulConnection': 'Wired', 'parentRadio': None, 'lockToHNGroup': True, 'parentMacAddress': '', 'apPrimMacAddress': '04:bf:6d:5e:12:9f', 'ssidType': 'NORMAL', 'apMacAddress': '04:bf:6d:5e:12:9c', 'apId': '58878af043c33c0580231c61', 'apSSID': 'SON', 'radio': '2.4 GHz', 'apHNRole': ''}, {'apName': 'AP SON Francis', 'parentSSID': None, 'backhaulConnection': 'Wired', 'parentRadio': None, 'lockToHNGroup': True, 'parentMacAddress': '', 'apPrimMacAddress': '04:bf:6d:5e:12:9f', 'ssidType': 'NORMAL', 'apMacAddress': '04:bf:6d:5e:12:9d', 'apId': '58878af043c33c0580231c61', 'apSSID': 'SON', 'radio': '5 GHz', 'apHNRole': ''}]"
2019-03-27 13:45:02,,True,6cb57c27-e491-4465-92b3-9d1deb4d951a,c40991a0-d887-401b-8174-bf3b2ab1ec11,Group Zyxel SON,0,"[{'apName': 'AP-SON-A-BRIDGE', 'parentSSID': None, 'backhaulConnection': 'Wired', 'parentRadio': None, 'lockToHNGroup': False, 'parentMacAddress': '', 'apPrimMacAddress': '04:bf:6d:5e:26:87', 'ssidType': 'NORMAL', 'apMacAddress': '04:bf:6d:5e:26:85', 'apId': '58f8bbe443c33c059f9dc661', 'apSSID': 'test', 'radio': '5 GHz', 'apHNRole': ''}, {'apName': 'AP-SON-A-BRIDGE', 'parentSSID': None, 'backhaulConnection': 'Wired', 'parentRadio': None, 'lockToHNGroup': False, 'parentMacAddress': '', 'apPrimMacAddress': '04:bf:6d:5e:26:87', 'ssidType': 'NORMAL', 'apMacAddress': '04:bf:6d:5e:26:84', 'apId': '58f8bbe443c33c059f9dc661', 'apSSID': 'test', 'radio': '2.4 GHz', 'apHNRole': ''}]"
2019-03-27 14:45:01,,True,3c57e65b-1f27-4dfd-96fc-407c64fdc07b,e79bc95a-27da-4b20-b9a2-c7768bdeb848,MJ,0,[]
2019-03-27 14:45:01,,True,d3fa6246-33eb-4653-be98-3ae01b4d7ced,cc4bdb92-01ed-4acd-972a-f0faedc4344d,612,0,"[{'backhaulConnection': 'Wired', 'lockToHNGroup': False, 'apMacAddress': '04:bf:6d:5e:12:95', 'parentSSID': None, 'radio': '5 GHz', 'apPrimMacAddress': '04:bf:6d:5e:12:97', 'parentRadio': None, 'parentMacAddress': '', 'ssidType': 'NORMAL', 'apSSID': 'SON VOWIFI', 'apHNRole': '', 'apName': 'AP-SON-A', 'apId': '588a3fc043c33c0580231c7f'}]"
2019-03-27 14:45:01,Residence Phase 4,True,3d974bd2-d415-4f1a-88c1-8c9d88969d9c,1c8a4cf1-f730-4d39-86af-a4454c659e2f,Groupe ETS,0,[]
2019-03-27 14:45:01,,True,624b3fb6-e41f-483f-b763-e8e117c6f64a,cc7ae08e-dd05-4c89-8d74-d4bca0f7fd60,Francis R,0,"[{'backhaulConnection': 'Wired', 'lockToHNGroup': True, 'apMacAddress': '04:bf:6d:5e:12:9c', 'parentSSID': None, 'radio': '2.4 GHz', 'apPrimMacAddress': '04:bf:6d:5e:12:9f', 'parentRadio': None, 'parentMacAddress': '', 'ssidType': 'NORMAL', 'apSSID': 'SON', 'apHNRole': '', 'apName': 'AP SON Francis', 'apId': '58878af043c33c0580231c61'}, {'backhaulConnection': 'Wired', 'lockToHNGroup': True, 'apMacAddress': '04:bf:6d:5e:12:9d', 'parentSSID': None, 'radio': '5 GHz', 'apPrimMacAddress': '04:bf:6d:5e:12:9f', 'parentRadio': None, 'parentMacAddress': '', 'ssidType': 'NORMAL', 'apSSID': 'SON', 'apHNRole': '', 'apName': 'AP SON Francis', 'apId': '58878af043c33c0580231c61'}]"
2019-03-27 14:45:01,,True,6cb57c27-e491-4465-92b3-9d1deb4d951a,c40991a0-d887-401b-8174-bf3b2ab1ec11,Group Zyxel SON,0,"[{'backhaulConnection': 'Wired', 'lockToHNGroup': False, 'apMacAddress': '04:bf:6d:5e:26:85', 'parentSSID': None, 'radio': '5 GHz', 'apPrimMacAddress': '04:bf:6d:5e:26:87', 'parentRadio': None, 'parentMacAddress': '', 'ssidType': 'NORMAL', 'apSSID': 'test', 'apHNRole': '', 'apName': 'AP-SON-A-BRIDGE', 'apId': '58f8bbe443c33c059f9dc661'}, {'backhaulConnection': 'Wired', 'lockToHNGroup': False, 'apMacAddress': '04:bf:6d:5e:26:84', 'parentSSID': None, 'radio': '2.4 GHz', 'apPrimMacAddress': '04:bf:6d:5e:26:87', 'parentRadio': None, 'parentMacAddress': '', 'ssidType': 'NORMAL', 'apSSID': 'test', 'apHNRole': '', 'apName': 'AP-SON-A-BRIDGE', 'apId': '58f8bbe443c33c059f9dc661'}]"
2019-03-27 15:45:02,,True,3c57e65b-1f27-4dfd-96fc-407c64fdc07b,e79bc95a-27da-4b20-b9a2-c7768bdeb848,MJ,0,[]
2019-03-27 15:45:02,,True,d3fa6246-33eb-4653-be98-3ae01b4d7ced,cc4bdb92-01ed-4acd-972a-f0faedc4344d,612,0,"[{'apPrimMacAddress': '04:bf:6d:5e:12:97', 'apMacAddress': '04:bf:6d:5e:12:95', 'radio': '5 GHz', 'apHNRole': '', 'ssidType': 'NORMAL', 'backhaulConnection': 'Wired', 'parentSSID': None, 'lockToHNGroup': False, 'parentRadio': None, 'parentMacAddress': '', 'apName': 'AP-SON-A', 'apId': '588a3fc043c33c0580231c7f', 'apSSID': 'SON VOWIFI'}]"
2019-03-27 15:45:02,Residence Phase 4,True,3d974bd2-d415-4f1a-88c1-8c9d88969d9c,1c8a4cf1-f730-4d39-86af-a4454c659e2f,Groupe ETS,0,[]
2019-03-27 15:45:02,,True,624b3fb6-e41f-483f-b763-e8e117c6f64a,cc7ae08e-dd05-4c89-8d74-d4bca0f7fd60,Francis R,0,"[{'apPrimMacAddress': '04:bf:6d:5e:12:9f', 'apMacAddress': '04:bf:6d:5e:12:9c', 'radio': '2.4 GHz', 'apHNRole': '', 'ssidType': 'NORMAL', 'backhaulConnection': 'Wired', 'parentSSID': None, 'lockToHNGroup': True, 'parentRadio': None, 'parentMacAddress': '', 'apName': 'AP SON Francis', 'apId': '58878af043c33c0580231c61', 'apSSID': 'SON'}, {'apPrimMacAddress': '04:bf:6d:5e:12:9f', 'apMacAddress': '04:bf:6d:5e:12:9d', 'radio': '5 GHz', 'apHNRole': '', 'ssidType': 'NORMAL', 'backhaulConnection': 'Wired', 'parentSSID': None, 'lockToHNGroup': True, 'parentRadio': None, 'parentMacAddress': '', 'apName': 'AP SON Francis', 'apId': '58878af043c33c0580231c61', 'apSSID': 'SON'}]"
2019-03-27 15:45:02,,True,6cb57c27-e491-4465-92b3-9d1deb4d951a,c40991a0-d887-401b-8174-bf3b2ab1ec11,Group Zyxel SON,0,"[{'apPrimMacAddress': '04:bf:6d:5e:26:87', 'apMacAddress': '04:bf:6d:5e:26:85', 'radio': '5 GHz', 'apHNRole': '', 'ssidType': 'NORMAL', 'backhaulConnection': 'Wired', 'parentSSID': None, 'lockToHNGroup': False, 'parentRadio': None, 'parentMacAddress': '', 'apName': 'AP-SON-A-BRIDGE', 'apId': '58f8bbe443c33c059f9dc661', 'apSSID': 'test'}, {'apPrimMacAddress': '04:bf:6d:5e:26:87', 'apMacAddress': '04:bf:6d:5e:26:84', 'radio': '2.4 GHz', 'apHNRole': '', 'ssidType': 'NORMAL', 'backhaulConnection': 'Wired', 'parentSSID': None, 'lockToHNGroup': False, 'parentRadio': None, 'parentMacAddress': '', 'apName': 'AP-SON-A-BRIDGE', 'apId': '58f8bbe443c33c059f9dc661', 'apSSID': 'test'}]"
2019-03-27 16:45:01,,True,3c57e65b-1f27-4dfd-96fc-407c64fdc07b,e79bc95a-27da-4b20-b9a2-c7768bdeb848,MJ,0,[]
2019-03-27 16:45:01,,True,d3fa6246-33eb-4653-be98-3ae01b4d7ced,cc4bdb92-01ed-4acd-972a-f0faedc4344d,612,0,"[{'apSSID': 'SON VOWIFI', 'apPrimMacAddress': '04:bf:6d:5e:12:97', 'apName': 'AP-SON-A', 'backhaulConnection': 'Wired', 'parentMacAddress': '', 'parentSSID': None, 'radio': '5 GHz', 'apId': '588a3fc043c33c0580231c7f', 'apMacAddress': '04:bf:6d:5e:12:95', 'lockToHNGroup': False, 'parentRadio': None, 'ssidType': 'NORMAL', 'apHNRole': ''}]"
2019-03-27 16:45:01,Residence Phase 4,True,3d974bd2-d415-4f1a-88c1-8c9d88969d9c,1c8a4cf1-f730-4d39-86af-a4454c659e2f,Groupe ETS,0,[]
2019-03-27 16:45:01,,True,624b3fb6-e41f-483f-b763-e8e117c6f64a,cc7ae08e-dd05-4c89-8d74-d4bca0f7fd60,Francis R,0,"[{'apSSID': 'SON', 'apPrimMacAddress': '04:bf:6d:5e:12:9f', 'apName': 'AP SON Francis', 'backhaulConnection': 'Wired', 'parentMacAddress': '', 'parentSSID': None, 'radio': '2.4 GHz', 'apId': '58878af043c33c0580231c61', 'apMacAddress': '04:bf:6d:5e:12:9c', 'lockToHNGroup': True, 'parentRadio': None, 'ssidType': 'NORMAL', 'apHNRole': ''}, {'apSSID': 'SON', 'apPrimMacAddress': '04:bf:6d:5e:12:9f', 'apName': 'AP SON Francis', 'backhaulConnection': 'Wired', 'parentMacAddress': '', 'parentSSID': None, 'radio': '5 GHz', 'apId': '58878af043c33c0580231c61', 'apMacAddress': '04:bf:6d:5e:12:9d', 'lockToHNGroup': True, 'parentRadio': None, 'ssidType': 'NORMAL', 'apHNRole': ''}]"
2019-03-27 16:45:01,,True,6cb57c27-e491-4465-92b3-9d1deb4d951a,c40991a0-d887-401b-8174-bf3b2ab1ec11,Group Zyxel SON,0,"[{'apSSID': 'test', 'apPrimMacAddress': '04:bf:6d:5e:26:87', 'apName': 'AP-SON-A-BRIDGE', 'backhaulConnection': 'Wired', 'parentMacAddress': '', 'parentSSID': None, 'radio': '5 GHz', 'apId': '58f8bbe443c33c059f9dc661', 'apMacAddress': '04:bf:6d:5e:26:85', 'lockToHNGroup': False, 'parentRadio': None, 'ssidType': 'NORMAL', 'apHNRole': ''}, {'apSSID': 'test', 'apPrimMacAddress': '04:bf:6d:5e:26:87', 'apName': 'AP-SON-A-BRIDGE', 'backhaulConnection': 'Wired', 'parentMacAddress': '', 'parentSSID': None, 'radio': '2.4 GHz', 'apId': '58f8bbe443c33c059f9dc661', 'apMacAddress': '04:bf:6d:5e:26:84', 'lockToHNGroup': False, 'parentRadio': None, 'ssidType': 'NORMAL', 'apHNRole': ''}]"
2019-03-27 17:45:02,,True,3c57e65b-1f27-4dfd-96fc-407c64fdc07b,e79bc95a-27da-4b20-b9a2-c7768bdeb848,MJ,0,[]
2019-03-27 17:45:02,,True,d3fa6246-33eb-4653-be98-3ae01b4d7ced,cc4bdb92-01ed-4acd-972a-f0faedc4344d,612,0,"[{'apName': 'AP-SON-A', 'apMacAddress': '04:bf:6d:5e:12:95', 'radio': '5 GHz', 'backhaulConnection': 'Wired', 'parentRadio': None, 'lockToHNGroup': False, 'ssidType': 'NORMAL', 'apPrimMacAddress': '04:bf:6d:5e:12:97', 'apHNRole': '', 'apSSID': 'SON VOWIFI', 'parentMacAddress': '', 'parentSSID': None, 'apId': '588a3fc043c33c0580231c7f'}]"
2019-03-27 17:45:02,Residence Phase 4,True,3d974bd2-d415-4f1a-88c1-8c9d88969d9c,1c8a4cf1-f730-4d39-86af-a4454c659e2f,Groupe ETS,0,[]
2019-03-27 17:45:02,,True,624b3fb6-e41f-483f-b763-e8e117c6f64a,cc7ae08e-dd05-4c89-8d74-d4bca0f7fd60,Francis R,0,"[{'apName': 'AP SON Francis', 'apMacAddress': '04:bf:6d:5e:12:9c', 'radio': '2.4 GHz', 'backhaulConnection': 'Wired', 'parentRadio': None, 'lockToHNGroup': True, 'ssidType': 'NORMAL', 'apPrimMacAddress': '04:bf:6d:5e:12:9f', 'apHNRole': '', 'apSSID': 'SON', 'parentMacAddress': '', 'parentSSID': None, 'apId': '58878af043c33c0580231c61'}, {'apName': 'AP SON Francis', 'apMacAddress': '04:bf:6d:5e:12:9d', 'radio': '5 GHz', 'backhaulConnection': 'Wired', 'parentRadio': None, 'lockToHNGroup': True, 'ssidType': 'NORMAL', 'apPrimMacAddress': '04:bf:6d:5e:12:9f', 'apHNRole': '', 'apSSID': 'SON', 'parentMacAddress': '', 'parentSSID': None, 'apId': '58878af043c33c0580231c61'}]"
2019-03-27 17:45:02,,True,6cb57c27-e491-4465-92b3-9d1deb4d951a,c40991a0-d887-401b-8174-bf3b2ab1ec11,Group Zyxel SON,0,"[{'apName': 'AP-SON-A-BRIDGE', 'apMacAddress': '04:bf:6d:5e:26:85', 'radio': '5 GHz', 'backhaulConnection': 'Wired', 'parentRadio': None, 'lockToHNGroup': False, 'ssidType': 'NORMAL', 'apPrimMacAddress': '04:bf:6d:5e:26:87', 'apHNRole': '', 'apSSID': 'test', 'parentMacAddress': '', 'parentSSID': None, 'apId': '58f8bbe443c33c059f9dc661'}, {'apName': 'AP-SON-A-BRIDGE', 'apMacAddress': '04:bf:6d:5e:26:84', 'radio': '2.4 GHz', 'backhaulConnection': 'Wired', 'parentRadio': None, 'lockToHNGroup': False, 'ssidType': 'NORMAL', 'apPrimMacAddress': '04:bf:6d:5e:26:87', 'apHNRole': '', 'apSSID': 'test', 'parentMacAddress': '', 'parentSSID': None, 'apId': '58f8bbe443c33c059f9dc661'}]"
2019-03-27 18:45:01,,True,3c57e65b-1f27-4dfd-96fc-407c64fdc07b,e79bc95a-27da-4b20-b9a2-c7768bdeb848,MJ,0,[]
2019-03-27 18:45:01,,True,d3fa6246-33eb-4653-be98-3ae01b4d7ced,cc4bdb92-01ed-4acd-972a-f0faedc4344d,612,0,"[{'apPrimMacAddress': '04:bf:6d:5e:12:97', 'apMacAddress': '04:bf:6d:5e:12:95', 'lockToHNGroup': False, 'backhaulConnection': 'Wired', 'apSSID': 'SON VOWIFI', 'parentRadio': None, 'radio': '5 GHz', 'apId': '588a3fc043c33c0580231c7f', 'parentMacAddress': '', 'parentSSID': None, 'apName': 'AP-SON-A', 'ssidType': 'NORMAL', 'apHNRole': ''}]"
2019-03-27 18:45:01,Residence Phase 4,True,3d974bd2-d415-4f1a-88c1-8c9d88969d9c,1c8a4cf1-f730-4d39-86af-a4454c659e2f,Groupe ETS,0,[]
2019-03-27 18:45:01,,True,624b3fb6-e41f-483f-b763-e8e117c6f64a,cc7ae08e-dd05-4c89-8d74-d4bca0f7fd60,Francis R,0,"[{'apPrimMacAddress': '04:bf:6d:5e:12:9f', 'apMacAddress': '04:bf:6d:5e:12:9c', 'lockToHNGroup': True, 'backhaulConnection': 'Wired', 'apSSID': 'SON', 'parentRadio': None, 'radio': '2.4 GHz', 'apId': '58878af043c33c0580231c61', 'parentMacAddress': '', 'parentSSID': None, 'apName': 'AP SON Francis', 'ssidType': 'NORMAL', 'apHNRole': ''}, {'apPrimMacAddress': '04:bf:6d:5e:12:9f', 'apMacAddress': '04:bf:6d:5e:12:9d', 'lockToHNGroup': True, 'backhaulConnection': 'Wired', 'apSSID': 'SON', 'parentRadio': None, 'radio': '5 GHz', 'apId': '58878af043c33c0580231c61', 'parentMacAddress': '', 'parentSSID': None, 'apName': 'AP SON Francis', 'ssidType': 'NORMAL', 'apHNRole': ''}]"
2019-03-27 18:45:01,,True,6cb57c27-e491-4465-92b3-9d1deb4d951a,c40991a0-d887-401b-8174-bf3b2ab1ec11,Group Zyxel SON,0,"[{'apPrimMacAddress': '04:bf:6d:5e:26:87', 'apMacAddress': '04:bf:6d:5e:26:85', 'lockToHNGroup': False, 'backhaulConnection': 'Wired', 'apSSID': 'test', 'parentRadio': None, 'radio': '5 GHz', 'apId': '58f8bbe443c33c059f9dc661', 'parentMacAddress': '', 'parentSSID': None, 'apName': 'AP-SON-A-BRIDGE', 'ssidType': 'NORMAL', 'apHNRole': ''}, {'apPrimMacAddress': '04:bf:6d:5e:26:87', 'apMacAddress': '04:bf:6d:5e:26:84', 'lockToHNGroup': False, 'backhaulConnection': 'Wired', 'apSSID': 'test', 'parentRadio': None, 'radio': '2.4 GHz', 'apId': '58f8bbe443c33c059f9dc661', 'parentMacAddress': '', 'parentSSID': None, 'apName': 'AP-SON-A-BRIDGE', 'ssidType': 'NORMAL', 'apHNRole': ''}]"
2019-03-27 19:45:02,,True,3c57e65b-1f27-4dfd-96fc-407c64fdc07b,e79bc95a-27da-4b20-b9a2-c7768bdeb848,MJ,0,[]
2019-03-27 19:45:02,,True,d3fa6246-33eb-4653-be98-3ae01b4d7ced,cc4bdb92-01ed-4acd-972a-f0faedc4344d,612,0,"[{'apId': '588a3fc043c33c0580231c7f', 'parentSSID': None, 'apMacAddress': '04:bf:6d:5e:12:95', 'lockToHNGroup': False, 'ssidType': 'NORMAL', 'parentMacAddress': '', 'radio': '5 GHz', 'parentRadio': None, 'apName': 'AP-SON-A', 'apHNRole': '', 'apSSID': 'SON VOWIFI', 'backhaulConnection': 'Wired', 'apPrimMacAddress': '04:bf:6d:5e:12:97'}]"
2019-03-27 19:45:02,Residence Phase 4,True,3d974bd2-d415-4f1a-88c1-8c9d88969d9c,1c8a4cf1-f730-4d39-86af-a4454c659e2f,Groupe ETS,0,[]
2019-03-27 19:45:02,,True,624b3fb6-e41f-483f-b763-e8e117c6f64a,cc7ae08e-dd05-4c89-8d74-d4bca0f7fd60,Francis R,0,"[{'apId': '58878af043c33c0580231c61', 'parentSSID': None, 'apMacAddress': '04:bf:6d:5e:12:9c', 'lockToHNGroup': True, 'ssidType': 'NORMAL', 'parentMacAddress': '', 'radio': '2.4 GHz', 'parentRadio': None, 'apName': 'AP SON Francis', 'apHNRole': '', 'apSSID': 'SON', 'backhaulConnection': 'Wired', 'apPrimMacAddress': '04:bf:6d:5e:12:9f'}, {'apId': '58878af043c33c0580231c61', 'parentSSID': None, 'apMacAddress': '04:bf:6d:5e:12:9d', 'lockToHNGroup': True, 'ssidType': 'NORMAL', 'parentMacAddress': '', 'radio': '5 GHz', 'parentRadio': None, 'apName': 'AP SON Francis', 'apHNRole': '', 'apSSID': 'SON', 'backhaulConnection': 'Wired', 'apPrimMacAddress': '04:bf:6d:5e:12:9f'}]"
2019-03-27 19:45:02,,True,6cb57c27-e491-4465-92b3-9d1deb4d951a,c40991a0-d887-401b-8174-bf3b2ab1ec11,Group Zyxel SON,0,"[{'apId': '58f8bbe443c33c059f9dc661', 'parentSSID': None, 'apMacAddress': '04:bf:6d:5e:26:85', 'lockToHNGroup': False, 'ssidType': 'NORMAL', 'parentMacAddress': '', 'radio': '5 GHz', 'parentRadio': None, 'apName': 'AP-SON-A-BRIDGE', 'apHNRole': '', 'apSSID': 'test', 'backhaulConnection': 'Wired', 'apPrimMacAddress': '04:bf:6d:5e:26:87'}, {'apId': '58f8bbe443c33c059f9dc661', 'parentSSID': None, 'apMacAddress': '04:bf:6d:5e:26:84', 'lockToHNGroup': False, 'ssidType': 'NORMAL', 'parentMacAddress': '', 'radio': '2.4 GHz', 'parentRadio': None, 'apName': 'AP-SON-A-BRIDGE', 'apHNRole': '', 'apSSID': 'test', 'backhaulConnection': 'Wired', 'apPrimMacAddress': '04:bf:6d:5e:26:87'}]"
2019-03-27 20:45:01,,True,3c57e65b-1f27-4dfd-96fc-407c64fdc07b,e79bc95a-27da-4b20-b9a2-c7768bdeb848,MJ,0,[]
2019-03-27 20:45:01,,True,d3fa6246-33eb-4653-be98-3ae01b4d7ced,cc4bdb92-01ed-4acd-972a-f0faedc4344d,612,0,"[{'apSSID': 'SON VOWIFI', 'parentSSID': None, 'apHNRole': '', 'apMacAddress': '04:bf:6d:5e:12:95', 'backhaulConnection': 'Wired', 'apId': '588a3fc043c33c0580231c7f', 'apPrimMacAddress': '04:bf:6d:5e:12:97', 'parentMacAddress': '', 'lockToHNGroup': False, 'parentRadio': None, 'ssidType': 'NORMAL', 'radio': '5 GHz', 'apName': 'AP-SON-A'}]"
2019-03-27 20:45:01,Residence Phase 4,True,3d974bd2-d415-4f1a-88c1-8c9d88969d9c,1c8a4cf1-f730-4d39-86af-a4454c659e2f,Groupe ETS,0,[]
2019-03-27 20:45:01,,True,624b3fb6-e41f-483f-b763-e8e117c6f64a,cc7ae08e-dd05-4c89-8d74-d4bca0f7fd60,Francis R,0,"[{'apSSID': 'SON', 'parentSSID': None, 'apHNRole': '', 'apMacAddress': '04:bf:6d:5e:12:9c', 'backhaulConnection': 'Wired', 'apId': '58878af043c33c0580231c61', 'apPrimMacAddress': '04:bf:6d:5e:12:9f', 'parentMacAddress': '', 'lockToHNGroup': True, 'parentRadio': None, 'ssidType': 'NORMAL', 'radio': '2.4 GHz', 'apName': 'AP SON Francis'}, {'apSSID': 'SON', 'parentSSID': None, 'apHNRole': '', 'apMacAddress': '04:bf:6d:5e:12:9d', 'backhaulConnection': 'Wired', 'apId': '58878af043c33c0580231c61', 'apPrimMacAddress': '04:bf:6d:5e:12:9f', 'parentMacAddress': '', 'lockToHNGroup': True, 'parentRadio': None, 'ssidType': 'NORMAL', 'radio': '5 GHz', 'apName': 'AP SON Francis'}]"
2019-03-27 20:45:01,,True,6cb57c27-e491-4465-92b3-9d1deb4d951a,c40991a0-d887-401b-8174-bf3b2ab1ec11,Group Zyxel SON,0,"[{'apSSID': 'test', 'parentSSID': None, 'apHNRole': '', 'apMacAddress': '04:bf:6d:5e:26:85', 'backhaulConnection': 'Wired', 'apId': '58f8bbe443c33c059f9dc661', 'apPrimMacAddress': '04:bf:6d:5e:26:87', 'parentMacAddress': '', 'lockToHNGroup': False, 'parentRadio': None, 'ssidType': 'NORMAL', 'radio': '5 GHz', 'apName': 'AP-SON-A-BRIDGE'}, {'apSSID': 'test', 'parentSSID': None, 'apHNRole': '', 'apMacAddress': '04:bf:6d:5e:26:84', 'backhaulConnection': 'Wired', 'apId': '58f8bbe443c33c059f9dc661', 'apPrimMacAddress': '04:bf:6d:5e:26:87', 'parentMacAddress': '', 'lockToHNGroup': False, 'parentRadio': None, 'ssidType': 'NORMAL', 'radio': '2.4 GHz', 'apName': 'AP-SON-A-BRIDGE'}]"
2019-03-27 21:45:02,,True,3c57e65b-1f27-4dfd-96fc-407c64fdc07b,e79bc95a-27da-4b20-b9a2-c7768bdeb848,MJ,0,[]
2019-03-27 21:45:02,,True,d3fa6246-33eb-4653-be98-3ae01b4d7ced,cc4bdb92-01ed-4acd-972a-f0faedc4344d,612,0,"[{'lockToHNGroup': False, 'apPrimMacAddress': '04:bf:6d:5e:12:97', 'apSSID': 'SON VOWIFI', 'backhaulConnection': 'Wired', 'apId': '588a3fc043c33c0580231c7f', 'parentMacAddress': '', 'ssidType': 'NORMAL', 'apMacAddress': '04:bf:6d:5e:12:95', 'apHNRole': '', 'parentSSID': None, 'radio': '5 GHz', 'apName': 'AP-SON-A', 'parentRadio': None}]"
2019-03-27 21:45:02,Residence Phase 4,True,3d974bd2-d415-4f1a-88c1-8c9d88969d9c,1c8a4cf1-f730-4d39-86af-a4454c659e2f,Groupe ETS,0,[]
2019-03-27 21:45:02,,True,624b3fb6-e41f-483f-b763-e8e117c6f64a,cc7ae08e-dd05-4c89-8d74-d4bca0f7fd60,Francis R,0,"[{'lockToHNGroup': True, 'apPrimMacAddress': '04:bf:6d:5e:12:9f', 'apSSID': 'SON', 'backhaulConnection': 'Wired', 'apId': '58878af043c33c0580231c61', 'parentMacAddress': '', 'ssidType': 'NORMAL', 'apMacAddress': '04:bf:6d:5e:12:9c', 'apHNRole': '', 'parentSSID': None, 'radio': '2.4 GHz', 'apName': 'AP SON Francis', 'parentRadio': None}, {'lockToHNGroup': True, 'apPrimMacAddress': '04:bf:6d:5e:12:9f', 'apSSID': 'SON', 'backhaulConnection': 'Wired', 'apId': '58878af043c33c0580231c61', 'parentMacAddress': '', 'ssidType': 'NORMAL', 'apMacAddress': '04:bf:6d:5e:12:9d', 'apHNRole': '', 'parentSSID': None, 'radio': '5 GHz', 'apName': 'AP SON Francis', 'parentRadio': None}]"
2019-03-27 21:45:02,,True,6cb57c27-e491-4465-92b3-9d1deb4d951a,c40991a0-d887-401b-8174-bf3b2ab1ec11,Group Zyxel SON,0,"[{'lockToHNGroup': False, 'apPrimMacAddress': '04:bf:6d:5e:26:87', 'apSSID': 'test', 'backhaulConnection': 'Wired', 'apId': '58f8bbe443c33c059f9dc661', 'parentMacAddress': '', 'ssidType': 'NORMAL', 'apMacAddress': '04:bf:6d:5e:26:85', 'apHNRole': '', 'parentSSID': None, 'radio': '5 GHz', 'apName': 'AP-SON-A-BRIDGE', 'parentRadio': None}, {'lockToHNGroup': False, 'apPrimMacAddress': '04:bf:6d:5e:26:87', 'apSSID': 'test', 'backhaulConnection': 'Wired', 'apId': '58f8bbe443c33c059f9dc661', 'parentMacAddress': '', 'ssidType': 'NORMAL', 'apMacAddress': '04:bf:6d:5e:26:84', 'apHNRole': '', 'parentSSID': None, 'radio': '2.4 GHz', 'apName': 'AP-SON-A-BRIDGE', 'parentRadio': None}]"
2019-03-27 22:45:01,,True,3c57e65b-1f27-4dfd-96fc-407c64fdc07b,e79bc95a-27da-4b20-b9a2-c7768bdeb848,MJ,0,[]
2019-03-27 22:45:01,,True,d3fa6246-33eb-4653-be98-3ae01b4d7ced,cc4bdb92-01ed-4acd-972a-f0faedc4344d,612,0,"[{'apName': 'AP-SON-A', 'apPrimMacAddress': '04:bf:6d:5e:12:97', 'lockToHNGroup': False, 'apMacAddress': '04:bf:6d:5e:12:95', 'parentSSID': None, 'apId': '588a3fc043c33c0580231c7f', 'parentMacAddress': '', 'backhaulConnection': 'Wired', 'radio': '5 GHz', 'apHNRole': '', 'apSSID': 'SON VOWIFI', 'parentRadio': None, 'ssidType': 'NORMAL'}]"
2019-03-27 22:45:01,Residence Phase 4,True,3d974bd2-d415-4f1a-88c1-8c9d88969d9c,1c8a4cf1-f730-4d39-86af-a4454c659e2f,Groupe ETS,0,[]
2019-03-27 22:45:01,,True,624b3fb6-e41f-483f-b763-e8e117c6f64a,cc7ae08e-dd05-4c89-8d74-d4bca0f7fd60,Francis R,0,"[{'apName': 'AP SON Francis', 'apPrimMacAddress': '04:bf:6d:5e:12:9f', 'lockToHNGroup': True, 'apMacAddress': '04:bf:6d:5e:12:9c', 'parentSSID': None, 'apId': '58878af043c33c0580231c61', 'parentMacAddress': '', 'backhaulConnection': 'Wired', 'radio': '2.4 GHz', 'apHNRole': '', 'apSSID': 'SON', 'parentRadio': None, 'ssidType': 'NORMAL'}, {'apName': 'AP SON Francis', 'apPrimMacAddress': '04:bf:6d:5e:12:9f', 'lockToHNGroup': True, 'apMacAddress': '04:bf:6d:5e:12:9d', 'parentSSID': None, 'apId': '58878af043c33c0580231c61', 'parentMacAddress': '', 'backhaulConnection': 'Wired', 'radio': '5 GHz', 'apHNRole': '', 'apSSID': 'SON', 'parentRadio': None, 'ssidType': 'NORMAL'}]"
2019-03-27 22:45:01,,True,6cb57c27-e491-4465-92b3-9d1deb4d951a,c40991a0-d887-401b-8174-bf3b2ab1ec11,Group Zyxel SON,0,"[{'apName': 'AP-SON-A-BRIDGE', 'apPrimMacAddress': '04:bf:6d:5e:26:87', 'lockToHNGroup': False, 'apMacAddress': '04:bf:6d:5e:26:85', 'parentSSID': None, 'apId': '58f8bbe443c33c059f9dc661', 'parentMacAddress': '', 'backhaulConnection': 'Wired', 'radio': '5 GHz', 'apHNRole': '', 'apSSID': 'test', 'parentRadio': None, 'ssidType': 'NORMAL'}, {'apName': 'AP-SON-A-BRIDGE', 'apPrimMacAddress': '04:bf:6d:5e:26:87', 'lockToHNGroup': False, 'apMacAddress': '04:bf:6d:5e:26:84', 'parentSSID': None, 'apId': '58f8bbe443c33c059f9dc661', 'parentMacAddress': '', 'backhaulConnection': 'Wired', 'radio': '2.4 GHz', 'apHNRole': '', 'apSSID': 'test', 'parentRadio': None, 'ssidType': 'NORMAL'}]"
2019-03-27 23:45:01,,True,3c57e65b-1f27-4dfd-96fc-407c64fdc07b,e79bc95a-27da-4b20-b9a2-c7768bdeb848,MJ,0,[]
2019-03-27 23:45:01,,True,d3fa6246-33eb-4653-be98-3ae01b4d7ced,cc4bdb92-01ed-4acd-972a-f0faedc4344d,612,0,"[{'parentSSID': None, 'apHNRole': '', 'apMacAddress': '04:bf:6d:5e:12:95', 'backhaulConnection': 'Wired', 'radio': '5 GHz', 'parentMacAddress': '', 'ssidType': 'NORMAL', 'parentRadio': None, 'apName': 'AP-SON-A', 'apId': '588a3fc043c33c0580231c7f', 'apPrimMacAddress': '04:bf:6d:5e:12:97', 'apSSID': 'SON VOWIFI', 'lockToHNGroup': False}]"
2019-03-27 23:45:01,Residence Phase 4,True,3d974bd2-d415-4f1a-88c1-8c9d88969d9c,1c8a4cf1-f730-4d39-86af-a4454c659e2f,Groupe ETS,0,[]
2019-03-27 23:45:01,,True,624b3fb6-e41f-483f-b763-e8e117c6f64a,cc7ae08e-dd05-4c89-8d74-d4bca0f7fd60,Francis R,0,"[{'parentSSID': None, 'apHNRole': '', 'apMacAddress': '04:bf:6d:5e:12:9c', 'backhaulConnection': 'Wired', 'radio': '2.4 GHz', 'parentMacAddress': '', 'ssidType': 'NORMAL', 'parentRadio': None, 'apName': 'AP SON Francis', 'apId': '58878af043c33c0580231c61', 'apPrimMacAddress': '04:bf:6d:5e:12:9f', 'apSSID': 'SON', 'lockToHNGroup': True}, {'parentSSID': None, 'apHNRole': '', 'apMacAddress': '04:bf:6d:5e:12:9d', 'backhaulConnection': 'Wired', 'radio': '5 GHz', 'parentMacAddress': '', 'ssidType': 'NORMAL', 'parentRadio': None, 'apName': 'AP SON Francis', 'apId': '58878af043c33c0580231c61', 'apPrimMacAddress': '04:bf:6d:5e:12:9f', 'apSSID': 'SON', 'lockToHNGroup': True}]"
2019-03-27 23:45:01,,True,6cb57c27-e491-4465-92b3-9d1deb4d951a,c40991a0-d887-401b-8174-bf3b2ab1ec11,Group Zyxel SON,0,"[{'parentSSID': None, 'apHNRole': '', 'apMacAddress': '04:bf:6d:5e:26:85', 'backhaulConnection': 'Wired', 'radio': '5 GHz', 'parentMacAddress': '', 'ssidType': 'NORMAL', 'parentRadio': None, 'apName': 'AP-SON-A-BRIDGE', 'apId': '58f8bbe443c33c059f9dc661', 'apPrimMacAddress': '04:bf:6d:5e:26:87', 'apSSID': 'test', 'lockToHNGroup': False}, {'parentSSID': None, 'apHNRole': '', 'apMacAddress': '04:bf:6d:5e:26:84', 'backhaulConnection': 'Wired', 'radio': '2.4 GHz', 'parentMacAddress': '', 'ssidType': 'NORMAL', 'parentRadio': None, 'apName': 'AP-SON-A-BRIDGE', 'apId': '58f8bbe443c33c059f9dc661', 'apPrimMacAddress': '04:bf:6d:5e:26:87', 'apSSID': 'test', 'lockToHNGroup': False}]"
