dateTime,countryCode,enabled,id,name,ssidList2pt4GHz,ssidList5GHz
2019-03-24 00:45:01,CA,True,a21b3fed-aef4-4725-a6a3-8261d08fb884,Profile Generique Global,[''],['']
2019-03-24 00:45:01,CA,True,1487f815-4346-47b5-887e-23e858ea854b,Profile Global par defaut,[''],['']
2019-03-24 00:45:01,CA,True,f1b9598c-0a45-4030-b008-133696d7c2b2,Profile Generique Global 2,[''],['']
2019-03-24 01:45:01,CA,True,a21b3fed-aef4-4725-a6a3-8261d08fb884,Profile Generique Global,[''],['']
2019-03-24 01:45:01,CA,True,1487f815-4346-47b5-887e-23e858ea854b,Profile Global par defaut,[''],['']
2019-03-24 01:45:01,CA,True,f1b9598c-0a45-4030-b008-133696d7c2b2,Profile Generique Global 2,[''],['']
2019-03-24 02:45:01,CA,True,a21b3fed-aef4-4725-a6a3-8261d08fb884,Profile Generique Global,[''],['']
2019-03-24 02:45:01,CA,True,1487f815-4346-47b5-887e-23e858ea854b,Profile Global par defaut,[''],['']
2019-03-24 02:45:01,CA,True,f1b9598c-0a45-4030-b008-133696d7c2b2,Profile Generique Global 2,[''],['']
2019-03-24 03:45:01,CA,True,a21b3fed-aef4-4725-a6a3-8261d08fb884,Profile Generique Global,[''],['']
2019-03-24 03:45:01,CA,True,1487f815-4346-47b5-887e-23e858ea854b,Profile Global par defaut,[''],['']
2019-03-24 03:45:01,CA,True,f1b9598c-0a45-4030-b008-133696d7c2b2,Profile Generique Global 2,[''],['']
2019-03-24 04:45:01,CA,True,a21b3fed-aef4-4725-a6a3-8261d08fb884,Profile Generique Global,[''],['']
2019-03-24 04:45:01,CA,True,1487f815-4346-47b5-887e-23e858ea854b,Profile Global par defaut,[''],['']
2019-03-24 04:45:01,CA,True,f1b9598c-0a45-4030-b008-133696d7c2b2,Profile Generique Global 2,[''],['']
2019-03-24 05:45:01,CA,True,a21b3fed-aef4-4725-a6a3-8261d08fb884,Profile Generique Global,[''],['']
2019-03-24 05:45:01,CA,True,1487f815-4346-47b5-887e-23e858ea854b,Profile Global par defaut,[''],['']
2019-03-24 05:45:01,CA,True,f1b9598c-0a45-4030-b008-133696d7c2b2,Profile Generique Global 2,[''],['']
2019-03-24 06:45:02,CA,True,a21b3fed-aef4-4725-a6a3-8261d08fb884,Profile Generique Global,[''],['']
2019-03-24 06:45:02,CA,True,1487f815-4346-47b5-887e-23e858ea854b,Profile Global par defaut,[''],['']
2019-03-24 06:45:02,CA,True,f1b9598c-0a45-4030-b008-133696d7c2b2,Profile Generique Global 2,[''],['']
2019-03-24 07:45:01,CA,True,a21b3fed-aef4-4725-a6a3-8261d08fb884,Profile Generique Global,[''],['']
2019-03-24 07:45:01,CA,True,1487f815-4346-47b5-887e-23e858ea854b,Profile Global par defaut,[''],['']
2019-03-24 07:45:01,CA,True,f1b9598c-0a45-4030-b008-133696d7c2b2,Profile Generique Global 2,[''],['']
2019-03-24 08:45:01,CA,True,a21b3fed-aef4-4725-a6a3-8261d08fb884,Profile Generique Global,[''],['']
2019-03-24 08:45:01,CA,True,1487f815-4346-47b5-887e-23e858ea854b,Profile Global par defaut,[''],['']
2019-03-24 08:45:01,CA,True,f1b9598c-0a45-4030-b008-133696d7c2b2,Profile Generique Global 2,[''],['']
2019-03-24 09:45:02,CA,True,a21b3fed-aef4-4725-a6a3-8261d08fb884,Profile Generique Global,[''],['']
2019-03-24 09:45:02,CA,True,1487f815-4346-47b5-887e-23e858ea854b,Profile Global par defaut,[''],['']
2019-03-24 09:45:02,CA,True,f1b9598c-0a45-4030-b008-133696d7c2b2,Profile Generique Global 2,[''],['']
2019-03-24 10:45:01,CA,True,a21b3fed-aef4-4725-a6a3-8261d08fb884,Profile Generique Global,[''],['']
2019-03-24 10:45:01,CA,True,1487f815-4346-47b5-887e-23e858ea854b,Profile Global par defaut,[''],['']
2019-03-24 10:45:01,CA,True,f1b9598c-0a45-4030-b008-133696d7c2b2,Profile Generique Global 2,[''],['']
2019-03-24 11:45:01,CA,True,a21b3fed-aef4-4725-a6a3-8261d08fb884,Profile Generique Global,[''],['']
2019-03-24 11:45:01,CA,True,1487f815-4346-47b5-887e-23e858ea854b,Profile Global par defaut,[''],['']
2019-03-24 11:45:01,CA,True,f1b9598c-0a45-4030-b008-133696d7c2b2,Profile Generique Global 2,[''],['']
2019-03-24 12:45:01,CA,True,a21b3fed-aef4-4725-a6a3-8261d08fb884,Profile Generique Global,[''],['']
2019-03-24 12:45:01,CA,True,1487f815-4346-47b5-887e-23e858ea854b,Profile Global par defaut,[''],['']
2019-03-24 12:45:01,CA,True,f1b9598c-0a45-4030-b008-133696d7c2b2,Profile Generique Global 2,[''],['']
2019-03-24 13:45:01,CA,True,a21b3fed-aef4-4725-a6a3-8261d08fb884,Profile Generique Global,[''],['']
2019-03-24 13:45:01,CA,True,1487f815-4346-47b5-887e-23e858ea854b,Profile Global par defaut,[''],['']
2019-03-24 13:45:01,CA,True,f1b9598c-0a45-4030-b008-133696d7c2b2,Profile Generique Global 2,[''],['']
2019-03-24 14:45:02,CA,True,a21b3fed-aef4-4725-a6a3-8261d08fb884,Profile Generique Global,[''],['']
2019-03-24 14:45:02,CA,True,1487f815-4346-47b5-887e-23e858ea854b,Profile Global par defaut,[''],['']
2019-03-24 14:45:02,CA,True,f1b9598c-0a45-4030-b008-133696d7c2b2,Profile Generique Global 2,[''],['']
2019-03-24 15:45:01,CA,True,a21b3fed-aef4-4725-a6a3-8261d08fb884,Profile Generique Global,[''],['']
2019-03-24 15:45:01,CA,True,1487f815-4346-47b5-887e-23e858ea854b,Profile Global par defaut,[''],['']
2019-03-24 15:45:01,CA,True,f1b9598c-0a45-4030-b008-133696d7c2b2,Profile Generique Global 2,[''],['']
2019-03-24 16:45:01,CA,True,a21b3fed-aef4-4725-a6a3-8261d08fb884,Profile Generique Global,[''],['']
2019-03-24 16:45:01,CA,True,1487f815-4346-47b5-887e-23e858ea854b,Profile Global par defaut,[''],['']
2019-03-24 16:45:01,CA,True,f1b9598c-0a45-4030-b008-133696d7c2b2,Profile Generique Global 2,[''],['']
2019-03-24 17:45:01,CA,True,a21b3fed-aef4-4725-a6a3-8261d08fb884,Profile Generique Global,[''],['']
2019-03-24 17:45:01,CA,True,1487f815-4346-47b5-887e-23e858ea854b,Profile Global par defaut,[''],['']
2019-03-24 17:45:01,CA,True,f1b9598c-0a45-4030-b008-133696d7c2b2,Profile Generique Global 2,[''],['']
2019-03-24 18:45:01,CA,True,a21b3fed-aef4-4725-a6a3-8261d08fb884,Profile Generique Global,[''],['']
2019-03-24 18:45:01,CA,True,1487f815-4346-47b5-887e-23e858ea854b,Profile Global par defaut,[''],['']
2019-03-24 18:45:01,CA,True,f1b9598c-0a45-4030-b008-133696d7c2b2,Profile Generique Global 2,[''],['']
2019-03-24 19:45:01,CA,True,a21b3fed-aef4-4725-a6a3-8261d08fb884,Profile Generique Global,[''],['']
2019-03-24 19:45:01,CA,True,1487f815-4346-47b5-887e-23e858ea854b,Profile Global par defaut,[''],['']
2019-03-24 19:45:01,CA,True,f1b9598c-0a45-4030-b008-133696d7c2b2,Profile Generique Global 2,[''],['']
2019-03-24 20:45:01,CA,True,a21b3fed-aef4-4725-a6a3-8261d08fb884,Profile Generique Global,[''],['']
2019-03-24 20:45:01,CA,True,1487f815-4346-47b5-887e-23e858ea854b,Profile Global par defaut,[''],['']
2019-03-24 20:45:01,CA,True,f1b9598c-0a45-4030-b008-133696d7c2b2,Profile Generique Global 2,[''],['']
2019-03-24 21:45:01,CA,True,a21b3fed-aef4-4725-a6a3-8261d08fb884,Profile Generique Global,[''],['']
2019-03-24 21:45:01,CA,True,1487f815-4346-47b5-887e-23e858ea854b,Profile Global par defaut,[''],['']
2019-03-24 21:45:01,CA,True,f1b9598c-0a45-4030-b008-133696d7c2b2,Profile Generique Global 2,[''],['']
2019-03-24 22:45:01,CA,True,a21b3fed-aef4-4725-a6a3-8261d08fb884,Profile Generique Global,[''],['']
2019-03-24 22:45:01,CA,True,1487f815-4346-47b5-887e-23e858ea854b,Profile Global par defaut,[''],['']
2019-03-24 22:45:01,CA,True,f1b9598c-0a45-4030-b008-133696d7c2b2,Profile Generique Global 2,[''],['']
2019-03-24 23:45:01,CA,True,a21b3fed-aef4-4725-a6a3-8261d08fb884,Profile Generique Global,[''],['']
2019-03-24 23:45:01,CA,True,1487f815-4346-47b5-887e-23e858ea854b,Profile Global par defaut,[''],['']
2019-03-24 23:45:01,CA,True,f1b9598c-0a45-4030-b008-133696d7c2b2,Profile Generique Global 2,[''],['']
