dateTime,groupCharacteristics,id,name,priority,profileId
2019-03-24 00:45:01,"{'addrEnabled': False, 'manufacturer': 'ZyXEL_EMG2926', 'boundingBox': {'bottomFloor': 0, 'topFloor': 0, 'topLeftLongitude': -74.4720459356904, 'bottomRightLongitude': -72.6538086310029, 'topLeftLatitude': 46.04188830503832, 'bottomRightLatitude': 45.235357901643305}, 'boundingBoxEnabled': False, 'deplTypeEnabled': False, 'manufacturerEnabled': True, 'macAddressList': ['04:bf:6d:5e:12:ab'], 'deploymentType': 'Indoor'}",0c7a5d15-6ebf-480e-b6ef-7fe71e9d52db,Global Zyxel Network,1,a21b3fed-aef4-4725-a6a3-8261d08fb884
2019-03-24 00:45:01,"{'manufacturer': 'ZyXEL_EMG2926', 'boundingBox': {}, 'manufacturerEnabled': True}",002c2c68-c0e9-4ce0-9545-24063cbeb6df,Global Zyxel Network 2,2,f1b9598c-0a45-4030-b008-133696d7c2b2
2019-03-24 01:45:01,"{'deploymentType': 'Indoor', 'macAddressList': ['04:bf:6d:5e:12:ab'], 'boundingBox': {'topLeftLatitude': 46.04188830503832, 'topFloor': 0, 'topLeftLongitude': -74.4720459356904, 'bottomFloor': 0, 'bottomRightLongitude': -72.6538086310029, 'bottomRightLatitude': 45.235357901643305}, 'manufacturer': 'ZyXEL_EMG2926', 'boundingBoxEnabled': False, 'manufacturerEnabled': True, 'deplTypeEnabled': False, 'addrEnabled': False}",0c7a5d15-6ebf-480e-b6ef-7fe71e9d52db,Global Zyxel Network,1,a21b3fed-aef4-4725-a6a3-8261d08fb884
2019-03-24 01:45:01,"{'manufacturerEnabled': True, 'boundingBox': {}, 'manufacturer': 'ZyXEL_EMG2926'}",002c2c68-c0e9-4ce0-9545-24063cbeb6df,Global Zyxel Network 2,2,f1b9598c-0a45-4030-b008-133696d7c2b2
2019-03-24 02:45:01,"{'deplTypeEnabled': False, 'manufacturerEnabled': True, 'macAddressList': ['04:bf:6d:5e:12:ab'], 'boundingBox': {'bottomRightLongitude': -72.6538086310029, 'bottomRightLatitude': 45.235357901643305, 'topFloor': 0, 'bottomFloor': 0, 'topLeftLongitude': -74.4720459356904, 'topLeftLatitude': 46.04188830503832}, 'addrEnabled': False, 'manufacturer': 'ZyXEL_EMG2926', 'boundingBoxEnabled': False, 'deploymentType': 'Indoor'}",0c7a5d15-6ebf-480e-b6ef-7fe71e9d52db,Global Zyxel Network,1,a21b3fed-aef4-4725-a6a3-8261d08fb884
2019-03-24 02:45:01,"{'boundingBox': {}, 'manufacturerEnabled': True, 'manufacturer': 'ZyXEL_EMG2926'}",002c2c68-c0e9-4ce0-9545-24063cbeb6df,Global Zyxel Network 2,2,f1b9598c-0a45-4030-b008-133696d7c2b2
2019-03-24 03:45:01,"{'deplTypeEnabled': False, 'addrEnabled': False, 'boundingBox': {'topFloor': 0, 'bottomFloor': 0, 'topLeftLongitude': -74.4720459356904, 'bottomRightLongitude': -72.6538086310029, 'topLeftLatitude': 46.04188830503832, 'bottomRightLatitude': 45.235357901643305}, 'boundingBoxEnabled': False, 'deploymentType': 'Indoor', 'manufacturerEnabled': True, 'manufacturer': 'ZyXEL_EMG2926', 'macAddressList': ['04:bf:6d:5e:12:ab']}",0c7a5d15-6ebf-480e-b6ef-7fe71e9d52db,Global Zyxel Network,1,a21b3fed-aef4-4725-a6a3-8261d08fb884
2019-03-24 03:45:01,"{'manufacturer': 'ZyXEL_EMG2926', 'boundingBox': {}, 'manufacturerEnabled': True}",002c2c68-c0e9-4ce0-9545-24063cbeb6df,Global Zyxel Network 2,2,f1b9598c-0a45-4030-b008-133696d7c2b2
2019-03-24 04:45:01,"{'manufacturerEnabled': True, 'deplTypeEnabled': False, 'macAddressList': ['04:bf:6d:5e:12:ab'], 'deploymentType': 'Indoor', 'manufacturer': 'ZyXEL_EMG2926', 'boundingBox': {'topLeftLongitude': -74.4720459356904, 'topLeftLatitude': 46.04188830503832, 'topFloor': 0, 'bottomRightLongitude': -72.6538086310029, 'bottomFloor': 0, 'bottomRightLatitude': 45.235357901643305}, 'addrEnabled': False, 'boundingBoxEnabled': False}",0c7a5d15-6ebf-480e-b6ef-7fe71e9d52db,Global Zyxel Network,1,a21b3fed-aef4-4725-a6a3-8261d08fb884
2019-03-24 04:45:01,"{'manufacturer': 'ZyXEL_EMG2926', 'manufacturerEnabled': True, 'boundingBox': {}}",002c2c68-c0e9-4ce0-9545-24063cbeb6df,Global Zyxel Network 2,2,f1b9598c-0a45-4030-b008-133696d7c2b2
2019-03-24 05:45:01,"{'addrEnabled': False, 'macAddressList': ['04:bf:6d:5e:12:ab'], 'manufacturer': 'ZyXEL_EMG2926', 'deploymentType': 'Indoor', 'manufacturerEnabled': True, 'boundingBox': {'bottomRightLongitude': -72.6538086310029, 'topFloor': 0, 'bottomFloor': 0, 'bottomRightLatitude': 45.235357901643305, 'topLeftLatitude': 46.04188830503832, 'topLeftLongitude': -74.4720459356904}, 'deplTypeEnabled': False, 'boundingBoxEnabled': False}",0c7a5d15-6ebf-480e-b6ef-7fe71e9d52db,Global Zyxel Network,1,a21b3fed-aef4-4725-a6a3-8261d08fb884
2019-03-24 05:45:01,"{'manufacturerEnabled': True, 'boundingBox': {}, 'manufacturer': 'ZyXEL_EMG2926'}",002c2c68-c0e9-4ce0-9545-24063cbeb6df,Global Zyxel Network 2,2,f1b9598c-0a45-4030-b008-133696d7c2b2
2019-03-24 06:45:02,"{'deploymentType': 'Indoor', 'addrEnabled': False, 'boundingBox': {'bottomFloor': 0, 'bottomRightLatitude': 45.235357901643305, 'topFloor': 0, 'topLeftLatitude': 46.04188830503832, 'topLeftLongitude': -74.4720459356904, 'bottomRightLongitude': -72.6538086310029}, 'manufacturer': 'ZyXEL_EMG2926', 'boundingBoxEnabled': False, 'manufacturerEnabled': True, 'macAddressList': ['04:bf:6d:5e:12:ab'], 'deplTypeEnabled': False}",0c7a5d15-6ebf-480e-b6ef-7fe71e9d52db,Global Zyxel Network,1,a21b3fed-aef4-4725-a6a3-8261d08fb884
2019-03-24 06:45:02,"{'manufacturer': 'ZyXEL_EMG2926', 'manufacturerEnabled': True, 'boundingBox': {}}",002c2c68-c0e9-4ce0-9545-24063cbeb6df,Global Zyxel Network 2,2,f1b9598c-0a45-4030-b008-133696d7c2b2
2019-03-24 07:45:01,"{'manufacturerEnabled': True, 'deploymentType': 'Indoor', 'macAddressList': ['04:bf:6d:5e:12:ab'], 'boundingBox': {'bottomRightLatitude': 45.235357901643305, 'topFloor': 0, 'bottomFloor': 0, 'topLeftLatitude': 46.04188830503832, 'bottomRightLongitude': -72.6538086310029, 'topLeftLongitude': -74.4720459356904}, 'deplTypeEnabled': False, 'boundingBoxEnabled': False, 'addrEnabled': False, 'manufacturer': 'ZyXEL_EMG2926'}",0c7a5d15-6ebf-480e-b6ef-7fe71e9d52db,Global Zyxel Network,1,a21b3fed-aef4-4725-a6a3-8261d08fb884
2019-03-24 07:45:01,"{'manufacturer': 'ZyXEL_EMG2926', 'manufacturerEnabled': True, 'boundingBox': {}}",002c2c68-c0e9-4ce0-9545-24063cbeb6df,Global Zyxel Network 2,2,f1b9598c-0a45-4030-b008-133696d7c2b2
2019-03-24 08:45:01,"{'boundingBoxEnabled': False, 'deplTypeEnabled': False, 'boundingBox': {'topLeftLongitude': -74.4720459356904, 'topLeftLatitude': 46.04188830503832, 'bottomFloor': 0, 'bottomRightLongitude': -72.6538086310029, 'topFloor': 0, 'bottomRightLatitude': 45.235357901643305}, 'macAddressList': ['04:bf:6d:5e:12:ab'], 'manufacturer': 'ZyXEL_EMG2926', 'deploymentType': 'Indoor', 'manufacturerEnabled': True, 'addrEnabled': False}",0c7a5d15-6ebf-480e-b6ef-7fe71e9d52db,Global Zyxel Network,1,a21b3fed-aef4-4725-a6a3-8261d08fb884
2019-03-24 08:45:01,"{'boundingBox': {}, 'manufacturer': 'ZyXEL_EMG2926', 'manufacturerEnabled': True}",002c2c68-c0e9-4ce0-9545-24063cbeb6df,Global Zyxel Network 2,2,f1b9598c-0a45-4030-b008-133696d7c2b2
2019-03-24 09:45:02,"{'macAddressList': ['04:bf:6d:5e:12:ab'], 'boundingBoxEnabled': False, 'manufacturer': 'ZyXEL_EMG2926', 'manufacturerEnabled': True, 'deplTypeEnabled': False, 'deploymentType': 'Indoor', 'addrEnabled': False, 'boundingBox': {'bottomRightLatitude': 45.235357901643305, 'topLeftLongitude': -74.4720459356904, 'bottomRightLongitude': -72.6538086310029, 'topLeftLatitude': 46.04188830503832, 'topFloor': 0, 'bottomFloor': 0}}",0c7a5d15-6ebf-480e-b6ef-7fe71e9d52db,Global Zyxel Network,1,a21b3fed-aef4-4725-a6a3-8261d08fb884
2019-03-24 09:45:02,"{'manufacturer': 'ZyXEL_EMG2926', 'manufacturerEnabled': True, 'boundingBox': {}}",002c2c68-c0e9-4ce0-9545-24063cbeb6df,Global Zyxel Network 2,2,f1b9598c-0a45-4030-b008-133696d7c2b2
2019-03-24 10:45:01,"{'deplTypeEnabled': False, 'boundingBox': {'topLeftLongitude': -74.4720459356904, 'topFloor': 0, 'bottomRightLongitude': -72.6538086310029, 'topLeftLatitude': 46.04188830503832, 'bottomRightLatitude': 45.235357901643305, 'bottomFloor': 0}, 'addrEnabled': False, 'deploymentType': 'Indoor', 'macAddressList': ['04:bf:6d:5e:12:ab'], 'manufacturer': 'ZyXEL_EMG2926', 'boundingBoxEnabled': False, 'manufacturerEnabled': True}",0c7a5d15-6ebf-480e-b6ef-7fe71e9d52db,Global Zyxel Network,1,a21b3fed-aef4-4725-a6a3-8261d08fb884
2019-03-24 10:45:01,"{'boundingBox': {}, 'manufacturer': 'ZyXEL_EMG2926', 'manufacturerEnabled': True}",002c2c68-c0e9-4ce0-9545-24063cbeb6df,Global Zyxel Network 2,2,f1b9598c-0a45-4030-b008-133696d7c2b2
2019-03-24 11:45:01,"{'boundingBox': {'topFloor': 0, 'topLeftLongitude': -74.4720459356904, 'topLeftLatitude': 46.04188830503832, 'bottomRightLatitude': 45.235357901643305, 'bottomFloor': 0, 'bottomRightLongitude': -72.6538086310029}, 'manufacturerEnabled': True, 'deploymentType': 'Indoor', 'manufacturer': 'ZyXEL_EMG2926', 'boundingBoxEnabled': False, 'macAddressList': ['04:bf:6d:5e:12:ab'], 'deplTypeEnabled': False, 'addrEnabled': False}",0c7a5d15-6ebf-480e-b6ef-7fe71e9d52db,Global Zyxel Network,1,a21b3fed-aef4-4725-a6a3-8261d08fb884
2019-03-24 11:45:01,"{'boundingBox': {}, 'manufacturerEnabled': True, 'manufacturer': 'ZyXEL_EMG2926'}",002c2c68-c0e9-4ce0-9545-24063cbeb6df,Global Zyxel Network 2,2,f1b9598c-0a45-4030-b008-133696d7c2b2
2019-03-24 12:45:01,"{'boundingBox': {'topFloor': 0, 'bottomRightLongitude': -72.6538086310029, 'topLeftLatitude': 46.04188830503832, 'bottomFloor': 0, 'topLeftLongitude': -74.4720459356904, 'bottomRightLatitude': 45.235357901643305}, 'deplTypeEnabled': False, 'addrEnabled': False, 'manufacturer': 'ZyXEL_EMG2926', 'manufacturerEnabled': True, 'boundingBoxEnabled': False, 'deploymentType': 'Indoor', 'macAddressList': ['04:bf:6d:5e:12:ab']}",0c7a5d15-6ebf-480e-b6ef-7fe71e9d52db,Global Zyxel Network,1,a21b3fed-aef4-4725-a6a3-8261d08fb884
2019-03-24 12:45:01,"{'boundingBox': {}, 'manufacturerEnabled': True, 'manufacturer': 'ZyXEL_EMG2926'}",002c2c68-c0e9-4ce0-9545-24063cbeb6df,Global Zyxel Network 2,2,f1b9598c-0a45-4030-b008-133696d7c2b2
2019-03-24 13:45:01,"{'boundingBox': {'topLeftLatitude': 46.04188830503832, 'bottomRightLongitude': -72.6538086310029, 'topFloor': 0, 'bottomRightLatitude': 45.235357901643305, 'topLeftLongitude': -74.4720459356904, 'bottomFloor': 0}, 'macAddressList': ['04:bf:6d:5e:12:ab'], 'manufacturer': 'ZyXEL_EMG2926', 'manufacturerEnabled': True, 'boundingBoxEnabled': False, 'deploymentType': 'Indoor', 'addrEnabled': False, 'deplTypeEnabled': False}",0c7a5d15-6ebf-480e-b6ef-7fe71e9d52db,Global Zyxel Network,1,a21b3fed-aef4-4725-a6a3-8261d08fb884
2019-03-24 13:45:01,"{'boundingBox': {}, 'manufacturer': 'ZyXEL_EMG2926', 'manufacturerEnabled': True}",002c2c68-c0e9-4ce0-9545-24063cbeb6df,Global Zyxel Network 2,2,f1b9598c-0a45-4030-b008-133696d7c2b2
2019-03-24 14:45:02,"{'manufacturerEnabled': True, 'manufacturer': 'ZyXEL_EMG2926', 'boundingBoxEnabled': False, 'macAddressList': ['04:bf:6d:5e:12:ab'], 'deplTypeEnabled': False, 'boundingBox': {'topFloor': 0, 'bottomRightLongitude': -72.6538086310029, 'topLeftLatitude': 46.04188830503832, 'topLeftLongitude': -74.4720459356904, 'bottomFloor': 0, 'bottomRightLatitude': 45.235357901643305}, 'addrEnabled': False, 'deploymentType': 'Indoor'}",0c7a5d15-6ebf-480e-b6ef-7fe71e9d52db,Global Zyxel Network,1,a21b3fed-aef4-4725-a6a3-8261d08fb884
2019-03-24 14:45:02,"{'boundingBox': {}, 'manufacturerEnabled': True, 'manufacturer': 'ZyXEL_EMG2926'}",002c2c68-c0e9-4ce0-9545-24063cbeb6df,Global Zyxel Network 2,2,f1b9598c-0a45-4030-b008-133696d7c2b2
2019-03-24 15:45:01,"{'macAddressList': ['04:bf:6d:5e:12:ab'], 'manufacturerEnabled': True, 'deplTypeEnabled': False, 'addrEnabled': False, 'boundingBox': {'topLeftLongitude': -74.4720459356904, 'topFloor': 0, 'bottomRightLatitude': 45.235357901643305, 'bottomRightLongitude': -72.6538086310029, 'topLeftLatitude': 46.04188830503832, 'bottomFloor': 0}, 'manufacturer': 'ZyXEL_EMG2926', 'deploymentType': 'Indoor', 'boundingBoxEnabled': False}",0c7a5d15-6ebf-480e-b6ef-7fe71e9d52db,Global Zyxel Network,1,a21b3fed-aef4-4725-a6a3-8261d08fb884
2019-03-24 15:45:01,"{'boundingBox': {}, 'manufacturer': 'ZyXEL_EMG2926', 'manufacturerEnabled': True}",002c2c68-c0e9-4ce0-9545-24063cbeb6df,Global Zyxel Network 2,2,f1b9598c-0a45-4030-b008-133696d7c2b2
2019-03-24 16:45:01,"{'boundingBox': {'topFloor': 0, 'topLeftLongitude': -74.4720459356904, 'bottomRightLongitude': -72.6538086310029, 'topLeftLatitude': 46.04188830503832, 'bottomFloor': 0, 'bottomRightLatitude': 45.235357901643305}, 'deplTypeEnabled': False, 'deploymentType': 'Indoor', 'boundingBoxEnabled': False, 'addrEnabled': False, 'macAddressList': ['04:bf:6d:5e:12:ab'], 'manufacturerEnabled': True, 'manufacturer': 'ZyXEL_EMG2926'}",0c7a5d15-6ebf-480e-b6ef-7fe71e9d52db,Global Zyxel Network,1,a21b3fed-aef4-4725-a6a3-8261d08fb884
2019-03-24 16:45:01,"{'boundingBox': {}, 'manufacturerEnabled': True, 'manufacturer': 'ZyXEL_EMG2926'}",002c2c68-c0e9-4ce0-9545-24063cbeb6df,Global Zyxel Network 2,2,f1b9598c-0a45-4030-b008-133696d7c2b2
2019-03-24 17:45:01,"{'manufacturer': 'ZyXEL_EMG2926', 'macAddressList': ['04:bf:6d:5e:12:ab'], 'boundingBox': {'bottomRightLatitude': 45.235357901643305, 'bottomRightLongitude': -72.6538086310029, 'topLeftLongitude': -74.4720459356904, 'bottomFloor': 0, 'topFloor': 0, 'topLeftLatitude': 46.04188830503832}, 'boundingBoxEnabled': False, 'deploymentType': 'Indoor', 'addrEnabled': False, 'deplTypeEnabled': False, 'manufacturerEnabled': True}",0c7a5d15-6ebf-480e-b6ef-7fe71e9d52db,Global Zyxel Network,1,a21b3fed-aef4-4725-a6a3-8261d08fb884
2019-03-24 17:45:01,"{'manufacturer': 'ZyXEL_EMG2926', 'boundingBox': {}, 'manufacturerEnabled': True}",002c2c68-c0e9-4ce0-9545-24063cbeb6df,Global Zyxel Network 2,2,f1b9598c-0a45-4030-b008-133696d7c2b2
2019-03-24 18:45:01,"{'boundingBox': {'bottomRightLongitude': -72.6538086310029, 'topLeftLongitude': -74.4720459356904, 'topFloor': 0, 'topLeftLatitude': 46.04188830503832, 'bottomFloor': 0, 'bottomRightLatitude': 45.235357901643305}, 'boundingBoxEnabled': False, 'manufacturerEnabled': True, 'macAddressList': ['04:bf:6d:5e:12:ab'], 'manufacturer': 'ZyXEL_EMG2926', 'addrEnabled': False, 'deplTypeEnabled': False, 'deploymentType': 'Indoor'}",0c7a5d15-6ebf-480e-b6ef-7fe71e9d52db,Global Zyxel Network,1,a21b3fed-aef4-4725-a6a3-8261d08fb884
2019-03-24 18:45:01,"{'boundingBox': {}, 'manufacturer': 'ZyXEL_EMG2926', 'manufacturerEnabled': True}",002c2c68-c0e9-4ce0-9545-24063cbeb6df,Global Zyxel Network 2,2,f1b9598c-0a45-4030-b008-133696d7c2b2
2019-03-24 19:45:01,"{'deploymentType': 'Indoor', 'deplTypeEnabled': False, 'addrEnabled': False, 'manufacturer': 'ZyXEL_EMG2926', 'boundingBoxEnabled': False, 'macAddressList': ['04:bf:6d:5e:12:ab'], 'manufacturerEnabled': True, 'boundingBox': {'topLeftLongitude': -74.4720459356904, 'topFloor': 0, 'topLeftLatitude': 46.04188830503832, 'bottomFloor': 0, 'bottomRightLongitude': -72.6538086310029, 'bottomRightLatitude': 45.235357901643305}}",0c7a5d15-6ebf-480e-b6ef-7fe71e9d52db,Global Zyxel Network,1,a21b3fed-aef4-4725-a6a3-8261d08fb884
2019-03-24 19:45:01,"{'manufacturer': 'ZyXEL_EMG2926', 'manufacturerEnabled': True, 'boundingBox': {}}",002c2c68-c0e9-4ce0-9545-24063cbeb6df,Global Zyxel Network 2,2,f1b9598c-0a45-4030-b008-133696d7c2b2
2019-03-24 20:45:01,"{'deplTypeEnabled': False, 'manufacturerEnabled': True, 'macAddressList': ['04:bf:6d:5e:12:ab'], 'boundingBox': {'topLeftLongitude': -74.4720459356904, 'topLeftLatitude': 46.04188830503832, 'bottomRightLongitude': -72.6538086310029, 'bottomFloor': 0, 'topFloor': 0, 'bottomRightLatitude': 45.235357901643305}, 'addrEnabled': False, 'deploymentType': 'Indoor', 'manufacturer': 'ZyXEL_EMG2926', 'boundingBoxEnabled': False}",0c7a5d15-6ebf-480e-b6ef-7fe71e9d52db,Global Zyxel Network,1,a21b3fed-aef4-4725-a6a3-8261d08fb884
2019-03-24 20:45:01,"{'manufacturerEnabled': True, 'manufacturer': 'ZyXEL_EMG2926', 'boundingBox': {}}",002c2c68-c0e9-4ce0-9545-24063cbeb6df,Global Zyxel Network 2,2,f1b9598c-0a45-4030-b008-133696d7c2b2
2019-03-24 21:45:01,"{'boundingBoxEnabled': False, 'boundingBox': {'bottomRightLongitude': -72.6538086310029, 'bottomRightLatitude': 45.235357901643305, 'bottomFloor': 0, 'topFloor': 0, 'topLeftLongitude': -74.4720459356904, 'topLeftLatitude': 46.04188830503832}, 'manufacturer': 'ZyXEL_EMG2926', 'deploymentType': 'Indoor', 'manufacturerEnabled': True, 'deplTypeEnabled': False, 'macAddressList': ['04:bf:6d:5e:12:ab'], 'addrEnabled': False}",0c7a5d15-6ebf-480e-b6ef-7fe71e9d52db,Global Zyxel Network,1,a21b3fed-aef4-4725-a6a3-8261d08fb884
2019-03-24 21:45:01,"{'manufacturer': 'ZyXEL_EMG2926', 'boundingBox': {}, 'manufacturerEnabled': True}",002c2c68-c0e9-4ce0-9545-24063cbeb6df,Global Zyxel Network 2,2,f1b9598c-0a45-4030-b008-133696d7c2b2
2019-03-24 22:45:01,"{'deploymentType': 'Indoor', 'boundingBox': {'topFloor': 0, 'bottomRightLatitude': 45.235357901643305, 'bottomRightLongitude': -72.6538086310029, 'topLeftLatitude': 46.04188830503832, 'topLeftLongitude': -74.4720459356904, 'bottomFloor': 0}, 'manufacturerEnabled': True, 'macAddressList': ['04:bf:6d:5e:12:ab'], 'deplTypeEnabled': False, 'addrEnabled': False, 'boundingBoxEnabled': False, 'manufacturer': 'ZyXEL_EMG2926'}",0c7a5d15-6ebf-480e-b6ef-7fe71e9d52db,Global Zyxel Network,1,a21b3fed-aef4-4725-a6a3-8261d08fb884
2019-03-24 22:45:01,"{'boundingBox': {}, 'manufacturerEnabled': True, 'manufacturer': 'ZyXEL_EMG2926'}",002c2c68-c0e9-4ce0-9545-24063cbeb6df,Global Zyxel Network 2,2,f1b9598c-0a45-4030-b008-133696d7c2b2
2019-03-24 23:45:01,"{'addrEnabled': False, 'macAddressList': ['04:bf:6d:5e:12:ab'], 'manufacturerEnabled': True, 'boundingBox': {'topLeftLatitude': 46.04188830503832, 'bottomRightLatitude': 45.235357901643305, 'bottomFloor': 0, 'topLeftLongitude': -74.4720459356904, 'bottomRightLongitude': -72.6538086310029, 'topFloor': 0}, 'deploymentType': 'Indoor', 'boundingBoxEnabled': False, 'manufacturer': 'ZyXEL_EMG2926', 'deplTypeEnabled': False}",0c7a5d15-6ebf-480e-b6ef-7fe71e9d52db,Global Zyxel Network,1,a21b3fed-aef4-4725-a6a3-8261d08fb884
2019-03-24 23:45:01,"{'manufacturer': 'ZyXEL_EMG2926', 'manufacturerEnabled': True, 'boundingBox': {}}",002c2c68-c0e9-4ce0-9545-24063cbeb6df,Global Zyxel Network 2,2,f1b9598c-0a45-4030-b008-133696d7c2b2
