dateTime,address,enabled,hnprofileId,id,name,priority,topology
2019-03-24 00:45:01,,True,3c57e65b-1f27-4dfd-96fc-407c64fdc07b,e79bc95a-27da-4b20-b9a2-c7768bdeb848,MJ,0,[]
2019-03-24 00:45:01,,True,d3fa6246-33eb-4653-be98-3ae01b4d7ced,cc4bdb92-01ed-4acd-972a-f0faedc4344d,612,0,"[{'apName': 'AP-SON-A', 'parentRadio': None, 'lockToHNGroup': False, 'apHNRole': '', 'apMacAddress': '04:bf:6d:5e:12:95', 'apId': '588a3fc043c33c0580231c7f', 'backhaulConnection': 'Wired', 'parentSSID': None, 'radio': '5 GHz', 'parentMacAddress': '', 'ssidType': 'NORMAL', 'apPrimMacAddress': '04:bf:6d:5e:12:97', 'apSSID': 'SON VOWIFI'}]"
2019-03-24 00:45:01,Residence Phase 4,True,3d974bd2-d415-4f1a-88c1-8c9d88969d9c,1c8a4cf1-f730-4d39-86af-a4454c659e2f,Groupe ETS,0,[]
2019-03-24 00:45:01,,True,624b3fb6-e41f-483f-b763-e8e117c6f64a,cc7ae08e-dd05-4c89-8d74-d4bca0f7fd60,Francis R,0,"[{'apName': 'AP SON Francis', 'parentRadio': None, 'lockToHNGroup': True, 'apHNRole': '', 'apMacAddress': '04:bf:6d:5e:12:9c', 'apId': '58878af043c33c0580231c61', 'backhaulConnection': 'Wired', 'parentSSID': None, 'radio': '2.4 GHz', 'parentMacAddress': '', 'ssidType': 'NORMAL', 'apPrimMacAddress': '04:bf:6d:5e:12:9f', 'apSSID': 'SON'}, {'apName': 'AP SON Francis', 'parentRadio': None, 'lockToHNGroup': True, 'apHNRole': '', 'apMacAddress': '04:bf:6d:5e:12:9d', 'apId': '58878af043c33c0580231c61', 'backhaulConnection': 'Wired', 'parentSSID': None, 'radio': '5 GHz', 'parentMacAddress': '', 'ssidType': 'NORMAL', 'apPrimMacAddress': '04:bf:6d:5e:12:9f', 'apSSID': 'SON'}]"
2019-03-24 00:45:01,,True,6cb57c27-e491-4465-92b3-9d1deb4d951a,c40991a0-d887-401b-8174-bf3b2ab1ec11,Group Zyxel SON,0,"[{'apName': 'AP-SON-A-BRIDGE', 'parentRadio': None, 'lockToHNGroup': False, 'apHNRole': '', 'apMacAddress': '04:bf:6d:5e:26:85', 'apId': '58f8bbe443c33c059f9dc661', 'backhaulConnection': 'Wired', 'parentSSID': None, 'radio': '5 GHz', 'parentMacAddress': '', 'ssidType': 'NORMAL', 'apPrimMacAddress': '04:bf:6d:5e:26:87', 'apSSID': 'test'}, {'apName': 'AP-SON-A-BRIDGE', 'parentRadio': None, 'lockToHNGroup': False, 'apHNRole': '', 'apMacAddress': '04:bf:6d:5e:26:84', 'apId': '58f8bbe443c33c059f9dc661', 'backhaulConnection': 'Wired', 'parentSSID': None, 'radio': '2.4 GHz', 'parentMacAddress': '', 'ssidType': 'NORMAL', 'apPrimMacAddress': '04:bf:6d:5e:26:87', 'apSSID': 'test'}]"
2019-03-24 01:45:01,,True,3c57e65b-1f27-4dfd-96fc-407c64fdc07b,e79bc95a-27da-4b20-b9a2-c7768bdeb848,MJ,0,[]
2019-03-24 01:45:01,,True,d3fa6246-33eb-4653-be98-3ae01b4d7ced,cc4bdb92-01ed-4acd-972a-f0faedc4344d,612,0,"[{'lockToHNGroup': False, 'parentSSID': None, 'apName': 'AP-SON-A', 'radio': '5 GHz', 'apSSID': 'SON VOWIFI', 'apMacAddress': '04:bf:6d:5e:12:95', 'parentMacAddress': '', 'backhaulConnection': 'Wired', 'apPrimMacAddress': '04:bf:6d:5e:12:97', 'apId': '588a3fc043c33c0580231c7f', 'ssidType': 'NORMAL', 'apHNRole': '', 'parentRadio': None}]"
2019-03-24 01:45:01,Residence Phase 4,True,3d974bd2-d415-4f1a-88c1-8c9d88969d9c,1c8a4cf1-f730-4d39-86af-a4454c659e2f,Groupe ETS,0,[]
2019-03-24 01:45:01,,True,624b3fb6-e41f-483f-b763-e8e117c6f64a,cc7ae08e-dd05-4c89-8d74-d4bca0f7fd60,Francis R,0,"[{'lockToHNGroup': True, 'parentSSID': None, 'apName': 'AP SON Francis', 'radio': '2.4 GHz', 'apSSID': 'SON', 'apMacAddress': '04:bf:6d:5e:12:9c', 'parentMacAddress': '', 'backhaulConnection': 'Wired', 'apPrimMacAddress': '04:bf:6d:5e:12:9f', 'apId': '58878af043c33c0580231c61', 'ssidType': 'NORMAL', 'apHNRole': '', 'parentRadio': None}, {'lockToHNGroup': True, 'parentSSID': None, 'apName': 'AP SON Francis', 'radio': '5 GHz', 'apSSID': 'SON', 'apMacAddress': '04:bf:6d:5e:12:9d', 'parentMacAddress': '', 'backhaulConnection': 'Wired', 'apPrimMacAddress': '04:bf:6d:5e:12:9f', 'apId': '58878af043c33c0580231c61', 'ssidType': 'NORMAL', 'apHNRole': '', 'parentRadio': None}]"
2019-03-24 01:45:01,,True,6cb57c27-e491-4465-92b3-9d1deb4d951a,c40991a0-d887-401b-8174-bf3b2ab1ec11,Group Zyxel SON,0,"[{'lockToHNGroup': False, 'parentSSID': None, 'apName': 'AP-SON-A-BRIDGE', 'radio': '5 GHz', 'apSSID': 'test', 'apMacAddress': '04:bf:6d:5e:26:85', 'parentMacAddress': '', 'backhaulConnection': 'Wired', 'apPrimMacAddress': '04:bf:6d:5e:26:87', 'apId': '58f8bbe443c33c059f9dc661', 'ssidType': 'NORMAL', 'apHNRole': '', 'parentRadio': None}, {'lockToHNGroup': False, 'parentSSID': None, 'apName': 'AP-SON-A-BRIDGE', 'radio': '2.4 GHz', 'apSSID': 'test', 'apMacAddress': '04:bf:6d:5e:26:84', 'parentMacAddress': '', 'backhaulConnection': 'Wired', 'apPrimMacAddress': '04:bf:6d:5e:26:87', 'apId': '58f8bbe443c33c059f9dc661', 'ssidType': 'NORMAL', 'apHNRole': '', 'parentRadio': None}]"
2019-03-24 02:45:01,,True,3c57e65b-1f27-4dfd-96fc-407c64fdc07b,e79bc95a-27da-4b20-b9a2-c7768bdeb848,MJ,0,[]
2019-03-24 02:45:01,,True,d3fa6246-33eb-4653-be98-3ae01b4d7ced,cc4bdb92-01ed-4acd-972a-f0faedc4344d,612,0,"[{'parentRadio': None, 'apName': 'AP-SON-A', 'lockToHNGroup': False, 'apMacAddress': '04:bf:6d:5e:12:95', 'parentSSID': None, 'ssidType': 'NORMAL', 'radio': '5 GHz', 'apSSID': 'SON VOWIFI', 'apId': '588a3fc043c33c0580231c7f', 'apHNRole': '', 'apPrimMacAddress': '04:bf:6d:5e:12:97', 'backhaulConnection': 'Wired', 'parentMacAddress': ''}]"
2019-03-24 02:45:01,Residence Phase 4,True,3d974bd2-d415-4f1a-88c1-8c9d88969d9c,1c8a4cf1-f730-4d39-86af-a4454c659e2f,Groupe ETS,0,[]
2019-03-24 02:45:01,,True,624b3fb6-e41f-483f-b763-e8e117c6f64a,cc7ae08e-dd05-4c89-8d74-d4bca0f7fd60,Francis R,0,"[{'parentRadio': None, 'apName': 'AP SON Francis', 'lockToHNGroup': True, 'apMacAddress': '04:bf:6d:5e:12:9c', 'parentSSID': None, 'ssidType': 'NORMAL', 'radio': '2.4 GHz', 'apSSID': 'SON', 'apId': '58878af043c33c0580231c61', 'apHNRole': '', 'apPrimMacAddress': '04:bf:6d:5e:12:9f', 'backhaulConnection': 'Wired', 'parentMacAddress': ''}, {'parentRadio': None, 'apName': 'AP SON Francis', 'lockToHNGroup': True, 'apMacAddress': '04:bf:6d:5e:12:9d', 'parentSSID': None, 'ssidType': 'NORMAL', 'radio': '5 GHz', 'apSSID': 'SON', 'apId': '58878af043c33c0580231c61', 'apHNRole': '', 'apPrimMacAddress': '04:bf:6d:5e:12:9f', 'backhaulConnection': 'Wired', 'parentMacAddress': ''}]"
2019-03-24 02:45:01,,True,6cb57c27-e491-4465-92b3-9d1deb4d951a,c40991a0-d887-401b-8174-bf3b2ab1ec11,Group Zyxel SON,0,"[{'parentRadio': None, 'apName': 'AP-SON-A-BRIDGE', 'lockToHNGroup': False, 'apMacAddress': '04:bf:6d:5e:26:85', 'parentSSID': None, 'ssidType': 'NORMAL', 'radio': '5 GHz', 'apSSID': 'test', 'apId': '58f8bbe443c33c059f9dc661', 'apHNRole': '', 'apPrimMacAddress': '04:bf:6d:5e:26:87', 'backhaulConnection': 'Wired', 'parentMacAddress': ''}, {'parentRadio': None, 'apName': 'AP-SON-A-BRIDGE', 'lockToHNGroup': False, 'apMacAddress': '04:bf:6d:5e:26:84', 'parentSSID': None, 'ssidType': 'NORMAL', 'radio': '2.4 GHz', 'apSSID': 'test', 'apId': '58f8bbe443c33c059f9dc661', 'apHNRole': '', 'apPrimMacAddress': '04:bf:6d:5e:26:87', 'backhaulConnection': 'Wired', 'parentMacAddress': ''}]"
2019-03-24 03:45:01,,True,3c57e65b-1f27-4dfd-96fc-407c64fdc07b,e79bc95a-27da-4b20-b9a2-c7768bdeb848,MJ,0,[]
2019-03-24 03:45:01,,True,d3fa6246-33eb-4653-be98-3ae01b4d7ced,cc4bdb92-01ed-4acd-972a-f0faedc4344d,612,0,"[{'radio': '5 GHz', 'apName': 'AP-SON-A', 'apPrimMacAddress': '04:bf:6d:5e:12:97', 'apMacAddress': '04:bf:6d:5e:12:95', 'lockToHNGroup': False, 'parentRadio': None, 'parentMacAddress': '', 'apId': '588a3fc043c33c0580231c7f', 'backhaulConnection': 'Wired', 'parentSSID': None, 'ssidType': 'NORMAL', 'apSSID': 'SON VOWIFI', 'apHNRole': ''}]"
2019-03-24 03:45:01,Residence Phase 4,True,3d974bd2-d415-4f1a-88c1-8c9d88969d9c,1c8a4cf1-f730-4d39-86af-a4454c659e2f,Groupe ETS,0,[]
2019-03-24 03:45:01,,True,624b3fb6-e41f-483f-b763-e8e117c6f64a,cc7ae08e-dd05-4c89-8d74-d4bca0f7fd60,Francis R,0,"[{'radio': '2.4 GHz', 'apName': 'AP SON Francis', 'apPrimMacAddress': '04:bf:6d:5e:12:9f', 'apMacAddress': '04:bf:6d:5e:12:9c', 'lockToHNGroup': True, 'parentRadio': None, 'parentMacAddress': '', 'apId': '58878af043c33c0580231c61', 'backhaulConnection': 'Wired', 'parentSSID': None, 'ssidType': 'NORMAL', 'apSSID': 'SON', 'apHNRole': ''}, {'radio': '5 GHz', 'apName': 'AP SON Francis', 'apPrimMacAddress': '04:bf:6d:5e:12:9f', 'apMacAddress': '04:bf:6d:5e:12:9d', 'lockToHNGroup': True, 'parentRadio': None, 'parentMacAddress': '', 'apId': '58878af043c33c0580231c61', 'backhaulConnection': 'Wired', 'parentSSID': None, 'ssidType': 'NORMAL', 'apSSID': 'SON', 'apHNRole': ''}]"
2019-03-24 03:45:01,,True,6cb57c27-e491-4465-92b3-9d1deb4d951a,c40991a0-d887-401b-8174-bf3b2ab1ec11,Group Zyxel SON,0,"[{'radio': '5 GHz', 'apName': 'AP-SON-A-BRIDGE', 'apPrimMacAddress': '04:bf:6d:5e:26:87', 'apMacAddress': '04:bf:6d:5e:26:85', 'lockToHNGroup': False, 'parentRadio': None, 'parentMacAddress': '', 'apId': '58f8bbe443c33c059f9dc661', 'backhaulConnection': 'Wired', 'parentSSID': None, 'ssidType': 'NORMAL', 'apSSID': 'test', 'apHNRole': ''}, {'radio': '2.4 GHz', 'apName': 'AP-SON-A-BRIDGE', 'apPrimMacAddress': '04:bf:6d:5e:26:87', 'apMacAddress': '04:bf:6d:5e:26:84', 'lockToHNGroup': False, 'parentRadio': None, 'parentMacAddress': '', 'apId': '58f8bbe443c33c059f9dc661', 'backhaulConnection': 'Wired', 'parentSSID': None, 'ssidType': 'NORMAL', 'apSSID': 'test', 'apHNRole': ''}]"
2019-03-24 04:45:01,,True,3c57e65b-1f27-4dfd-96fc-407c64fdc07b,e79bc95a-27da-4b20-b9a2-c7768bdeb848,MJ,0,[]
2019-03-24 04:45:01,,True,d3fa6246-33eb-4653-be98-3ae01b4d7ced,cc4bdb92-01ed-4acd-972a-f0faedc4344d,612,0,"[{'apName': 'AP-SON-A', 'apPrimMacAddress': '04:bf:6d:5e:12:97', 'parentMacAddress': '', 'apHNRole': '', 'parentSSID': None, 'ssidType': 'NORMAL', 'parentRadio': None, 'apId': '588a3fc043c33c0580231c7f', 'lockToHNGroup': False, 'backhaulConnection': 'Wired', 'radio': '5 GHz', 'apSSID': 'SON VOWIFI', 'apMacAddress': '04:bf:6d:5e:12:95'}]"
2019-03-24 04:45:01,Residence Phase 4,True,3d974bd2-d415-4f1a-88c1-8c9d88969d9c,1c8a4cf1-f730-4d39-86af-a4454c659e2f,Groupe ETS,0,[]
2019-03-24 04:45:01,,True,624b3fb6-e41f-483f-b763-e8e117c6f64a,cc7ae08e-dd05-4c89-8d74-d4bca0f7fd60,Francis R,0,"[{'apName': 'AP SON Francis', 'apPrimMacAddress': '04:bf:6d:5e:12:9f', 'parentMacAddress': '', 'apHNRole': '', 'parentSSID': None, 'ssidType': 'NORMAL', 'parentRadio': None, 'apId': '58878af043c33c0580231c61', 'lockToHNGroup': True, 'backhaulConnection': 'Wired', 'radio': '2.4 GHz', 'apSSID': 'SON', 'apMacAddress': '04:bf:6d:5e:12:9c'}, {'apName': 'AP SON Francis', 'apPrimMacAddress': '04:bf:6d:5e:12:9f', 'parentMacAddress': '', 'apHNRole': '', 'parentSSID': None, 'ssidType': 'NORMAL', 'parentRadio': None, 'apId': '58878af043c33c0580231c61', 'lockToHNGroup': True, 'backhaulConnection': 'Wired', 'radio': '5 GHz', 'apSSID': 'SON', 'apMacAddress': '04:bf:6d:5e:12:9d'}]"
2019-03-24 04:45:01,,True,6cb57c27-e491-4465-92b3-9d1deb4d951a,c40991a0-d887-401b-8174-bf3b2ab1ec11,Group Zyxel SON,0,"[{'apName': 'AP-SON-A-BRIDGE', 'apPrimMacAddress': '04:bf:6d:5e:26:87', 'parentMacAddress': '', 'apHNRole': '', 'parentSSID': None, 'ssidType': 'NORMAL', 'parentRadio': None, 'apId': '58f8bbe443c33c059f9dc661', 'lockToHNGroup': False, 'backhaulConnection': 'Wired', 'radio': '5 GHz', 'apSSID': 'test', 'apMacAddress': '04:bf:6d:5e:26:85'}, {'apName': 'AP-SON-A-BRIDGE', 'apPrimMacAddress': '04:bf:6d:5e:26:87', 'parentMacAddress': '', 'apHNRole': '', 'parentSSID': None, 'ssidType': 'NORMAL', 'parentRadio': None, 'apId': '58f8bbe443c33c059f9dc661', 'lockToHNGroup': False, 'backhaulConnection': 'Wired', 'radio': '2.4 GHz', 'apSSID': 'test', 'apMacAddress': '04:bf:6d:5e:26:84'}]"
2019-03-24 05:45:01,,True,3c57e65b-1f27-4dfd-96fc-407c64fdc07b,e79bc95a-27da-4b20-b9a2-c7768bdeb848,MJ,0,[]
2019-03-24 05:45:01,,True,d3fa6246-33eb-4653-be98-3ae01b4d7ced,cc4bdb92-01ed-4acd-972a-f0faedc4344d,612,0,"[{'parentRadio': None, 'apSSID': 'SON VOWIFI', 'apId': '588a3fc043c33c0580231c7f', 'lockToHNGroup': False, 'parentSSID': None, 'apMacAddress': '04:bf:6d:5e:12:95', 'ssidType': 'NORMAL', 'apHNRole': '', 'backhaulConnection': 'Wired', 'parentMacAddress': '', 'radio': '5 GHz', 'apName': 'AP-SON-A', 'apPrimMacAddress': '04:bf:6d:5e:12:97'}]"
2019-03-24 05:45:01,Residence Phase 4,True,3d974bd2-d415-4f1a-88c1-8c9d88969d9c,1c8a4cf1-f730-4d39-86af-a4454c659e2f,Groupe ETS,0,[]
2019-03-24 05:45:01,,True,624b3fb6-e41f-483f-b763-e8e117c6f64a,cc7ae08e-dd05-4c89-8d74-d4bca0f7fd60,Francis R,0,"[{'parentRadio': None, 'apSSID': 'SON', 'apId': '58878af043c33c0580231c61', 'lockToHNGroup': True, 'parentSSID': None, 'apMacAddress': '04:bf:6d:5e:12:9c', 'ssidType': 'NORMAL', 'apHNRole': '', 'backhaulConnection': 'Wired', 'parentMacAddress': '', 'radio': '2.4 GHz', 'apName': 'AP SON Francis', 'apPrimMacAddress': '04:bf:6d:5e:12:9f'}, {'parentRadio': None, 'apSSID': 'SON', 'apId': '58878af043c33c0580231c61', 'lockToHNGroup': True, 'parentSSID': None, 'apMacAddress': '04:bf:6d:5e:12:9d', 'ssidType': 'NORMAL', 'apHNRole': '', 'backhaulConnection': 'Wired', 'parentMacAddress': '', 'radio': '5 GHz', 'apName': 'AP SON Francis', 'apPrimMacAddress': '04:bf:6d:5e:12:9f'}]"
2019-03-24 05:45:01,,True,6cb57c27-e491-4465-92b3-9d1deb4d951a,c40991a0-d887-401b-8174-bf3b2ab1ec11,Group Zyxel SON,0,"[{'parentRadio': None, 'apSSID': 'test', 'apId': '58f8bbe443c33c059f9dc661', 'lockToHNGroup': False, 'parentSSID': None, 'apMacAddress': '04:bf:6d:5e:26:85', 'ssidType': 'NORMAL', 'apHNRole': '', 'backhaulConnection': 'Wired', 'parentMacAddress': '', 'radio': '5 GHz', 'apName': 'AP-SON-A-BRIDGE', 'apPrimMacAddress': '04:bf:6d:5e:26:87'}, {'parentRadio': None, 'apSSID': 'test', 'apId': '58f8bbe443c33c059f9dc661', 'lockToHNGroup': False, 'parentSSID': None, 'apMacAddress': '04:bf:6d:5e:26:84', 'ssidType': 'NORMAL', 'apHNRole': '', 'backhaulConnection': 'Wired', 'parentMacAddress': '', 'radio': '2.4 GHz', 'apName': 'AP-SON-A-BRIDGE', 'apPrimMacAddress': '04:bf:6d:5e:26:87'}]"
2019-03-24 06:45:02,,True,3c57e65b-1f27-4dfd-96fc-407c64fdc07b,e79bc95a-27da-4b20-b9a2-c7768bdeb848,MJ,0,[]
2019-03-24 06:45:02,,True,d3fa6246-33eb-4653-be98-3ae01b4d7ced,cc4bdb92-01ed-4acd-972a-f0faedc4344d,612,0,"[{'apName': 'AP-SON-A', 'ssidType': 'NORMAL', 'apMacAddress': '04:bf:6d:5e:12:95', 'apPrimMacAddress': '04:bf:6d:5e:12:97', 'apSSID': 'SON VOWIFI', 'apId': '588a3fc043c33c0580231c7f', 'parentRadio': None, 'backhaulConnection': 'Wired', 'radio': '5 GHz', 'lockToHNGroup': False, 'parentSSID': None, 'parentMacAddress': '', 'apHNRole': ''}]"
2019-03-24 06:45:02,Residence Phase 4,True,3d974bd2-d415-4f1a-88c1-8c9d88969d9c,1c8a4cf1-f730-4d39-86af-a4454c659e2f,Groupe ETS,0,[]
2019-03-24 06:45:02,,True,624b3fb6-e41f-483f-b763-e8e117c6f64a,cc7ae08e-dd05-4c89-8d74-d4bca0f7fd60,Francis R,0,"[{'apName': 'AP SON Francis', 'ssidType': 'NORMAL', 'apMacAddress': '04:bf:6d:5e:12:9c', 'apPrimMacAddress': '04:bf:6d:5e:12:9f', 'apSSID': 'SON', 'apId': '58878af043c33c0580231c61', 'parentRadio': None, 'backhaulConnection': 'Wired', 'radio': '2.4 GHz', 'lockToHNGroup': True, 'parentSSID': None, 'parentMacAddress': '', 'apHNRole': ''}, {'apName': 'AP SON Francis', 'ssidType': 'NORMAL', 'apMacAddress': '04:bf:6d:5e:12:9d', 'apPrimMacAddress': '04:bf:6d:5e:12:9f', 'apSSID': 'SON', 'apId': '58878af043c33c0580231c61', 'parentRadio': None, 'backhaulConnection': 'Wired', 'radio': '5 GHz', 'lockToHNGroup': True, 'parentSSID': None, 'parentMacAddress': '', 'apHNRole': ''}]"
2019-03-24 06:45:02,,True,6cb57c27-e491-4465-92b3-9d1deb4d951a,c40991a0-d887-401b-8174-bf3b2ab1ec11,Group Zyxel SON,0,"[{'apName': 'AP-SON-A-BRIDGE', 'ssidType': 'NORMAL', 'apMacAddress': '04:bf:6d:5e:26:85', 'apPrimMacAddress': '04:bf:6d:5e:26:87', 'apSSID': 'test', 'apId': '58f8bbe443c33c059f9dc661', 'parentRadio': None, 'backhaulConnection': 'Wired', 'radio': '5 GHz', 'lockToHNGroup': False, 'parentSSID': None, 'parentMacAddress': '', 'apHNRole': ''}, {'apName': 'AP-SON-A-BRIDGE', 'ssidType': 'NORMAL', 'apMacAddress': '04:bf:6d:5e:26:84', 'apPrimMacAddress': '04:bf:6d:5e:26:87', 'apSSID': 'test', 'apId': '58f8bbe443c33c059f9dc661', 'parentRadio': None, 'backhaulConnection': 'Wired', 'radio': '2.4 GHz', 'lockToHNGroup': False, 'parentSSID': None, 'parentMacAddress': '', 'apHNRole': ''}]"
2019-03-24 07:45:01,,True,3c57e65b-1f27-4dfd-96fc-407c64fdc07b,e79bc95a-27da-4b20-b9a2-c7768bdeb848,MJ,0,[]
2019-03-24 07:45:01,,True,d3fa6246-33eb-4653-be98-3ae01b4d7ced,cc4bdb92-01ed-4acd-972a-f0faedc4344d,612,0,"[{'apId': '588a3fc043c33c0580231c7f', 'ssidType': 'NORMAL', 'apHNRole': '', 'radio': '5 GHz', 'apSSID': 'SON VOWIFI', 'apName': 'AP-SON-A', 'lockToHNGroup': False, 'parentMacAddress': '', 'parentSSID': None, 'apMacAddress': '04:bf:6d:5e:12:95', 'parentRadio': None, 'backhaulConnection': 'Wired', 'apPrimMacAddress': '04:bf:6d:5e:12:97'}]"
2019-03-24 07:45:01,Residence Phase 4,True,3d974bd2-d415-4f1a-88c1-8c9d88969d9c,1c8a4cf1-f730-4d39-86af-a4454c659e2f,Groupe ETS,0,[]
2019-03-24 07:45:01,,True,624b3fb6-e41f-483f-b763-e8e117c6f64a,cc7ae08e-dd05-4c89-8d74-d4bca0f7fd60,Francis R,0,"[{'apId': '58878af043c33c0580231c61', 'ssidType': 'NORMAL', 'apHNRole': '', 'radio': '2.4 GHz', 'apSSID': 'SON', 'apName': 'AP SON Francis', 'lockToHNGroup': True, 'parentMacAddress': '', 'parentSSID': None, 'apMacAddress': '04:bf:6d:5e:12:9c', 'parentRadio': None, 'backhaulConnection': 'Wired', 'apPrimMacAddress': '04:bf:6d:5e:12:9f'}, {'apId': '58878af043c33c0580231c61', 'ssidType': 'NORMAL', 'apHNRole': '', 'radio': '5 GHz', 'apSSID': 'SON', 'apName': 'AP SON Francis', 'lockToHNGroup': True, 'parentMacAddress': '', 'parentSSID': None, 'apMacAddress': '04:bf:6d:5e:12:9d', 'parentRadio': None, 'backhaulConnection': 'Wired', 'apPrimMacAddress': '04:bf:6d:5e:12:9f'}]"
2019-03-24 07:45:01,,True,6cb57c27-e491-4465-92b3-9d1deb4d951a,c40991a0-d887-401b-8174-bf3b2ab1ec11,Group Zyxel SON,0,"[{'apId': '58f8bbe443c33c059f9dc661', 'ssidType': 'NORMAL', 'apHNRole': '', 'radio': '5 GHz', 'apSSID': 'test', 'apName': 'AP-SON-A-BRIDGE', 'lockToHNGroup': False, 'parentMacAddress': '', 'parentSSID': None, 'apMacAddress': '04:bf:6d:5e:26:85', 'parentRadio': None, 'backhaulConnection': 'Wired', 'apPrimMacAddress': '04:bf:6d:5e:26:87'}, {'apId': '58f8bbe443c33c059f9dc661', 'ssidType': 'NORMAL', 'apHNRole': '', 'radio': '2.4 GHz', 'apSSID': 'test', 'apName': 'AP-SON-A-BRIDGE', 'lockToHNGroup': False, 'parentMacAddress': '', 'parentSSID': None, 'apMacAddress': '04:bf:6d:5e:26:84', 'parentRadio': None, 'backhaulConnection': 'Wired', 'apPrimMacAddress': '04:bf:6d:5e:26:87'}]"
2019-03-24 08:45:01,,True,3c57e65b-1f27-4dfd-96fc-407c64fdc07b,e79bc95a-27da-4b20-b9a2-c7768bdeb848,MJ,0,[]
2019-03-24 08:45:01,,True,d3fa6246-33eb-4653-be98-3ae01b4d7ced,cc4bdb92-01ed-4acd-972a-f0faedc4344d,612,0,"[{'parentMacAddress': '', 'apId': '588a3fc043c33c0580231c7f', 'apSSID': 'SON VOWIFI', 'backhaulConnection': 'Wired', 'apMacAddress': '04:bf:6d:5e:12:95', 'apPrimMacAddress': '04:bf:6d:5e:12:97', 'ssidType': 'NORMAL', 'apHNRole': '', 'parentSSID': None, 'lockToHNGroup': False, 'radio': '5 GHz', 'apName': 'AP-SON-A', 'parentRadio': None}]"
2019-03-24 08:45:01,Residence Phase 4,True,3d974bd2-d415-4f1a-88c1-8c9d88969d9c,1c8a4cf1-f730-4d39-86af-a4454c659e2f,Groupe ETS,0,[]
2019-03-24 08:45:01,,True,624b3fb6-e41f-483f-b763-e8e117c6f64a,cc7ae08e-dd05-4c89-8d74-d4bca0f7fd60,Francis R,0,"[{'parentMacAddress': '', 'apId': '58878af043c33c0580231c61', 'apSSID': 'SON', 'backhaulConnection': 'Wired', 'apMacAddress': '04:bf:6d:5e:12:9c', 'apPrimMacAddress': '04:bf:6d:5e:12:9f', 'ssidType': 'NORMAL', 'apHNRole': '', 'parentSSID': None, 'lockToHNGroup': True, 'radio': '2.4 GHz', 'apName': 'AP SON Francis', 'parentRadio': None}, {'parentMacAddress': '', 'apId': '58878af043c33c0580231c61', 'apSSID': 'SON', 'backhaulConnection': 'Wired', 'apMacAddress': '04:bf:6d:5e:12:9d', 'apPrimMacAddress': '04:bf:6d:5e:12:9f', 'ssidType': 'NORMAL', 'apHNRole': '', 'parentSSID': None, 'lockToHNGroup': True, 'radio': '5 GHz', 'apName': 'AP SON Francis', 'parentRadio': None}]"
2019-03-24 08:45:01,,True,6cb57c27-e491-4465-92b3-9d1deb4d951a,c40991a0-d887-401b-8174-bf3b2ab1ec11,Group Zyxel SON,0,"[{'parentMacAddress': '', 'apId': '58f8bbe443c33c059f9dc661', 'apSSID': 'test', 'backhaulConnection': 'Wired', 'apMacAddress': '04:bf:6d:5e:26:85', 'apPrimMacAddress': '04:bf:6d:5e:26:87', 'ssidType': 'NORMAL', 'apHNRole': '', 'parentSSID': None, 'lockToHNGroup': False, 'radio': '5 GHz', 'apName': 'AP-SON-A-BRIDGE', 'parentRadio': None}, {'parentMacAddress': '', 'apId': '58f8bbe443c33c059f9dc661', 'apSSID': 'test', 'backhaulConnection': 'Wired', 'apMacAddress': '04:bf:6d:5e:26:84', 'apPrimMacAddress': '04:bf:6d:5e:26:87', 'ssidType': 'NORMAL', 'apHNRole': '', 'parentSSID': None, 'lockToHNGroup': False, 'radio': '2.4 GHz', 'apName': 'AP-SON-A-BRIDGE', 'parentRadio': None}]"
2019-03-24 09:45:02,,True,3c57e65b-1f27-4dfd-96fc-407c64fdc07b,e79bc95a-27da-4b20-b9a2-c7768bdeb848,MJ,0,[]
2019-03-24 09:45:02,,True,d3fa6246-33eb-4653-be98-3ae01b4d7ced,cc4bdb92-01ed-4acd-972a-f0faedc4344d,612,0,"[{'backhaulConnection': 'Wired', 'apSSID': 'SON VOWIFI', 'apPrimMacAddress': '04:bf:6d:5e:12:97', 'ssidType': 'NORMAL', 'parentMacAddress': '', 'radio': '5 GHz', 'parentSSID': None, 'apHNRole': '', 'parentRadio': None, 'apName': 'AP-SON-A', 'apId': '588a3fc043c33c0580231c7f', 'lockToHNGroup': False, 'apMacAddress': '04:bf:6d:5e:12:95'}]"
2019-03-24 09:45:02,Residence Phase 4,True,3d974bd2-d415-4f1a-88c1-8c9d88969d9c,1c8a4cf1-f730-4d39-86af-a4454c659e2f,Groupe ETS,0,[]
2019-03-24 09:45:02,,True,624b3fb6-e41f-483f-b763-e8e117c6f64a,cc7ae08e-dd05-4c89-8d74-d4bca0f7fd60,Francis R,0,"[{'backhaulConnection': 'Wired', 'apSSID': 'SON', 'apPrimMacAddress': '04:bf:6d:5e:12:9f', 'ssidType': 'NORMAL', 'parentMacAddress': '', 'radio': '2.4 GHz', 'parentSSID': None, 'apHNRole': '', 'parentRadio': None, 'apName': 'AP SON Francis', 'apId': '58878af043c33c0580231c61', 'lockToHNGroup': True, 'apMacAddress': '04:bf:6d:5e:12:9c'}, {'backhaulConnection': 'Wired', 'apSSID': 'SON', 'apPrimMacAddress': '04:bf:6d:5e:12:9f', 'ssidType': 'NORMAL', 'parentMacAddress': '', 'radio': '5 GHz', 'parentSSID': None, 'apHNRole': '', 'parentRadio': None, 'apName': 'AP SON Francis', 'apId': '58878af043c33c0580231c61', 'lockToHNGroup': True, 'apMacAddress': '04:bf:6d:5e:12:9d'}]"
2019-03-24 09:45:02,,True,6cb57c27-e491-4465-92b3-9d1deb4d951a,c40991a0-d887-401b-8174-bf3b2ab1ec11,Group Zyxel SON,0,"[{'backhaulConnection': 'Wired', 'apSSID': 'test', 'apPrimMacAddress': '04:bf:6d:5e:26:87', 'ssidType': 'NORMAL', 'parentMacAddress': '', 'radio': '5 GHz', 'parentSSID': None, 'apHNRole': '', 'parentRadio': None, 'apName': 'AP-SON-A-BRIDGE', 'apId': '58f8bbe443c33c059f9dc661', 'lockToHNGroup': False, 'apMacAddress': '04:bf:6d:5e:26:85'}, {'backhaulConnection': 'Wired', 'apSSID': 'test', 'apPrimMacAddress': '04:bf:6d:5e:26:87', 'ssidType': 'NORMAL', 'parentMacAddress': '', 'radio': '2.4 GHz', 'parentSSID': None, 'apHNRole': '', 'parentRadio': None, 'apName': 'AP-SON-A-BRIDGE', 'apId': '58f8bbe443c33c059f9dc661', 'lockToHNGroup': False, 'apMacAddress': '04:bf:6d:5e:26:84'}]"
2019-03-24 10:45:01,,True,3c57e65b-1f27-4dfd-96fc-407c64fdc07b,e79bc95a-27da-4b20-b9a2-c7768bdeb848,MJ,0,[]
2019-03-24 10:45:01,,True,d3fa6246-33eb-4653-be98-3ae01b4d7ced,cc4bdb92-01ed-4acd-972a-f0faedc4344d,612,0,"[{'parentRadio': None, 'apPrimMacAddress': '04:bf:6d:5e:12:97', 'ssidType': 'NORMAL', 'apHNRole': '', 'apName': 'AP-SON-A', 'apId': '588a3fc043c33c0580231c7f', 'backhaulConnection': 'Wired', 'apMacAddress': '04:bf:6d:5e:12:95', 'lockToHNGroup': False, 'apSSID': 'SON VOWIFI', 'radio': '5 GHz', 'parentSSID': None, 'parentMacAddress': ''}]"
2019-03-24 10:45:01,Residence Phase 4,True,3d974bd2-d415-4f1a-88c1-8c9d88969d9c,1c8a4cf1-f730-4d39-86af-a4454c659e2f,Groupe ETS,0,[]
2019-03-24 10:45:01,,True,624b3fb6-e41f-483f-b763-e8e117c6f64a,cc7ae08e-dd05-4c89-8d74-d4bca0f7fd60,Francis R,0,"[{'parentRadio': None, 'apPrimMacAddress': '04:bf:6d:5e:12:9f', 'ssidType': 'NORMAL', 'apHNRole': '', 'apName': 'AP SON Francis', 'apId': '58878af043c33c0580231c61', 'backhaulConnection': 'Wired', 'apMacAddress': '04:bf:6d:5e:12:9c', 'lockToHNGroup': True, 'apSSID': 'SON', 'radio': '2.4 GHz', 'parentSSID': None, 'parentMacAddress': ''}, {'parentRadio': None, 'apPrimMacAddress': '04:bf:6d:5e:12:9f', 'ssidType': 'NORMAL', 'apHNRole': '', 'apName': 'AP SON Francis', 'apId': '58878af043c33c0580231c61', 'backhaulConnection': 'Wired', 'apMacAddress': '04:bf:6d:5e:12:9d', 'lockToHNGroup': True, 'apSSID': 'SON', 'radio': '5 GHz', 'parentSSID': None, 'parentMacAddress': ''}]"
2019-03-24 10:45:01,,True,6cb57c27-e491-4465-92b3-9d1deb4d951a,c40991a0-d887-401b-8174-bf3b2ab1ec11,Group Zyxel SON,0,"[{'parentRadio': None, 'apPrimMacAddress': '04:bf:6d:5e:26:87', 'ssidType': 'NORMAL', 'apHNRole': '', 'apName': 'AP-SON-A-BRIDGE', 'apId': '58f8bbe443c33c059f9dc661', 'backhaulConnection': 'Wired', 'apMacAddress': '04:bf:6d:5e:26:85', 'lockToHNGroup': False, 'apSSID': 'test', 'radio': '5 GHz', 'parentSSID': None, 'parentMacAddress': ''}, {'parentRadio': None, 'apPrimMacAddress': '04:bf:6d:5e:26:87', 'ssidType': 'NORMAL', 'apHNRole': '', 'apName': 'AP-SON-A-BRIDGE', 'apId': '58f8bbe443c33c059f9dc661', 'backhaulConnection': 'Wired', 'apMacAddress': '04:bf:6d:5e:26:84', 'lockToHNGroup': False, 'apSSID': 'test', 'radio': '2.4 GHz', 'parentSSID': None, 'parentMacAddress': ''}]"
2019-03-24 11:45:01,,True,3c57e65b-1f27-4dfd-96fc-407c64fdc07b,e79bc95a-27da-4b20-b9a2-c7768bdeb848,MJ,0,[]
2019-03-24 11:45:01,,True,d3fa6246-33eb-4653-be98-3ae01b4d7ced,cc4bdb92-01ed-4acd-972a-f0faedc4344d,612,0,"[{'apPrimMacAddress': '04:bf:6d:5e:12:97', 'parentSSID': None, 'parentMacAddress': '', 'parentRadio': None, 'apHNRole': '', 'apName': 'AP-SON-A', 'apId': '588a3fc043c33c0580231c7f', 'ssidType': 'NORMAL', 'backhaulConnection': 'Wired', 'apSSID': 'SON VOWIFI', 'apMacAddress': '04:bf:6d:5e:12:95', 'lockToHNGroup': False, 'radio': '5 GHz'}]"
2019-03-24 11:45:01,Residence Phase 4,True,3d974bd2-d415-4f1a-88c1-8c9d88969d9c,1c8a4cf1-f730-4d39-86af-a4454c659e2f,Groupe ETS,0,[]
2019-03-24 11:45:01,,True,624b3fb6-e41f-483f-b763-e8e117c6f64a,cc7ae08e-dd05-4c89-8d74-d4bca0f7fd60,Francis R,0,"[{'apPrimMacAddress': '04:bf:6d:5e:12:9f', 'parentSSID': None, 'parentMacAddress': '', 'parentRadio': None, 'apHNRole': '', 'apName': 'AP SON Francis', 'apId': '58878af043c33c0580231c61', 'ssidType': 'NORMAL', 'backhaulConnection': 'Wired', 'apSSID': 'SON', 'apMacAddress': '04:bf:6d:5e:12:9c', 'lockToHNGroup': True, 'radio': '2.4 GHz'}, {'apPrimMacAddress': '04:bf:6d:5e:12:9f', 'parentSSID': None, 'parentMacAddress': '', 'parentRadio': None, 'apHNRole': '', 'apName': 'AP SON Francis', 'apId': '58878af043c33c0580231c61', 'ssidType': 'NORMAL', 'backhaulConnection': 'Wired', 'apSSID': 'SON', 'apMacAddress': '04:bf:6d:5e:12:9d', 'lockToHNGroup': True, 'radio': '5 GHz'}]"
2019-03-24 11:45:01,,True,6cb57c27-e491-4465-92b3-9d1deb4d951a,c40991a0-d887-401b-8174-bf3b2ab1ec11,Group Zyxel SON,0,"[{'apPrimMacAddress': '04:bf:6d:5e:26:87', 'parentSSID': None, 'parentMacAddress': '', 'parentRadio': None, 'apHNRole': '', 'apName': 'AP-SON-A-BRIDGE', 'apId': '58f8bbe443c33c059f9dc661', 'ssidType': 'NORMAL', 'backhaulConnection': 'Wired', 'apSSID': 'test', 'apMacAddress': '04:bf:6d:5e:26:85', 'lockToHNGroup': False, 'radio': '5 GHz'}, {'apPrimMacAddress': '04:bf:6d:5e:26:87', 'parentSSID': None, 'parentMacAddress': '', 'parentRadio': None, 'apHNRole': '', 'apName': 'AP-SON-A-BRIDGE', 'apId': '58f8bbe443c33c059f9dc661', 'ssidType': 'NORMAL', 'backhaulConnection': 'Wired', 'apSSID': 'test', 'apMacAddress': '04:bf:6d:5e:26:84', 'lockToHNGroup': False, 'radio': '2.4 GHz'}]"
2019-03-24 12:45:01,,True,3c57e65b-1f27-4dfd-96fc-407c64fdc07b,e79bc95a-27da-4b20-b9a2-c7768bdeb848,MJ,0,[]
2019-03-24 12:45:01,,True,d3fa6246-33eb-4653-be98-3ae01b4d7ced,cc4bdb92-01ed-4acd-972a-f0faedc4344d,612,0,"[{'apName': 'AP-SON-A', 'apHNRole': '', 'ssidType': 'NORMAL', 'lockToHNGroup': False, 'radio': '5 GHz', 'apMacAddress': '04:bf:6d:5e:12:95', 'apId': '588a3fc043c33c0580231c7f', 'backhaulConnection': 'Wired', 'parentRadio': None, 'parentSSID': None, 'apPrimMacAddress': '04:bf:6d:5e:12:97', 'parentMacAddress': '', 'apSSID': 'SON VOWIFI'}]"
2019-03-24 12:45:01,Residence Phase 4,True,3d974bd2-d415-4f1a-88c1-8c9d88969d9c,1c8a4cf1-f730-4d39-86af-a4454c659e2f,Groupe ETS,0,[]
2019-03-24 12:45:01,,True,624b3fb6-e41f-483f-b763-e8e117c6f64a,cc7ae08e-dd05-4c89-8d74-d4bca0f7fd60,Francis R,0,"[{'apName': 'AP SON Francis', 'apHNRole': '', 'ssidType': 'NORMAL', 'lockToHNGroup': True, 'radio': '2.4 GHz', 'apMacAddress': '04:bf:6d:5e:12:9c', 'apId': '58878af043c33c0580231c61', 'backhaulConnection': 'Wired', 'parentRadio': None, 'parentSSID': None, 'apPrimMacAddress': '04:bf:6d:5e:12:9f', 'parentMacAddress': '', 'apSSID': 'SON'}, {'apName': 'AP SON Francis', 'apHNRole': '', 'ssidType': 'NORMAL', 'lockToHNGroup': True, 'radio': '5 GHz', 'apMacAddress': '04:bf:6d:5e:12:9d', 'apId': '58878af043c33c0580231c61', 'backhaulConnection': 'Wired', 'parentRadio': None, 'parentSSID': None, 'apPrimMacAddress': '04:bf:6d:5e:12:9f', 'parentMacAddress': '', 'apSSID': 'SON'}]"
2019-03-24 12:45:01,,True,6cb57c27-e491-4465-92b3-9d1deb4d951a,c40991a0-d887-401b-8174-bf3b2ab1ec11,Group Zyxel SON,0,"[{'apName': 'AP-SON-A-BRIDGE', 'apHNRole': '', 'ssidType': 'NORMAL', 'lockToHNGroup': False, 'radio': '5 GHz', 'apMacAddress': '04:bf:6d:5e:26:85', 'apId': '58f8bbe443c33c059f9dc661', 'backhaulConnection': 'Wired', 'parentRadio': None, 'parentSSID': None, 'apPrimMacAddress': '04:bf:6d:5e:26:87', 'parentMacAddress': '', 'apSSID': 'test'}, {'apName': 'AP-SON-A-BRIDGE', 'apHNRole': '', 'ssidType': 'NORMAL', 'lockToHNGroup': False, 'radio': '2.4 GHz', 'apMacAddress': '04:bf:6d:5e:26:84', 'apId': '58f8bbe443c33c059f9dc661', 'backhaulConnection': 'Wired', 'parentRadio': None, 'parentSSID': None, 'apPrimMacAddress': '04:bf:6d:5e:26:87', 'parentMacAddress': '', 'apSSID': 'test'}]"
2019-03-24 13:45:01,,True,3c57e65b-1f27-4dfd-96fc-407c64fdc07b,e79bc95a-27da-4b20-b9a2-c7768bdeb848,MJ,0,[]
2019-03-24 13:45:01,,True,d3fa6246-33eb-4653-be98-3ae01b4d7ced,cc4bdb92-01ed-4acd-972a-f0faedc4344d,612,0,"[{'apId': '588a3fc043c33c0580231c7f', 'apPrimMacAddress': '04:bf:6d:5e:12:97', 'apSSID': 'SON VOWIFI', 'apName': 'AP-SON-A', 'lockToHNGroup': False, 'radio': '5 GHz', 'apHNRole': '', 'ssidType': 'NORMAL', 'apMacAddress': '04:bf:6d:5e:12:95', 'parentSSID': None, 'parentRadio': None, 'backhaulConnection': 'Wired', 'parentMacAddress': ''}]"
2019-03-24 13:45:01,Residence Phase 4,True,3d974bd2-d415-4f1a-88c1-8c9d88969d9c,1c8a4cf1-f730-4d39-86af-a4454c659e2f,Groupe ETS,0,[]
2019-03-24 13:45:01,,True,624b3fb6-e41f-483f-b763-e8e117c6f64a,cc7ae08e-dd05-4c89-8d74-d4bca0f7fd60,Francis R,0,"[{'apId': '58878af043c33c0580231c61', 'apPrimMacAddress': '04:bf:6d:5e:12:9f', 'apSSID': 'SON', 'apName': 'AP SON Francis', 'lockToHNGroup': True, 'radio': '2.4 GHz', 'apHNRole': '', 'ssidType': 'NORMAL', 'apMacAddress': '04:bf:6d:5e:12:9c', 'parentSSID': None, 'parentRadio': None, 'backhaulConnection': 'Wired', 'parentMacAddress': ''}, {'apId': '58878af043c33c0580231c61', 'apPrimMacAddress': '04:bf:6d:5e:12:9f', 'apSSID': 'SON', 'apName': 'AP SON Francis', 'lockToHNGroup': True, 'radio': '5 GHz', 'apHNRole': '', 'ssidType': 'NORMAL', 'apMacAddress': '04:bf:6d:5e:12:9d', 'parentSSID': None, 'parentRadio': None, 'backhaulConnection': 'Wired', 'parentMacAddress': ''}]"
2019-03-24 13:45:01,,True,6cb57c27-e491-4465-92b3-9d1deb4d951a,c40991a0-d887-401b-8174-bf3b2ab1ec11,Group Zyxel SON,0,"[{'apId': '58f8bbe443c33c059f9dc661', 'apPrimMacAddress': '04:bf:6d:5e:26:87', 'apSSID': 'test', 'apName': 'AP-SON-A-BRIDGE', 'lockToHNGroup': False, 'radio': '5 GHz', 'apHNRole': '', 'ssidType': 'NORMAL', 'apMacAddress': '04:bf:6d:5e:26:85', 'parentSSID': None, 'parentRadio': None, 'backhaulConnection': 'Wired', 'parentMacAddress': ''}, {'apId': '58f8bbe443c33c059f9dc661', 'apPrimMacAddress': '04:bf:6d:5e:26:87', 'apSSID': 'test', 'apName': 'AP-SON-A-BRIDGE', 'lockToHNGroup': False, 'radio': '2.4 GHz', 'apHNRole': '', 'ssidType': 'NORMAL', 'apMacAddress': '04:bf:6d:5e:26:84', 'parentSSID': None, 'parentRadio': None, 'backhaulConnection': 'Wired', 'parentMacAddress': ''}]"
2019-03-24 14:45:02,,True,3c57e65b-1f27-4dfd-96fc-407c64fdc07b,e79bc95a-27da-4b20-b9a2-c7768bdeb848,MJ,0,[]
2019-03-24 14:45:02,,True,d3fa6246-33eb-4653-be98-3ae01b4d7ced,cc4bdb92-01ed-4acd-972a-f0faedc4344d,612,0,"[{'apId': '588a3fc043c33c0580231c7f', 'apHNRole': '', 'apMacAddress': '04:bf:6d:5e:12:95', 'apSSID': 'SON VOWIFI', 'parentSSID': None, 'lockToHNGroup': False, 'ssidType': 'NORMAL', 'backhaulConnection': 'Wired', 'apPrimMacAddress': '04:bf:6d:5e:12:97', 'apName': 'AP-SON-A', 'parentRadio': None, 'parentMacAddress': '', 'radio': '5 GHz'}]"
2019-03-24 14:45:02,Residence Phase 4,True,3d974bd2-d415-4f1a-88c1-8c9d88969d9c,1c8a4cf1-f730-4d39-86af-a4454c659e2f,Groupe ETS,0,[]
2019-03-24 14:45:02,,True,624b3fb6-e41f-483f-b763-e8e117c6f64a,cc7ae08e-dd05-4c89-8d74-d4bca0f7fd60,Francis R,0,"[{'apId': '58878af043c33c0580231c61', 'apHNRole': '', 'apMacAddress': '04:bf:6d:5e:12:9c', 'apSSID': 'SON', 'parentSSID': None, 'lockToHNGroup': True, 'ssidType': 'NORMAL', 'backhaulConnection': 'Wired', 'apPrimMacAddress': '04:bf:6d:5e:12:9f', 'apName': 'AP SON Francis', 'parentRadio': None, 'parentMacAddress': '', 'radio': '2.4 GHz'}, {'apId': '58878af043c33c0580231c61', 'apHNRole': '', 'apMacAddress': '04:bf:6d:5e:12:9d', 'apSSID': 'SON', 'parentSSID': None, 'lockToHNGroup': True, 'ssidType': 'NORMAL', 'backhaulConnection': 'Wired', 'apPrimMacAddress': '04:bf:6d:5e:12:9f', 'apName': 'AP SON Francis', 'parentRadio': None, 'parentMacAddress': '', 'radio': '5 GHz'}]"
2019-03-24 14:45:02,,True,6cb57c27-e491-4465-92b3-9d1deb4d951a,c40991a0-d887-401b-8174-bf3b2ab1ec11,Group Zyxel SON,0,"[{'apId': '58f8bbe443c33c059f9dc661', 'apHNRole': '', 'apMacAddress': '04:bf:6d:5e:26:85', 'apSSID': 'test', 'parentSSID': None, 'lockToHNGroup': False, 'ssidType': 'NORMAL', 'backhaulConnection': 'Wired', 'apPrimMacAddress': '04:bf:6d:5e:26:87', 'apName': 'AP-SON-A-BRIDGE', 'parentRadio': None, 'parentMacAddress': '', 'radio': '5 GHz'}, {'apId': '58f8bbe443c33c059f9dc661', 'apHNRole': '', 'apMacAddress': '04:bf:6d:5e:26:84', 'apSSID': 'test', 'parentSSID': None, 'lockToHNGroup': False, 'ssidType': 'NORMAL', 'backhaulConnection': 'Wired', 'apPrimMacAddress': '04:bf:6d:5e:26:87', 'apName': 'AP-SON-A-BRIDGE', 'parentRadio': None, 'parentMacAddress': '', 'radio': '2.4 GHz'}]"
2019-03-24 15:45:01,,True,3c57e65b-1f27-4dfd-96fc-407c64fdc07b,e79bc95a-27da-4b20-b9a2-c7768bdeb848,MJ,0,[]
2019-03-24 15:45:01,,True,d3fa6246-33eb-4653-be98-3ae01b4d7ced,cc4bdb92-01ed-4acd-972a-f0faedc4344d,612,0,"[{'apName': 'AP-SON-A', 'apSSID': 'SON VOWIFI', 'apId': '588a3fc043c33c0580231c7f', 'parentMacAddress': '', 'parentRadio': None, 'radio': '5 GHz', 'parentSSID': None, 'ssidType': 'NORMAL', 'lockToHNGroup': False, 'apPrimMacAddress': '04:bf:6d:5e:12:97', 'backhaulConnection': 'Wired', 'apMacAddress': '04:bf:6d:5e:12:95', 'apHNRole': ''}]"
2019-03-24 15:45:01,Residence Phase 4,True,3d974bd2-d415-4f1a-88c1-8c9d88969d9c,1c8a4cf1-f730-4d39-86af-a4454c659e2f,Groupe ETS,0,[]
2019-03-24 15:45:01,,True,624b3fb6-e41f-483f-b763-e8e117c6f64a,cc7ae08e-dd05-4c89-8d74-d4bca0f7fd60,Francis R,0,"[{'apName': 'AP SON Francis', 'apSSID': 'SON', 'apId': '58878af043c33c0580231c61', 'parentMacAddress': '', 'parentRadio': None, 'radio': '2.4 GHz', 'parentSSID': None, 'ssidType': 'NORMAL', 'lockToHNGroup': True, 'apPrimMacAddress': '04:bf:6d:5e:12:9f', 'backhaulConnection': 'Wired', 'apMacAddress': '04:bf:6d:5e:12:9c', 'apHNRole': ''}, {'apName': 'AP SON Francis', 'apSSID': 'SON', 'apId': '58878af043c33c0580231c61', 'parentMacAddress': '', 'parentRadio': None, 'radio': '5 GHz', 'parentSSID': None, 'ssidType': 'NORMAL', 'lockToHNGroup': True, 'apPrimMacAddress': '04:bf:6d:5e:12:9f', 'backhaulConnection': 'Wired', 'apMacAddress': '04:bf:6d:5e:12:9d', 'apHNRole': ''}]"
2019-03-24 15:45:01,,True,6cb57c27-e491-4465-92b3-9d1deb4d951a,c40991a0-d887-401b-8174-bf3b2ab1ec11,Group Zyxel SON,0,"[{'apName': 'AP-SON-A-BRIDGE', 'apSSID': 'test', 'apId': '58f8bbe443c33c059f9dc661', 'parentMacAddress': '', 'parentRadio': None, 'radio': '5 GHz', 'parentSSID': None, 'ssidType': 'NORMAL', 'lockToHNGroup': False, 'apPrimMacAddress': '04:bf:6d:5e:26:87', 'backhaulConnection': 'Wired', 'apMacAddress': '04:bf:6d:5e:26:85', 'apHNRole': ''}, {'apName': 'AP-SON-A-BRIDGE', 'apSSID': 'test', 'apId': '58f8bbe443c33c059f9dc661', 'parentMacAddress': '', 'parentRadio': None, 'radio': '2.4 GHz', 'parentSSID': None, 'ssidType': 'NORMAL', 'lockToHNGroup': False, 'apPrimMacAddress': '04:bf:6d:5e:26:87', 'backhaulConnection': 'Wired', 'apMacAddress': '04:bf:6d:5e:26:84', 'apHNRole': ''}]"
2019-03-24 16:45:01,,True,3c57e65b-1f27-4dfd-96fc-407c64fdc07b,e79bc95a-27da-4b20-b9a2-c7768bdeb848,MJ,0,[]
2019-03-24 16:45:01,,True,d3fa6246-33eb-4653-be98-3ae01b4d7ced,cc4bdb92-01ed-4acd-972a-f0faedc4344d,612,0,"[{'apHNRole': '', 'backhaulConnection': 'Wired', 'ssidType': 'NORMAL', 'apSSID': 'SON VOWIFI', 'radio': '5 GHz', 'lockToHNGroup': False, 'parentRadio': None, 'apName': 'AP-SON-A', 'parentMacAddress': '', 'apPrimMacAddress': '04:bf:6d:5e:12:97', 'apMacAddress': '04:bf:6d:5e:12:95', 'apId': '588a3fc043c33c0580231c7f', 'parentSSID': None}]"
2019-03-24 16:45:01,Residence Phase 4,True,3d974bd2-d415-4f1a-88c1-8c9d88969d9c,1c8a4cf1-f730-4d39-86af-a4454c659e2f,Groupe ETS,0,[]
2019-03-24 16:45:01,,True,624b3fb6-e41f-483f-b763-e8e117c6f64a,cc7ae08e-dd05-4c89-8d74-d4bca0f7fd60,Francis R,0,"[{'apHNRole': '', 'backhaulConnection': 'Wired', 'ssidType': 'NORMAL', 'apSSID': 'SON', 'radio': '2.4 GHz', 'lockToHNGroup': True, 'parentRadio': None, 'apName': 'AP SON Francis', 'parentMacAddress': '', 'apPrimMacAddress': '04:bf:6d:5e:12:9f', 'apMacAddress': '04:bf:6d:5e:12:9c', 'apId': '58878af043c33c0580231c61', 'parentSSID': None}, {'apHNRole': '', 'backhaulConnection': 'Wired', 'ssidType': 'NORMAL', 'apSSID': 'SON', 'radio': '5 GHz', 'lockToHNGroup': True, 'parentRadio': None, 'apName': 'AP SON Francis', 'parentMacAddress': '', 'apPrimMacAddress': '04:bf:6d:5e:12:9f', 'apMacAddress': '04:bf:6d:5e:12:9d', 'apId': '58878af043c33c0580231c61', 'parentSSID': None}]"
2019-03-24 16:45:01,,True,6cb57c27-e491-4465-92b3-9d1deb4d951a,c40991a0-d887-401b-8174-bf3b2ab1ec11,Group Zyxel SON,0,"[{'apHNRole': '', 'backhaulConnection': 'Wired', 'ssidType': 'NORMAL', 'apSSID': 'test', 'radio': '5 GHz', 'lockToHNGroup': False, 'parentRadio': None, 'apName': 'AP-SON-A-BRIDGE', 'parentMacAddress': '', 'apPrimMacAddress': '04:bf:6d:5e:26:87', 'apMacAddress': '04:bf:6d:5e:26:85', 'apId': '58f8bbe443c33c059f9dc661', 'parentSSID': None}, {'apHNRole': '', 'backhaulConnection': 'Wired', 'ssidType': 'NORMAL', 'apSSID': 'test', 'radio': '2.4 GHz', 'lockToHNGroup': False, 'parentRadio': None, 'apName': 'AP-SON-A-BRIDGE', 'parentMacAddress': '', 'apPrimMacAddress': '04:bf:6d:5e:26:87', 'apMacAddress': '04:bf:6d:5e:26:84', 'apId': '58f8bbe443c33c059f9dc661', 'parentSSID': None}]"
2019-03-24 17:45:01,,True,3c57e65b-1f27-4dfd-96fc-407c64fdc07b,e79bc95a-27da-4b20-b9a2-c7768bdeb848,MJ,0,[]
2019-03-24 17:45:01,,True,d3fa6246-33eb-4653-be98-3ae01b4d7ced,cc4bdb92-01ed-4acd-972a-f0faedc4344d,612,0,"[{'backhaulConnection': 'Wired', 'parentSSID': None, 'apMacAddress': '04:bf:6d:5e:12:95', 'apId': '588a3fc043c33c0580231c7f', 'lockToHNGroup': False, 'apHNRole': '', 'apSSID': 'SON VOWIFI', 'apPrimMacAddress': '04:bf:6d:5e:12:97', 'apName': 'AP-SON-A', 'ssidType': 'NORMAL', 'parentRadio': None, 'radio': '5 GHz', 'parentMacAddress': ''}]"
2019-03-24 17:45:01,Residence Phase 4,True,3d974bd2-d415-4f1a-88c1-8c9d88969d9c,1c8a4cf1-f730-4d39-86af-a4454c659e2f,Groupe ETS,0,[]
2019-03-24 17:45:01,,True,624b3fb6-e41f-483f-b763-e8e117c6f64a,cc7ae08e-dd05-4c89-8d74-d4bca0f7fd60,Francis R,0,"[{'backhaulConnection': 'Wired', 'parentSSID': None, 'apMacAddress': '04:bf:6d:5e:12:9c', 'apId': '58878af043c33c0580231c61', 'lockToHNGroup': True, 'apHNRole': '', 'apSSID': 'SON', 'apPrimMacAddress': '04:bf:6d:5e:12:9f', 'apName': 'AP SON Francis', 'ssidType': 'NORMAL', 'parentRadio': None, 'radio': '2.4 GHz', 'parentMacAddress': ''}, {'backhaulConnection': 'Wired', 'parentSSID': None, 'apMacAddress': '04:bf:6d:5e:12:9d', 'apId': '58878af043c33c0580231c61', 'lockToHNGroup': True, 'apHNRole': '', 'apSSID': 'SON', 'apPrimMacAddress': '04:bf:6d:5e:12:9f', 'apName': 'AP SON Francis', 'ssidType': 'NORMAL', 'parentRadio': None, 'radio': '5 GHz', 'parentMacAddress': ''}]"
2019-03-24 17:45:01,,True,6cb57c27-e491-4465-92b3-9d1deb4d951a,c40991a0-d887-401b-8174-bf3b2ab1ec11,Group Zyxel SON,0,"[{'backhaulConnection': 'Wired', 'parentSSID': None, 'apMacAddress': '04:bf:6d:5e:26:85', 'apId': '58f8bbe443c33c059f9dc661', 'lockToHNGroup': False, 'apHNRole': '', 'apSSID': 'test', 'apPrimMacAddress': '04:bf:6d:5e:26:87', 'apName': 'AP-SON-A-BRIDGE', 'ssidType': 'NORMAL', 'parentRadio': None, 'radio': '5 GHz', 'parentMacAddress': ''}, {'backhaulConnection': 'Wired', 'parentSSID': None, 'apMacAddress': '04:bf:6d:5e:26:84', 'apId': '58f8bbe443c33c059f9dc661', 'lockToHNGroup': False, 'apHNRole': '', 'apSSID': 'test', 'apPrimMacAddress': '04:bf:6d:5e:26:87', 'apName': 'AP-SON-A-BRIDGE', 'ssidType': 'NORMAL', 'parentRadio': None, 'radio': '2.4 GHz', 'parentMacAddress': ''}]"
2019-03-24 18:45:01,,True,3c57e65b-1f27-4dfd-96fc-407c64fdc07b,e79bc95a-27da-4b20-b9a2-c7768bdeb848,MJ,0,[]
2019-03-24 18:45:01,,True,d3fa6246-33eb-4653-be98-3ae01b4d7ced,cc4bdb92-01ed-4acd-972a-f0faedc4344d,612,0,"[{'parentMacAddress': '', 'parentRadio': None, 'ssidType': 'NORMAL', 'radio': '5 GHz', 'backhaulConnection': 'Wired', 'apPrimMacAddress': '04:bf:6d:5e:12:97', 'apSSID': 'SON VOWIFI', 'apName': 'AP-SON-A', 'apMacAddress': '04:bf:6d:5e:12:95', 'apId': '588a3fc043c33c0580231c7f', 'apHNRole': '', 'parentSSID': None, 'lockToHNGroup': False}]"
2019-03-24 18:45:01,Residence Phase 4,True,3d974bd2-d415-4f1a-88c1-8c9d88969d9c,1c8a4cf1-f730-4d39-86af-a4454c659e2f,Groupe ETS,0,[]
2019-03-24 18:45:01,,True,624b3fb6-e41f-483f-b763-e8e117c6f64a,cc7ae08e-dd05-4c89-8d74-d4bca0f7fd60,Francis R,0,"[{'parentMacAddress': '', 'parentRadio': None, 'ssidType': 'NORMAL', 'radio': '2.4 GHz', 'backhaulConnection': 'Wired', 'apPrimMacAddress': '04:bf:6d:5e:12:9f', 'apSSID': 'SON', 'apName': 'AP SON Francis', 'apMacAddress': '04:bf:6d:5e:12:9c', 'apId': '58878af043c33c0580231c61', 'apHNRole': '', 'parentSSID': None, 'lockToHNGroup': True}, {'parentMacAddress': '', 'parentRadio': None, 'ssidType': 'NORMAL', 'radio': '5 GHz', 'backhaulConnection': 'Wired', 'apPrimMacAddress': '04:bf:6d:5e:12:9f', 'apSSID': 'SON', 'apName': 'AP SON Francis', 'apMacAddress': '04:bf:6d:5e:12:9d', 'apId': '58878af043c33c0580231c61', 'apHNRole': '', 'parentSSID': None, 'lockToHNGroup': True}]"
2019-03-24 18:45:01,,True,6cb57c27-e491-4465-92b3-9d1deb4d951a,c40991a0-d887-401b-8174-bf3b2ab1ec11,Group Zyxel SON,0,"[{'parentMacAddress': '', 'parentRadio': None, 'ssidType': 'NORMAL', 'radio': '5 GHz', 'backhaulConnection': 'Wired', 'apPrimMacAddress': '04:bf:6d:5e:26:87', 'apSSID': 'test', 'apName': 'AP-SON-A-BRIDGE', 'apMacAddress': '04:bf:6d:5e:26:85', 'apId': '58f8bbe443c33c059f9dc661', 'apHNRole': '', 'parentSSID': None, 'lockToHNGroup': False}, {'parentMacAddress': '', 'parentRadio': None, 'ssidType': 'NORMAL', 'radio': '2.4 GHz', 'backhaulConnection': 'Wired', 'apPrimMacAddress': '04:bf:6d:5e:26:87', 'apSSID': 'test', 'apName': 'AP-SON-A-BRIDGE', 'apMacAddress': '04:bf:6d:5e:26:84', 'apId': '58f8bbe443c33c059f9dc661', 'apHNRole': '', 'parentSSID': None, 'lockToHNGroup': False}]"
2019-03-24 19:45:01,,True,3c57e65b-1f27-4dfd-96fc-407c64fdc07b,e79bc95a-27da-4b20-b9a2-c7768bdeb848,MJ,0,[]
2019-03-24 19:45:01,,True,d3fa6246-33eb-4653-be98-3ae01b4d7ced,cc4bdb92-01ed-4acd-972a-f0faedc4344d,612,0,"[{'apName': 'AP-SON-A', 'backhaulConnection': 'Wired', 'apId': '588a3fc043c33c0580231c7f', 'lockToHNGroup': False, 'ssidType': 'NORMAL', 'radio': '5 GHz', 'parentSSID': None, 'apHNRole': '', 'parentRadio': None, 'parentMacAddress': '', 'apMacAddress': '04:bf:6d:5e:12:95', 'apPrimMacAddress': '04:bf:6d:5e:12:97', 'apSSID': 'SON VOWIFI'}]"
2019-03-24 19:45:01,Residence Phase 4,True,3d974bd2-d415-4f1a-88c1-8c9d88969d9c,1c8a4cf1-f730-4d39-86af-a4454c659e2f,Groupe ETS,0,[]
2019-03-24 19:45:01,,True,624b3fb6-e41f-483f-b763-e8e117c6f64a,cc7ae08e-dd05-4c89-8d74-d4bca0f7fd60,Francis R,0,"[{'apName': 'AP SON Francis', 'backhaulConnection': 'Wired', 'apId': '58878af043c33c0580231c61', 'lockToHNGroup': True, 'ssidType': 'NORMAL', 'radio': '2.4 GHz', 'parentSSID': None, 'apHNRole': '', 'parentRadio': None, 'parentMacAddress': '', 'apMacAddress': '04:bf:6d:5e:12:9c', 'apPrimMacAddress': '04:bf:6d:5e:12:9f', 'apSSID': 'SON'}, {'apName': 'AP SON Francis', 'backhaulConnection': 'Wired', 'apId': '58878af043c33c0580231c61', 'lockToHNGroup': True, 'ssidType': 'NORMAL', 'radio': '5 GHz', 'parentSSID': None, 'apHNRole': '', 'parentRadio': None, 'parentMacAddress': '', 'apMacAddress': '04:bf:6d:5e:12:9d', 'apPrimMacAddress': '04:bf:6d:5e:12:9f', 'apSSID': 'SON'}]"
2019-03-24 19:45:01,,True,6cb57c27-e491-4465-92b3-9d1deb4d951a,c40991a0-d887-401b-8174-bf3b2ab1ec11,Group Zyxel SON,0,"[{'apName': 'AP-SON-A-BRIDGE', 'backhaulConnection': 'Wired', 'apId': '58f8bbe443c33c059f9dc661', 'lockToHNGroup': False, 'ssidType': 'NORMAL', 'radio': '5 GHz', 'parentSSID': None, 'apHNRole': '', 'parentRadio': None, 'parentMacAddress': '', 'apMacAddress': '04:bf:6d:5e:26:85', 'apPrimMacAddress': '04:bf:6d:5e:26:87', 'apSSID': 'test'}, {'apName': 'AP-SON-A-BRIDGE', 'backhaulConnection': 'Wired', 'apId': '58f8bbe443c33c059f9dc661', 'lockToHNGroup': False, 'ssidType': 'NORMAL', 'radio': '2.4 GHz', 'parentSSID': None, 'apHNRole': '', 'parentRadio': None, 'parentMacAddress': '', 'apMacAddress': '04:bf:6d:5e:26:84', 'apPrimMacAddress': '04:bf:6d:5e:26:87', 'apSSID': 'test'}]"
2019-03-24 20:45:01,,True,3c57e65b-1f27-4dfd-96fc-407c64fdc07b,e79bc95a-27da-4b20-b9a2-c7768bdeb848,MJ,0,[]
2019-03-24 20:45:01,,True,d3fa6246-33eb-4653-be98-3ae01b4d7ced,cc4bdb92-01ed-4acd-972a-f0faedc4344d,612,0,"[{'apId': '588a3fc043c33c0580231c7f', 'lockToHNGroup': False, 'backhaulConnection': 'Wired', 'parentSSID': None, 'apName': 'AP-SON-A', 'ssidType': 'NORMAL', 'apHNRole': '', 'parentMacAddress': '', 'apMacAddress': '04:bf:6d:5e:12:95', 'parentRadio': None, 'apSSID': 'SON VOWIFI', 'apPrimMacAddress': '04:bf:6d:5e:12:97', 'radio': '5 GHz'}]"
2019-03-24 20:45:01,Residence Phase 4,True,3d974bd2-d415-4f1a-88c1-8c9d88969d9c,1c8a4cf1-f730-4d39-86af-a4454c659e2f,Groupe ETS,0,[]
2019-03-24 20:45:01,,True,624b3fb6-e41f-483f-b763-e8e117c6f64a,cc7ae08e-dd05-4c89-8d74-d4bca0f7fd60,Francis R,0,"[{'apId': '58878af043c33c0580231c61', 'lockToHNGroup': True, 'backhaulConnection': 'Wired', 'parentSSID': None, 'apName': 'AP SON Francis', 'ssidType': 'NORMAL', 'apHNRole': '', 'parentMacAddress': '', 'apMacAddress': '04:bf:6d:5e:12:9c', 'parentRadio': None, 'apSSID': 'SON', 'apPrimMacAddress': '04:bf:6d:5e:12:9f', 'radio': '2.4 GHz'}, {'apId': '58878af043c33c0580231c61', 'lockToHNGroup': True, 'backhaulConnection': 'Wired', 'parentSSID': None, 'apName': 'AP SON Francis', 'ssidType': 'NORMAL', 'apHNRole': '', 'parentMacAddress': '', 'apMacAddress': '04:bf:6d:5e:12:9d', 'parentRadio': None, 'apSSID': 'SON', 'apPrimMacAddress': '04:bf:6d:5e:12:9f', 'radio': '5 GHz'}]"
2019-03-24 20:45:01,,True,6cb57c27-e491-4465-92b3-9d1deb4d951a,c40991a0-d887-401b-8174-bf3b2ab1ec11,Group Zyxel SON,0,"[{'apId': '58f8bbe443c33c059f9dc661', 'lockToHNGroup': False, 'backhaulConnection': 'Wired', 'parentSSID': None, 'apName': 'AP-SON-A-BRIDGE', 'ssidType': 'NORMAL', 'apHNRole': '', 'parentMacAddress': '', 'apMacAddress': '04:bf:6d:5e:26:85', 'parentRadio': None, 'apSSID': 'test', 'apPrimMacAddress': '04:bf:6d:5e:26:87', 'radio': '5 GHz'}, {'apId': '58f8bbe443c33c059f9dc661', 'lockToHNGroup': False, 'backhaulConnection': 'Wired', 'parentSSID': None, 'apName': 'AP-SON-A-BRIDGE', 'ssidType': 'NORMAL', 'apHNRole': '', 'parentMacAddress': '', 'apMacAddress': '04:bf:6d:5e:26:84', 'parentRadio': None, 'apSSID': 'test', 'apPrimMacAddress': '04:bf:6d:5e:26:87', 'radio': '2.4 GHz'}]"
2019-03-24 21:45:01,,True,3c57e65b-1f27-4dfd-96fc-407c64fdc07b,e79bc95a-27da-4b20-b9a2-c7768bdeb848,MJ,0,[]
2019-03-24 21:45:01,,True,d3fa6246-33eb-4653-be98-3ae01b4d7ced,cc4bdb92-01ed-4acd-972a-f0faedc4344d,612,0,"[{'apId': '588a3fc043c33c0580231c7f', 'backhaulConnection': 'Wired', 'parentRadio': None, 'apName': 'AP-SON-A', 'ssidType': 'NORMAL', 'lockToHNGroup': False, 'radio': '5 GHz', 'apMacAddress': '04:bf:6d:5e:12:95', 'parentMacAddress': '', 'parentSSID': None, 'apPrimMacAddress': '04:bf:6d:5e:12:97', 'apHNRole': '', 'apSSID': 'SON VOWIFI'}]"
2019-03-24 21:45:01,Residence Phase 4,True,3d974bd2-d415-4f1a-88c1-8c9d88969d9c,1c8a4cf1-f730-4d39-86af-a4454c659e2f,Groupe ETS,0,[]
2019-03-24 21:45:01,,True,624b3fb6-e41f-483f-b763-e8e117c6f64a,cc7ae08e-dd05-4c89-8d74-d4bca0f7fd60,Francis R,0,"[{'apId': '58878af043c33c0580231c61', 'backhaulConnection': 'Wired', 'parentRadio': None, 'apName': 'AP SON Francis', 'ssidType': 'NORMAL', 'lockToHNGroup': True, 'radio': '2.4 GHz', 'apMacAddress': '04:bf:6d:5e:12:9c', 'parentMacAddress': '', 'parentSSID': None, 'apPrimMacAddress': '04:bf:6d:5e:12:9f', 'apHNRole': '', 'apSSID': 'SON'}, {'apId': '58878af043c33c0580231c61', 'backhaulConnection': 'Wired', 'parentRadio': None, 'apName': 'AP SON Francis', 'ssidType': 'NORMAL', 'lockToHNGroup': True, 'radio': '5 GHz', 'apMacAddress': '04:bf:6d:5e:12:9d', 'parentMacAddress': '', 'parentSSID': None, 'apPrimMacAddress': '04:bf:6d:5e:12:9f', 'apHNRole': '', 'apSSID': 'SON'}]"
2019-03-24 21:45:01,,True,6cb57c27-e491-4465-92b3-9d1deb4d951a,c40991a0-d887-401b-8174-bf3b2ab1ec11,Group Zyxel SON,0,"[{'apId': '58f8bbe443c33c059f9dc661', 'backhaulConnection': 'Wired', 'parentRadio': None, 'apName': 'AP-SON-A-BRIDGE', 'ssidType': 'NORMAL', 'lockToHNGroup': False, 'radio': '5 GHz', 'apMacAddress': '04:bf:6d:5e:26:85', 'parentMacAddress': '', 'parentSSID': None, 'apPrimMacAddress': '04:bf:6d:5e:26:87', 'apHNRole': '', 'apSSID': 'test'}, {'apId': '58f8bbe443c33c059f9dc661', 'backhaulConnection': 'Wired', 'parentRadio': None, 'apName': 'AP-SON-A-BRIDGE', 'ssidType': 'NORMAL', 'lockToHNGroup': False, 'radio': '2.4 GHz', 'apMacAddress': '04:bf:6d:5e:26:84', 'parentMacAddress': '', 'parentSSID': None, 'apPrimMacAddress': '04:bf:6d:5e:26:87', 'apHNRole': '', 'apSSID': 'test'}]"
2019-03-24 22:45:01,,True,3c57e65b-1f27-4dfd-96fc-407c64fdc07b,e79bc95a-27da-4b20-b9a2-c7768bdeb848,MJ,0,[]
2019-03-24 22:45:01,,True,d3fa6246-33eb-4653-be98-3ae01b4d7ced,cc4bdb92-01ed-4acd-972a-f0faedc4344d,612,0,"[{'parentMacAddress': '', 'apSSID': 'SON VOWIFI', 'apId': '588a3fc043c33c0580231c7f', 'radio': '5 GHz', 'parentRadio': None, 'parentSSID': None, 'apPrimMacAddress': '04:bf:6d:5e:12:97', 'ssidType': 'NORMAL', 'apMacAddress': '04:bf:6d:5e:12:95', 'backhaulConnection': 'Wired', 'apName': 'AP-SON-A', 'apHNRole': '', 'lockToHNGroup': False}]"
2019-03-24 22:45:01,Residence Phase 4,True,3d974bd2-d415-4f1a-88c1-8c9d88969d9c,1c8a4cf1-f730-4d39-86af-a4454c659e2f,Groupe ETS,0,[]
2019-03-24 22:45:01,,True,624b3fb6-e41f-483f-b763-e8e117c6f64a,cc7ae08e-dd05-4c89-8d74-d4bca0f7fd60,Francis R,0,"[{'parentMacAddress': '', 'apSSID': 'SON', 'apId': '58878af043c33c0580231c61', 'radio': '2.4 GHz', 'parentRadio': None, 'parentSSID': None, 'apPrimMacAddress': '04:bf:6d:5e:12:9f', 'ssidType': 'NORMAL', 'apMacAddress': '04:bf:6d:5e:12:9c', 'backhaulConnection': 'Wired', 'apName': 'AP SON Francis', 'apHNRole': '', 'lockToHNGroup': True}, {'parentMacAddress': '', 'apSSID': 'SON', 'apId': '58878af043c33c0580231c61', 'radio': '5 GHz', 'parentRadio': None, 'parentSSID': None, 'apPrimMacAddress': '04:bf:6d:5e:12:9f', 'ssidType': 'NORMAL', 'apMacAddress': '04:bf:6d:5e:12:9d', 'backhaulConnection': 'Wired', 'apName': 'AP SON Francis', 'apHNRole': '', 'lockToHNGroup': True}]"
2019-03-24 22:45:01,,True,6cb57c27-e491-4465-92b3-9d1deb4d951a,c40991a0-d887-401b-8174-bf3b2ab1ec11,Group Zyxel SON,0,"[{'parentMacAddress': '', 'apSSID': 'test', 'apId': '58f8bbe443c33c059f9dc661', 'radio': '5 GHz', 'parentRadio': None, 'parentSSID': None, 'apPrimMacAddress': '04:bf:6d:5e:26:87', 'ssidType': 'NORMAL', 'apMacAddress': '04:bf:6d:5e:26:85', 'backhaulConnection': 'Wired', 'apName': 'AP-SON-A-BRIDGE', 'apHNRole': '', 'lockToHNGroup': False}, {'parentMacAddress': '', 'apSSID': 'test', 'apId': '58f8bbe443c33c059f9dc661', 'radio': '2.4 GHz', 'parentRadio': None, 'parentSSID': None, 'apPrimMacAddress': '04:bf:6d:5e:26:87', 'ssidType': 'NORMAL', 'apMacAddress': '04:bf:6d:5e:26:84', 'backhaulConnection': 'Wired', 'apName': 'AP-SON-A-BRIDGE', 'apHNRole': '', 'lockToHNGroup': False}]"
2019-03-24 23:45:01,,True,3c57e65b-1f27-4dfd-96fc-407c64fdc07b,e79bc95a-27da-4b20-b9a2-c7768bdeb848,MJ,0,[]
2019-03-24 23:45:01,,True,d3fa6246-33eb-4653-be98-3ae01b4d7ced,cc4bdb92-01ed-4acd-972a-f0faedc4344d,612,0,"[{'parentRadio': None, 'apSSID': 'SON VOWIFI', 'backhaulConnection': 'Wired', 'apHNRole': '', 'apMacAddress': '04:bf:6d:5e:12:95', 'lockToHNGroup': False, 'radio': '5 GHz', 'ssidType': 'NORMAL', 'parentMacAddress': '', 'apId': '588a3fc043c33c0580231c7f', 'apName': 'AP-SON-A', 'apPrimMacAddress': '04:bf:6d:5e:12:97', 'parentSSID': None}]"
2019-03-24 23:45:01,Residence Phase 4,True,3d974bd2-d415-4f1a-88c1-8c9d88969d9c,1c8a4cf1-f730-4d39-86af-a4454c659e2f,Groupe ETS,0,[]
2019-03-24 23:45:01,,True,624b3fb6-e41f-483f-b763-e8e117c6f64a,cc7ae08e-dd05-4c89-8d74-d4bca0f7fd60,Francis R,0,"[{'parentRadio': None, 'apSSID': 'SON', 'backhaulConnection': 'Wired', 'apHNRole': '', 'apMacAddress': '04:bf:6d:5e:12:9c', 'lockToHNGroup': True, 'radio': '2.4 GHz', 'ssidType': 'NORMAL', 'parentMacAddress': '', 'apId': '58878af043c33c0580231c61', 'apName': 'AP SON Francis', 'apPrimMacAddress': '04:bf:6d:5e:12:9f', 'parentSSID': None}, {'parentRadio': None, 'apSSID': 'SON', 'backhaulConnection': 'Wired', 'apHNRole': '', 'apMacAddress': '04:bf:6d:5e:12:9d', 'lockToHNGroup': True, 'radio': '5 GHz', 'ssidType': 'NORMAL', 'parentMacAddress': '', 'apId': '58878af043c33c0580231c61', 'apName': 'AP SON Francis', 'apPrimMacAddress': '04:bf:6d:5e:12:9f', 'parentSSID': None}]"
2019-03-24 23:45:01,,True,6cb57c27-e491-4465-92b3-9d1deb4d951a,c40991a0-d887-401b-8174-bf3b2ab1ec11,Group Zyxel SON,0,"[{'parentRadio': None, 'apSSID': 'test', 'backhaulConnection': 'Wired', 'apHNRole': '', 'apMacAddress': '04:bf:6d:5e:26:85', 'lockToHNGroup': False, 'radio': '5 GHz', 'ssidType': 'NORMAL', 'parentMacAddress': '', 'apId': '58f8bbe443c33c059f9dc661', 'apName': 'AP-SON-A-BRIDGE', 'apPrimMacAddress': '04:bf:6d:5e:26:87', 'parentSSID': None}, {'parentRadio': None, 'apSSID': 'test', 'backhaulConnection': 'Wired', 'apHNRole': '', 'apMacAddress': '04:bf:6d:5e:26:84', 'lockToHNGroup': False, 'radio': '2.4 GHz', 'ssidType': 'NORMAL', 'parentMacAddress': '', 'apId': '58f8bbe443c33c059f9dc661', 'apName': 'AP-SON-A-BRIDGE', 'apPrimMacAddress': '04:bf:6d:5e:26:87', 'parentSSID': None}]"
