dateTime,countryCode,enabled,id,name,ssidList2pt4GHz,ssidList5GHz
2019-03-06 00:45:02,CA,True,a21b3fed-aef4-4725-a6a3-8261d08fb884,Profile Generique Global,[''],['']
2019-03-06 00:45:02,CA,True,1487f815-4346-47b5-887e-23e858ea854b,Profile Global par defaut,[''],['']
2019-03-06 00:45:02,CA,True,f1b9598c-0a45-4030-b008-133696d7c2b2,Profile Generique Global 2,[''],['']
2019-03-06 01:45:02,CA,True,a21b3fed-aef4-4725-a6a3-8261d08fb884,Profile Generique Global,[''],['']
2019-03-06 01:45:02,CA,True,1487f815-4346-47b5-887e-23e858ea854b,Profile Global par defaut,[''],['']
2019-03-06 01:45:02,CA,True,f1b9598c-0a45-4030-b008-133696d7c2b2,Profile Generique Global 2,[''],['']
2019-03-06 02:45:01,CA,True,a21b3fed-aef4-4725-a6a3-8261d08fb884,Profile Generique Global,[''],['']
2019-03-06 02:45:01,CA,True,1487f815-4346-47b5-887e-23e858ea854b,Profile Global par defaut,[''],['']
2019-03-06 02:45:01,CA,True,f1b9598c-0a45-4030-b008-133696d7c2b2,Profile Generique Global 2,[''],['']
2019-03-06 03:45:02,CA,True,a21b3fed-aef4-4725-a6a3-8261d08fb884,Profile Generique Global,[''],['']
2019-03-06 03:45:02,CA,True,1487f815-4346-47b5-887e-23e858ea854b,Profile Global par defaut,[''],['']
2019-03-06 03:45:02,CA,True,f1b9598c-0a45-4030-b008-133696d7c2b2,Profile Generique Global 2,[''],['']
2019-03-06 04:45:01,CA,True,a21b3fed-aef4-4725-a6a3-8261d08fb884,Profile Generique Global,[''],['']
2019-03-06 04:45:01,CA,True,1487f815-4346-47b5-887e-23e858ea854b,Profile Global par defaut,[''],['']
2019-03-06 04:45:01,CA,True,f1b9598c-0a45-4030-b008-133696d7c2b2,Profile Generique Global 2,[''],['']
2019-03-06 05:45:01,CA,True,a21b3fed-aef4-4725-a6a3-8261d08fb884,Profile Generique Global,[''],['']
2019-03-06 05:45:01,CA,True,1487f815-4346-47b5-887e-23e858ea854b,Profile Global par defaut,[''],['']
2019-03-06 05:45:01,CA,True,f1b9598c-0a45-4030-b008-133696d7c2b2,Profile Generique Global 2,[''],['']
2019-03-06 06:45:02,CA,True,a21b3fed-aef4-4725-a6a3-8261d08fb884,Profile Generique Global,[''],['']
2019-03-06 06:45:02,CA,True,1487f815-4346-47b5-887e-23e858ea854b,Profile Global par defaut,[''],['']
2019-03-06 06:45:02,CA,True,f1b9598c-0a45-4030-b008-133696d7c2b2,Profile Generique Global 2,[''],['']
2019-03-06 07:45:01,CA,True,a21b3fed-aef4-4725-a6a3-8261d08fb884,Profile Generique Global,[''],['']
2019-03-06 07:45:01,CA,True,1487f815-4346-47b5-887e-23e858ea854b,Profile Global par defaut,[''],['']
2019-03-06 07:45:01,CA,True,f1b9598c-0a45-4030-b008-133696d7c2b2,Profile Generique Global 2,[''],['']
2019-03-06 08:45:01,CA,True,a21b3fed-aef4-4725-a6a3-8261d08fb884,Profile Generique Global,[''],['']
2019-03-06 08:45:01,CA,True,1487f815-4346-47b5-887e-23e858ea854b,Profile Global par defaut,[''],['']
2019-03-06 08:45:01,CA,True,f1b9598c-0a45-4030-b008-133696d7c2b2,Profile Generique Global 2,[''],['']
2019-03-06 09:45:01,CA,True,a21b3fed-aef4-4725-a6a3-8261d08fb884,Profile Generique Global,[''],['']
2019-03-06 09:45:01,CA,True,1487f815-4346-47b5-887e-23e858ea854b,Profile Global par defaut,[''],['']
2019-03-06 09:45:01,CA,True,f1b9598c-0a45-4030-b008-133696d7c2b2,Profile Generique Global 2,[''],['']
2019-03-06 10:45:01,CA,True,a21b3fed-aef4-4725-a6a3-8261d08fb884,Profile Generique Global,[''],['']
2019-03-06 10:45:01,CA,True,1487f815-4346-47b5-887e-23e858ea854b,Profile Global par defaut,[''],['']
2019-03-06 10:45:01,CA,True,f1b9598c-0a45-4030-b008-133696d7c2b2,Profile Generique Global 2,[''],['']
2019-03-06 11:45:01,CA,True,a21b3fed-aef4-4725-a6a3-8261d08fb884,Profile Generique Global,[''],['']
2019-03-06 11:45:01,CA,True,1487f815-4346-47b5-887e-23e858ea854b,Profile Global par defaut,[''],['']
2019-03-06 11:45:01,CA,True,f1b9598c-0a45-4030-b008-133696d7c2b2,Profile Generique Global 2,[''],['']
2019-03-06 12:45:01,CA,True,a21b3fed-aef4-4725-a6a3-8261d08fb884,Profile Generique Global,[''],['']
2019-03-06 12:45:01,CA,True,1487f815-4346-47b5-887e-23e858ea854b,Profile Global par defaut,[''],['']
2019-03-06 12:45:01,CA,True,f1b9598c-0a45-4030-b008-133696d7c2b2,Profile Generique Global 2,[''],['']
2019-03-06 13:45:01,CA,True,a21b3fed-aef4-4725-a6a3-8261d08fb884,Profile Generique Global,[''],['']
2019-03-06 13:45:01,CA,True,1487f815-4346-47b5-887e-23e858ea854b,Profile Global par defaut,[''],['']
2019-03-06 13:45:01,CA,True,f1b9598c-0a45-4030-b008-133696d7c2b2,Profile Generique Global 2,[''],['']
2019-03-06 14:45:01,CA,True,a21b3fed-aef4-4725-a6a3-8261d08fb884,Profile Generique Global,[''],['']
2019-03-06 14:45:01,CA,True,1487f815-4346-47b5-887e-23e858ea854b,Profile Global par defaut,[''],['']
2019-03-06 14:45:01,CA,True,f1b9598c-0a45-4030-b008-133696d7c2b2,Profile Generique Global 2,[''],['']
2019-03-06 15:45:02,CA,True,a21b3fed-aef4-4725-a6a3-8261d08fb884,Profile Generique Global,[''],['']
2019-03-06 15:45:02,CA,True,1487f815-4346-47b5-887e-23e858ea854b,Profile Global par defaut,[''],['']
2019-03-06 15:45:02,CA,True,f1b9598c-0a45-4030-b008-133696d7c2b2,Profile Generique Global 2,[''],['']
2019-03-06 16:45:02,CA,True,a21b3fed-aef4-4725-a6a3-8261d08fb884,Profile Generique Global,[''],['']
2019-03-06 16:45:02,CA,True,1487f815-4346-47b5-887e-23e858ea854b,Profile Global par defaut,[''],['']
2019-03-06 16:45:02,CA,True,f1b9598c-0a45-4030-b008-133696d7c2b2,Profile Generique Global 2,[''],['']
2019-03-06 17:45:01,CA,True,a21b3fed-aef4-4725-a6a3-8261d08fb884,Profile Generique Global,[''],['']
2019-03-06 17:45:01,CA,True,1487f815-4346-47b5-887e-23e858ea854b,Profile Global par defaut,[''],['']
2019-03-06 17:45:01,CA,True,f1b9598c-0a45-4030-b008-133696d7c2b2,Profile Generique Global 2,[''],['']
2019-03-06 18:45:01,CA,True,a21b3fed-aef4-4725-a6a3-8261d08fb884,Profile Generique Global,[''],['']
2019-03-06 18:45:01,CA,True,1487f815-4346-47b5-887e-23e858ea854b,Profile Global par defaut,[''],['']
2019-03-06 18:45:01,CA,True,f1b9598c-0a45-4030-b008-133696d7c2b2,Profile Generique Global 2,[''],['']
2019-03-06 19:45:02,CA,True,a21b3fed-aef4-4725-a6a3-8261d08fb884,Profile Generique Global,[''],['']
2019-03-06 19:45:02,CA,True,1487f815-4346-47b5-887e-23e858ea854b,Profile Global par defaut,[''],['']
2019-03-06 19:45:02,CA,True,f1b9598c-0a45-4030-b008-133696d7c2b2,Profile Generique Global 2,[''],['']
2019-03-06 20:45:02,CA,True,a21b3fed-aef4-4725-a6a3-8261d08fb884,Profile Generique Global,[''],['']
2019-03-06 20:45:02,CA,True,1487f815-4346-47b5-887e-23e858ea854b,Profile Global par defaut,[''],['']
2019-03-06 20:45:02,CA,True,f1b9598c-0a45-4030-b008-133696d7c2b2,Profile Generique Global 2,[''],['']
2019-03-06 21:45:01,CA,True,a21b3fed-aef4-4725-a6a3-8261d08fb884,Profile Generique Global,[''],['']
2019-03-06 21:45:01,CA,True,1487f815-4346-47b5-887e-23e858ea854b,Profile Global par defaut,[''],['']
2019-03-06 21:45:01,CA,True,f1b9598c-0a45-4030-b008-133696d7c2b2,Profile Generique Global 2,[''],['']
2019-03-06 22:45:01,CA,True,a21b3fed-aef4-4725-a6a3-8261d08fb884,Profile Generique Global,[''],['']
2019-03-06 22:45:01,CA,True,1487f815-4346-47b5-887e-23e858ea854b,Profile Global par defaut,[''],['']
2019-03-06 22:45:01,CA,True,f1b9598c-0a45-4030-b008-133696d7c2b2,Profile Generique Global 2,[''],['']
2019-03-06 23:45:02,CA,True,a21b3fed-aef4-4725-a6a3-8261d08fb884,Profile Generique Global,[''],['']
2019-03-06 23:45:02,CA,True,1487f815-4346-47b5-887e-23e858ea854b,Profile Global par defaut,[''],['']
2019-03-06 23:45:02,CA,True,f1b9598c-0a45-4030-b008-133696d7c2b2,Profile Generique Global 2,[''],['']
