dateTime,address,enabled,hnprofileId,id,name,priority,topology
2019-03-06 00:45:02,,True,3c57e65b-1f27-4dfd-96fc-407c64fdc07b,e79bc95a-27da-4b20-b9a2-c7768bdeb848,MJ,0,[]
2019-03-06 00:45:02,,True,d3fa6246-33eb-4653-be98-3ae01b4d7ced,cc4bdb92-01ed-4acd-972a-f0faedc4344d,612,0,"[{'apHNRole': '', 'lockToHNGroup': False, 'ssidType': 'NORMAL', 'radio': '5 GHz', 'parentMacAddress': '', 'apMacAddress': '04:bf:6d:5e:12:95', 'apPrimMacAddress': '04:bf:6d:5e:12:97', 'apId': '588a3fc043c33c0580231c7f', 'apName': 'AP-SON-A', 'apSSID': 'SON VOWIFI', 'parentRadio': None, 'backhaulConnection': 'Wired', 'parentSSID': None}]"
2019-03-06 00:45:02,Residence Phase 4,True,3d974bd2-d415-4f1a-88c1-8c9d88969d9c,1c8a4cf1-f730-4d39-86af-a4454c659e2f,Groupe ETS,0,[]
2019-03-06 00:45:02,,True,624b3fb6-e41f-483f-b763-e8e117c6f64a,cc7ae08e-dd05-4c89-8d74-d4bca0f7fd60,Francis R,0,"[{'apHNRole': '', 'lockToHNGroup': True, 'ssidType': 'NORMAL', 'radio': '2.4 GHz', 'parentMacAddress': '', 'apMacAddress': '04:bf:6d:5e:12:9c', 'apPrimMacAddress': '04:bf:6d:5e:12:9f', 'apId': '58878af043c33c0580231c61', 'apName': 'AP SON Francis', 'apSSID': 'SON', 'parentRadio': None, 'backhaulConnection': 'Wired', 'parentSSID': None}, {'apHNRole': '', 'lockToHNGroup': True, 'ssidType': 'NORMAL', 'radio': '5 GHz', 'parentMacAddress': '', 'apMacAddress': '04:bf:6d:5e:12:9d', 'apPrimMacAddress': '04:bf:6d:5e:12:9f', 'apId': '58878af043c33c0580231c61', 'apName': 'AP SON Francis', 'apSSID': 'SON', 'parentRadio': None, 'backhaulConnection': 'Wired', 'parentSSID': None}]"
2019-03-06 00:45:02,,True,6cb57c27-e491-4465-92b3-9d1deb4d951a,c40991a0-d887-401b-8174-bf3b2ab1ec11,Group Zyxel SON,0,"[{'apHNRole': '', 'lockToHNGroup': False, 'ssidType': 'NORMAL', 'radio': '5 GHz', 'parentMacAddress': '', 'apMacAddress': '04:bf:6d:5e:26:85', 'apPrimMacAddress': '04:bf:6d:5e:26:87', 'apId': '58f8bbe443c33c059f9dc661', 'apName': 'AP-SON-A-BRIDGE', 'apSSID': 'test', 'parentRadio': None, 'backhaulConnection': 'Wired', 'parentSSID': None}, {'apHNRole': '', 'lockToHNGroup': False, 'ssidType': 'NORMAL', 'radio': '2.4 GHz', 'parentMacAddress': '', 'apMacAddress': '04:bf:6d:5e:26:84', 'apPrimMacAddress': '04:bf:6d:5e:26:87', 'apId': '58f8bbe443c33c059f9dc661', 'apName': 'AP-SON-A-BRIDGE', 'apSSID': 'test', 'parentRadio': None, 'backhaulConnection': 'Wired', 'parentSSID': None}]"
2019-03-06 01:45:02,,True,3c57e65b-1f27-4dfd-96fc-407c64fdc07b,e79bc95a-27da-4b20-b9a2-c7768bdeb848,MJ,0,[]
2019-03-06 01:45:02,,True,d3fa6246-33eb-4653-be98-3ae01b4d7ced,cc4bdb92-01ed-4acd-972a-f0faedc4344d,612,0,"[{'lockToHNGroup': False, 'apHNRole': '', 'apPrimMacAddress': '04:bf:6d:5e:12:97', 'apMacAddress': '04:bf:6d:5e:12:95', 'apName': 'AP-SON-A', 'parentMacAddress': '', 'radio': '5 GHz', 'backhaulConnection': 'Wired', 'parentRadio': None, 'parentSSID': None, 'apId': '588a3fc043c33c0580231c7f', 'ssidType': 'NORMAL', 'apSSID': 'SON VOWIFI'}]"
2019-03-06 01:45:02,Residence Phase 4,True,3d974bd2-d415-4f1a-88c1-8c9d88969d9c,1c8a4cf1-f730-4d39-86af-a4454c659e2f,Groupe ETS,0,[]
2019-03-06 01:45:02,,True,624b3fb6-e41f-483f-b763-e8e117c6f64a,cc7ae08e-dd05-4c89-8d74-d4bca0f7fd60,Francis R,0,"[{'lockToHNGroup': True, 'apHNRole': '', 'apPrimMacAddress': '04:bf:6d:5e:12:9f', 'apMacAddress': '04:bf:6d:5e:12:9c', 'apName': 'AP SON Francis', 'parentMacAddress': '', 'radio': '2.4 GHz', 'backhaulConnection': 'Wired', 'parentRadio': None, 'parentSSID': None, 'apId': '58878af043c33c0580231c61', 'ssidType': 'NORMAL', 'apSSID': 'SON'}, {'lockToHNGroup': True, 'apHNRole': '', 'apPrimMacAddress': '04:bf:6d:5e:12:9f', 'apMacAddress': '04:bf:6d:5e:12:9d', 'apName': 'AP SON Francis', 'parentMacAddress': '', 'radio': '5 GHz', 'backhaulConnection': 'Wired', 'parentRadio': None, 'parentSSID': None, 'apId': '58878af043c33c0580231c61', 'ssidType': 'NORMAL', 'apSSID': 'SON'}]"
2019-03-06 01:45:02,,True,6cb57c27-e491-4465-92b3-9d1deb4d951a,c40991a0-d887-401b-8174-bf3b2ab1ec11,Group Zyxel SON,0,"[{'lockToHNGroup': False, 'apHNRole': '', 'apPrimMacAddress': '04:bf:6d:5e:26:87', 'apMacAddress': '04:bf:6d:5e:26:85', 'apName': 'AP-SON-A-BRIDGE', 'parentMacAddress': '', 'radio': '5 GHz', 'backhaulConnection': 'Wired', 'parentRadio': None, 'parentSSID': None, 'apId': '58f8bbe443c33c059f9dc661', 'ssidType': 'NORMAL', 'apSSID': 'test'}, {'lockToHNGroup': False, 'apHNRole': '', 'apPrimMacAddress': '04:bf:6d:5e:26:87', 'apMacAddress': '04:bf:6d:5e:26:84', 'apName': 'AP-SON-A-BRIDGE', 'parentMacAddress': '', 'radio': '2.4 GHz', 'backhaulConnection': 'Wired', 'parentRadio': None, 'parentSSID': None, 'apId': '58f8bbe443c33c059f9dc661', 'ssidType': 'NORMAL', 'apSSID': 'test'}]"
2019-03-06 02:45:01,,True,3c57e65b-1f27-4dfd-96fc-407c64fdc07b,e79bc95a-27da-4b20-b9a2-c7768bdeb848,MJ,0,[]
2019-03-06 02:45:01,,True,d3fa6246-33eb-4653-be98-3ae01b4d7ced,cc4bdb92-01ed-4acd-972a-f0faedc4344d,612,0,"[{'lockToHNGroup': False, 'parentMacAddress': '', 'apId': '588a3fc043c33c0580231c7f', 'apName': 'AP-SON-A', 'ssidType': 'NORMAL', 'apHNRole': '', 'radio': '5 GHz', 'parentRadio': None, 'apPrimMacAddress': '04:bf:6d:5e:12:97', 'backhaulConnection': 'Wired', 'apMacAddress': '04:bf:6d:5e:12:95', 'parentSSID': None, 'apSSID': 'SON VOWIFI'}]"
2019-03-06 02:45:01,Residence Phase 4,True,3d974bd2-d415-4f1a-88c1-8c9d88969d9c,1c8a4cf1-f730-4d39-86af-a4454c659e2f,Groupe ETS,0,[]
2019-03-06 02:45:01,,True,624b3fb6-e41f-483f-b763-e8e117c6f64a,cc7ae08e-dd05-4c89-8d74-d4bca0f7fd60,Francis R,0,"[{'lockToHNGroup': True, 'parentMacAddress': '', 'apId': '58878af043c33c0580231c61', 'apName': 'AP SON Francis', 'ssidType': 'NORMAL', 'apHNRole': '', 'radio': '2.4 GHz', 'parentRadio': None, 'apPrimMacAddress': '04:bf:6d:5e:12:9f', 'backhaulConnection': 'Wired', 'apMacAddress': '04:bf:6d:5e:12:9c', 'parentSSID': None, 'apSSID': 'SON'}, {'lockToHNGroup': True, 'parentMacAddress': '', 'apId': '58878af043c33c0580231c61', 'apName': 'AP SON Francis', 'ssidType': 'NORMAL', 'apHNRole': '', 'radio': '5 GHz', 'parentRadio': None, 'apPrimMacAddress': '04:bf:6d:5e:12:9f', 'backhaulConnection': 'Wired', 'apMacAddress': '04:bf:6d:5e:12:9d', 'parentSSID': None, 'apSSID': 'SON'}]"
2019-03-06 02:45:01,,True,6cb57c27-e491-4465-92b3-9d1deb4d951a,c40991a0-d887-401b-8174-bf3b2ab1ec11,Group Zyxel SON,0,"[{'lockToHNGroup': False, 'parentMacAddress': '', 'apId': '58f8bbe443c33c059f9dc661', 'apName': 'AP-SON-A-BRIDGE', 'ssidType': 'NORMAL', 'apHNRole': '', 'radio': '5 GHz', 'parentRadio': None, 'apPrimMacAddress': '04:bf:6d:5e:26:87', 'backhaulConnection': 'Wired', 'apMacAddress': '04:bf:6d:5e:26:85', 'parentSSID': None, 'apSSID': 'test'}, {'lockToHNGroup': False, 'parentMacAddress': '', 'apId': '58f8bbe443c33c059f9dc661', 'apName': 'AP-SON-A-BRIDGE', 'ssidType': 'NORMAL', 'apHNRole': '', 'radio': '2.4 GHz', 'parentRadio': None, 'apPrimMacAddress': '04:bf:6d:5e:26:87', 'backhaulConnection': 'Wired', 'apMacAddress': '04:bf:6d:5e:26:84', 'parentSSID': None, 'apSSID': 'test'}]"
2019-03-06 03:45:02,,True,3c57e65b-1f27-4dfd-96fc-407c64fdc07b,e79bc95a-27da-4b20-b9a2-c7768bdeb848,MJ,0,[]
2019-03-06 03:45:02,,True,d3fa6246-33eb-4653-be98-3ae01b4d7ced,cc4bdb92-01ed-4acd-972a-f0faedc4344d,612,0,"[{'apHNRole': '', 'ssidType': 'NORMAL', 'apSSID': 'SON VOWIFI', 'parentRadio': None, 'parentMacAddress': '', 'apMacAddress': '04:bf:6d:5e:12:95', 'apName': 'AP-SON-A', 'apId': '588a3fc043c33c0580231c7f', 'radio': '5 GHz', 'lockToHNGroup': False, 'parentSSID': None, 'apPrimMacAddress': '04:bf:6d:5e:12:97', 'backhaulConnection': 'Wired'}]"
2019-03-06 03:45:02,Residence Phase 4,True,3d974bd2-d415-4f1a-88c1-8c9d88969d9c,1c8a4cf1-f730-4d39-86af-a4454c659e2f,Groupe ETS,0,[]
2019-03-06 03:45:02,,True,624b3fb6-e41f-483f-b763-e8e117c6f64a,cc7ae08e-dd05-4c89-8d74-d4bca0f7fd60,Francis R,0,"[{'apHNRole': '', 'ssidType': 'NORMAL', 'apSSID': 'SON', 'parentRadio': None, 'parentMacAddress': '', 'apMacAddress': '04:bf:6d:5e:12:9c', 'apName': 'AP SON Francis', 'apId': '58878af043c33c0580231c61', 'radio': '2.4 GHz', 'lockToHNGroup': True, 'parentSSID': None, 'apPrimMacAddress': '04:bf:6d:5e:12:9f', 'backhaulConnection': 'Wired'}, {'apHNRole': '', 'ssidType': 'NORMAL', 'apSSID': 'SON', 'parentRadio': None, 'parentMacAddress': '', 'apMacAddress': '04:bf:6d:5e:12:9d', 'apName': 'AP SON Francis', 'apId': '58878af043c33c0580231c61', 'radio': '5 GHz', 'lockToHNGroup': True, 'parentSSID': None, 'apPrimMacAddress': '04:bf:6d:5e:12:9f', 'backhaulConnection': 'Wired'}]"
2019-03-06 03:45:02,,True,6cb57c27-e491-4465-92b3-9d1deb4d951a,c40991a0-d887-401b-8174-bf3b2ab1ec11,Group Zyxel SON,0,"[{'apHNRole': '', 'ssidType': 'NORMAL', 'apSSID': 'test', 'parentRadio': None, 'parentMacAddress': '', 'apMacAddress': '04:bf:6d:5e:26:85', 'apName': 'AP-SON-A-BRIDGE', 'apId': '58f8bbe443c33c059f9dc661', 'radio': '5 GHz', 'lockToHNGroup': False, 'parentSSID': None, 'apPrimMacAddress': '04:bf:6d:5e:26:87', 'backhaulConnection': 'Wired'}, {'apHNRole': '', 'ssidType': 'NORMAL', 'apSSID': 'test', 'parentRadio': None, 'parentMacAddress': '', 'apMacAddress': '04:bf:6d:5e:26:84', 'apName': 'AP-SON-A-BRIDGE', 'apId': '58f8bbe443c33c059f9dc661', 'radio': '2.4 GHz', 'lockToHNGroup': False, 'parentSSID': None, 'apPrimMacAddress': '04:bf:6d:5e:26:87', 'backhaulConnection': 'Wired'}]"
2019-03-06 04:45:01,,True,3c57e65b-1f27-4dfd-96fc-407c64fdc07b,e79bc95a-27da-4b20-b9a2-c7768bdeb848,MJ,0,[]
2019-03-06 04:45:01,,True,d3fa6246-33eb-4653-be98-3ae01b4d7ced,cc4bdb92-01ed-4acd-972a-f0faedc4344d,612,0,"[{'apSSID': 'SON VOWIFI', 'parentMacAddress': '', 'lockToHNGroup': False, 'apHNRole': '', 'apMacAddress': '04:bf:6d:5e:12:95', 'radio': '5 GHz', 'apPrimMacAddress': '04:bf:6d:5e:12:97', 'backhaulConnection': 'Wired', 'apName': 'AP-SON-A', 'apId': '588a3fc043c33c0580231c7f', 'parentRadio': None, 'ssidType': 'NORMAL', 'parentSSID': None}]"
2019-03-06 04:45:01,Residence Phase 4,True,3d974bd2-d415-4f1a-88c1-8c9d88969d9c,1c8a4cf1-f730-4d39-86af-a4454c659e2f,Groupe ETS,0,[]
2019-03-06 04:45:01,,True,624b3fb6-e41f-483f-b763-e8e117c6f64a,cc7ae08e-dd05-4c89-8d74-d4bca0f7fd60,Francis R,0,"[{'apSSID': 'SON', 'parentMacAddress': '', 'lockToHNGroup': True, 'apHNRole': '', 'apMacAddress': '04:bf:6d:5e:12:9c', 'radio': '2.4 GHz', 'apPrimMacAddress': '04:bf:6d:5e:12:9f', 'backhaulConnection': 'Wired', 'apName': 'AP SON Francis', 'apId': '58878af043c33c0580231c61', 'parentRadio': None, 'ssidType': 'NORMAL', 'parentSSID': None}, {'apSSID': 'SON', 'parentMacAddress': '', 'lockToHNGroup': True, 'apHNRole': '', 'apMacAddress': '04:bf:6d:5e:12:9d', 'radio': '5 GHz', 'apPrimMacAddress': '04:bf:6d:5e:12:9f', 'backhaulConnection': 'Wired', 'apName': 'AP SON Francis', 'apId': '58878af043c33c0580231c61', 'parentRadio': None, 'ssidType': 'NORMAL', 'parentSSID': None}]"
2019-03-06 04:45:01,,True,6cb57c27-e491-4465-92b3-9d1deb4d951a,c40991a0-d887-401b-8174-bf3b2ab1ec11,Group Zyxel SON,0,"[{'apSSID': 'test', 'parentMacAddress': '', 'lockToHNGroup': False, 'apHNRole': '', 'apMacAddress': '04:bf:6d:5e:26:85', 'radio': '5 GHz', 'apPrimMacAddress': '04:bf:6d:5e:26:87', 'backhaulConnection': 'Wired', 'apName': 'AP-SON-A-BRIDGE', 'apId': '58f8bbe443c33c059f9dc661', 'parentRadio': None, 'ssidType': 'NORMAL', 'parentSSID': None}, {'apSSID': 'test', 'parentMacAddress': '', 'lockToHNGroup': False, 'apHNRole': '', 'apMacAddress': '04:bf:6d:5e:26:84', 'radio': '2.4 GHz', 'apPrimMacAddress': '04:bf:6d:5e:26:87', 'backhaulConnection': 'Wired', 'apName': 'AP-SON-A-BRIDGE', 'apId': '58f8bbe443c33c059f9dc661', 'parentRadio': None, 'ssidType': 'NORMAL', 'parentSSID': None}]"
2019-03-06 05:45:01,,True,3c57e65b-1f27-4dfd-96fc-407c64fdc07b,e79bc95a-27da-4b20-b9a2-c7768bdeb848,MJ,0,[]
2019-03-06 05:45:01,,True,d3fa6246-33eb-4653-be98-3ae01b4d7ced,cc4bdb92-01ed-4acd-972a-f0faedc4344d,612,0,"[{'parentSSID': None, 'backhaulConnection': 'Wired', 'lockToHNGroup': False, 'radio': '5 GHz', 'parentMacAddress': '', 'apMacAddress': '04:bf:6d:5e:12:95', 'parentRadio': None, 'apId': '588a3fc043c33c0580231c7f', 'apName': 'AP-SON-A', 'apPrimMacAddress': '04:bf:6d:5e:12:97', 'apHNRole': '', 'apSSID': 'SON VOWIFI', 'ssidType': 'NORMAL'}]"
2019-03-06 05:45:01,Residence Phase 4,True,3d974bd2-d415-4f1a-88c1-8c9d88969d9c,1c8a4cf1-f730-4d39-86af-a4454c659e2f,Groupe ETS,0,[]
2019-03-06 05:45:01,,True,624b3fb6-e41f-483f-b763-e8e117c6f64a,cc7ae08e-dd05-4c89-8d74-d4bca0f7fd60,Francis R,0,"[{'parentSSID': None, 'backhaulConnection': 'Wired', 'lockToHNGroup': True, 'radio': '2.4 GHz', 'parentMacAddress': '', 'apMacAddress': '04:bf:6d:5e:12:9c', 'parentRadio': None, 'apId': '58878af043c33c0580231c61', 'apName': 'AP SON Francis', 'apPrimMacAddress': '04:bf:6d:5e:12:9f', 'apHNRole': '', 'apSSID': 'SON', 'ssidType': 'NORMAL'}, {'parentSSID': None, 'backhaulConnection': 'Wired', 'lockToHNGroup': True, 'radio': '5 GHz', 'parentMacAddress': '', 'apMacAddress': '04:bf:6d:5e:12:9d', 'parentRadio': None, 'apId': '58878af043c33c0580231c61', 'apName': 'AP SON Francis', 'apPrimMacAddress': '04:bf:6d:5e:12:9f', 'apHNRole': '', 'apSSID': 'SON', 'ssidType': 'NORMAL'}]"
2019-03-06 05:45:01,,True,6cb57c27-e491-4465-92b3-9d1deb4d951a,c40991a0-d887-401b-8174-bf3b2ab1ec11,Group Zyxel SON,0,"[{'parentSSID': None, 'backhaulConnection': 'Wired', 'lockToHNGroup': False, 'radio': '5 GHz', 'parentMacAddress': '', 'apMacAddress': '04:bf:6d:5e:26:85', 'parentRadio': None, 'apId': '58f8bbe443c33c059f9dc661', 'apName': 'AP-SON-A-BRIDGE', 'apPrimMacAddress': '04:bf:6d:5e:26:87', 'apHNRole': '', 'apSSID': 'test', 'ssidType': 'NORMAL'}, {'parentSSID': None, 'backhaulConnection': 'Wired', 'lockToHNGroup': False, 'radio': '2.4 GHz', 'parentMacAddress': '', 'apMacAddress': '04:bf:6d:5e:26:84', 'parentRadio': None, 'apId': '58f8bbe443c33c059f9dc661', 'apName': 'AP-SON-A-BRIDGE', 'apPrimMacAddress': '04:bf:6d:5e:26:87', 'apHNRole': '', 'apSSID': 'test', 'ssidType': 'NORMAL'}]"
2019-03-06 06:45:02,,True,3c57e65b-1f27-4dfd-96fc-407c64fdc07b,e79bc95a-27da-4b20-b9a2-c7768bdeb848,MJ,0,[]
2019-03-06 06:45:02,,True,d3fa6246-33eb-4653-be98-3ae01b4d7ced,cc4bdb92-01ed-4acd-972a-f0faedc4344d,612,0,"[{'apHNRole': '', 'apPrimMacAddress': '04:bf:6d:5e:12:97', 'radio': '5 GHz', 'parentRadio': None, 'parentMacAddress': '', 'ssidType': 'NORMAL', 'apSSID': 'SON VOWIFI', 'parentSSID': None, 'lockToHNGroup': False, 'backhaulConnection': 'Wired', 'apMacAddress': '04:bf:6d:5e:12:95', 'apId': '588a3fc043c33c0580231c7f', 'apName': 'AP-SON-A'}]"
2019-03-06 06:45:02,Residence Phase 4,True,3d974bd2-d415-4f1a-88c1-8c9d88969d9c,1c8a4cf1-f730-4d39-86af-a4454c659e2f,Groupe ETS,0,[]
2019-03-06 06:45:02,,True,624b3fb6-e41f-483f-b763-e8e117c6f64a,cc7ae08e-dd05-4c89-8d74-d4bca0f7fd60,Francis R,0,"[{'apHNRole': '', 'apPrimMacAddress': '04:bf:6d:5e:12:9f', 'radio': '2.4 GHz', 'parentRadio': None, 'parentMacAddress': '', 'ssidType': 'NORMAL', 'apSSID': 'SON', 'parentSSID': None, 'lockToHNGroup': True, 'backhaulConnection': 'Wired', 'apMacAddress': '04:bf:6d:5e:12:9c', 'apId': '58878af043c33c0580231c61', 'apName': 'AP SON Francis'}, {'apHNRole': '', 'apPrimMacAddress': '04:bf:6d:5e:12:9f', 'radio': '5 GHz', 'parentRadio': None, 'parentMacAddress': '', 'ssidType': 'NORMAL', 'apSSID': 'SON', 'parentSSID': None, 'lockToHNGroup': True, 'backhaulConnection': 'Wired', 'apMacAddress': '04:bf:6d:5e:12:9d', 'apId': '58878af043c33c0580231c61', 'apName': 'AP SON Francis'}]"
2019-03-06 06:45:02,,True,6cb57c27-e491-4465-92b3-9d1deb4d951a,c40991a0-d887-401b-8174-bf3b2ab1ec11,Group Zyxel SON,0,"[{'apHNRole': '', 'apPrimMacAddress': '04:bf:6d:5e:26:87', 'radio': '5 GHz', 'parentRadio': None, 'parentMacAddress': '', 'ssidType': 'NORMAL', 'apSSID': 'test', 'parentSSID': None, 'lockToHNGroup': False, 'backhaulConnection': 'Wired', 'apMacAddress': '04:bf:6d:5e:26:85', 'apId': '58f8bbe443c33c059f9dc661', 'apName': 'AP-SON-A-BRIDGE'}, {'apHNRole': '', 'apPrimMacAddress': '04:bf:6d:5e:26:87', 'radio': '2.4 GHz', 'parentRadio': None, 'parentMacAddress': '', 'ssidType': 'NORMAL', 'apSSID': 'test', 'parentSSID': None, 'lockToHNGroup': False, 'backhaulConnection': 'Wired', 'apMacAddress': '04:bf:6d:5e:26:84', 'apId': '58f8bbe443c33c059f9dc661', 'apName': 'AP-SON-A-BRIDGE'}]"
2019-03-06 07:45:01,,True,3c57e65b-1f27-4dfd-96fc-407c64fdc07b,e79bc95a-27da-4b20-b9a2-c7768bdeb848,MJ,0,[]
2019-03-06 07:45:01,,True,d3fa6246-33eb-4653-be98-3ae01b4d7ced,cc4bdb92-01ed-4acd-972a-f0faedc4344d,612,0,"[{'apHNRole': '', 'lockToHNGroup': False, 'apSSID': 'SON VOWIFI', 'apId': '588a3fc043c33c0580231c7f', 'apPrimMacAddress': '04:bf:6d:5e:12:97', 'apName': 'AP-SON-A', 'backhaulConnection': 'Wired', 'apMacAddress': '04:bf:6d:5e:12:95', 'parentRadio': None, 'ssidType': 'NORMAL', 'parentSSID': None, 'parentMacAddress': '', 'radio': '5 GHz'}]"
2019-03-06 07:45:01,Residence Phase 4,True,3d974bd2-d415-4f1a-88c1-8c9d88969d9c,1c8a4cf1-f730-4d39-86af-a4454c659e2f,Groupe ETS,0,[]
2019-03-06 07:45:01,,True,624b3fb6-e41f-483f-b763-e8e117c6f64a,cc7ae08e-dd05-4c89-8d74-d4bca0f7fd60,Francis R,0,"[{'apHNRole': '', 'lockToHNGroup': True, 'apSSID': 'SON', 'apId': '58878af043c33c0580231c61', 'apPrimMacAddress': '04:bf:6d:5e:12:9f', 'apName': 'AP SON Francis', 'backhaulConnection': 'Wired', 'apMacAddress': '04:bf:6d:5e:12:9c', 'parentRadio': None, 'ssidType': 'NORMAL', 'parentSSID': None, 'parentMacAddress': '', 'radio': '2.4 GHz'}, {'apHNRole': '', 'lockToHNGroup': True, 'apSSID': 'SON', 'apId': '58878af043c33c0580231c61', 'apPrimMacAddress': '04:bf:6d:5e:12:9f', 'apName': 'AP SON Francis', 'backhaulConnection': 'Wired', 'apMacAddress': '04:bf:6d:5e:12:9d', 'parentRadio': None, 'ssidType': 'NORMAL', 'parentSSID': None, 'parentMacAddress': '', 'radio': '5 GHz'}]"
2019-03-06 07:45:01,,True,6cb57c27-e491-4465-92b3-9d1deb4d951a,c40991a0-d887-401b-8174-bf3b2ab1ec11,Group Zyxel SON,0,"[{'apHNRole': '', 'lockToHNGroup': False, 'apSSID': 'test', 'apId': '58f8bbe443c33c059f9dc661', 'apPrimMacAddress': '04:bf:6d:5e:26:87', 'apName': 'AP-SON-A-BRIDGE', 'backhaulConnection': 'Wired', 'apMacAddress': '04:bf:6d:5e:26:85', 'parentRadio': None, 'ssidType': 'NORMAL', 'parentSSID': None, 'parentMacAddress': '', 'radio': '5 GHz'}, {'apHNRole': '', 'lockToHNGroup': False, 'apSSID': 'test', 'apId': '58f8bbe443c33c059f9dc661', 'apPrimMacAddress': '04:bf:6d:5e:26:87', 'apName': 'AP-SON-A-BRIDGE', 'backhaulConnection': 'Wired', 'apMacAddress': '04:bf:6d:5e:26:84', 'parentRadio': None, 'ssidType': 'NORMAL', 'parentSSID': None, 'parentMacAddress': '', 'radio': '2.4 GHz'}]"
2019-03-06 08:45:01,,True,3c57e65b-1f27-4dfd-96fc-407c64fdc07b,e79bc95a-27da-4b20-b9a2-c7768bdeb848,MJ,0,[]
2019-03-06 08:45:01,,True,d3fa6246-33eb-4653-be98-3ae01b4d7ced,cc4bdb92-01ed-4acd-972a-f0faedc4344d,612,0,"[{'parentMacAddress': '', 'apPrimMacAddress': '04:bf:6d:5e:12:97', 'apHNRole': '', 'apMacAddress': '04:bf:6d:5e:12:95', 'parentSSID': None, 'apSSID': 'SON VOWIFI', 'radio': '5 GHz', 'backhaulConnection': 'Wired', 'apId': '588a3fc043c33c0580231c7f', 'parentRadio': None, 'ssidType': 'NORMAL', 'apName': 'AP-SON-A', 'lockToHNGroup': False}]"
2019-03-06 08:45:01,Residence Phase 4,True,3d974bd2-d415-4f1a-88c1-8c9d88969d9c,1c8a4cf1-f730-4d39-86af-a4454c659e2f,Groupe ETS,0,[]
2019-03-06 08:45:01,,True,624b3fb6-e41f-483f-b763-e8e117c6f64a,cc7ae08e-dd05-4c89-8d74-d4bca0f7fd60,Francis R,0,"[{'parentMacAddress': '', 'apPrimMacAddress': '04:bf:6d:5e:12:9f', 'apHNRole': '', 'apMacAddress': '04:bf:6d:5e:12:9c', 'parentSSID': None, 'apSSID': 'SON', 'radio': '2.4 GHz', 'backhaulConnection': 'Wired', 'apId': '58878af043c33c0580231c61', 'parentRadio': None, 'ssidType': 'NORMAL', 'apName': 'AP SON Francis', 'lockToHNGroup': True}, {'parentMacAddress': '', 'apPrimMacAddress': '04:bf:6d:5e:12:9f', 'apHNRole': '', 'apMacAddress': '04:bf:6d:5e:12:9d', 'parentSSID': None, 'apSSID': 'SON', 'radio': '5 GHz', 'backhaulConnection': 'Wired', 'apId': '58878af043c33c0580231c61', 'parentRadio': None, 'ssidType': 'NORMAL', 'apName': 'AP SON Francis', 'lockToHNGroup': True}]"
2019-03-06 08:45:01,,True,6cb57c27-e491-4465-92b3-9d1deb4d951a,c40991a0-d887-401b-8174-bf3b2ab1ec11,Group Zyxel SON,0,"[{'parentMacAddress': '', 'apPrimMacAddress': '04:bf:6d:5e:26:87', 'apHNRole': '', 'apMacAddress': '04:bf:6d:5e:26:85', 'parentSSID': None, 'apSSID': 'test', 'radio': '5 GHz', 'backhaulConnection': 'Wired', 'apId': '58f8bbe443c33c059f9dc661', 'parentRadio': None, 'ssidType': 'NORMAL', 'apName': 'AP-SON-A-BRIDGE', 'lockToHNGroup': False}, {'parentMacAddress': '', 'apPrimMacAddress': '04:bf:6d:5e:26:87', 'apHNRole': '', 'apMacAddress': '04:bf:6d:5e:26:84', 'parentSSID': None, 'apSSID': 'test', 'radio': '2.4 GHz', 'backhaulConnection': 'Wired', 'apId': '58f8bbe443c33c059f9dc661', 'parentRadio': None, 'ssidType': 'NORMAL', 'apName': 'AP-SON-A-BRIDGE', 'lockToHNGroup': False}]"
2019-03-06 09:45:01,,True,3c57e65b-1f27-4dfd-96fc-407c64fdc07b,e79bc95a-27da-4b20-b9a2-c7768bdeb848,MJ,0,[]
2019-03-06 09:45:01,,True,d3fa6246-33eb-4653-be98-3ae01b4d7ced,cc4bdb92-01ed-4acd-972a-f0faedc4344d,612,0,"[{'apId': '588a3fc043c33c0580231c7f', 'apPrimMacAddress': '04:bf:6d:5e:12:97', 'lockToHNGroup': False, 'apHNRole': '', 'apName': 'AP-SON-A', 'parentRadio': None, 'apMacAddress': '04:bf:6d:5e:12:95', 'parentSSID': None, 'parentMacAddress': '', 'backhaulConnection': 'Wired', 'ssidType': 'NORMAL', 'radio': '5 GHz', 'apSSID': 'SON VOWIFI'}]"
2019-03-06 09:45:01,Residence Phase 4,True,3d974bd2-d415-4f1a-88c1-8c9d88969d9c,1c8a4cf1-f730-4d39-86af-a4454c659e2f,Groupe ETS,0,[]
2019-03-06 09:45:01,,True,624b3fb6-e41f-483f-b763-e8e117c6f64a,cc7ae08e-dd05-4c89-8d74-d4bca0f7fd60,Francis R,0,"[{'apId': '58878af043c33c0580231c61', 'apPrimMacAddress': '04:bf:6d:5e:12:9f', 'lockToHNGroup': True, 'apHNRole': '', 'apName': 'AP SON Francis', 'parentRadio': None, 'apMacAddress': '04:bf:6d:5e:12:9c', 'parentSSID': None, 'parentMacAddress': '', 'backhaulConnection': 'Wired', 'ssidType': 'NORMAL', 'radio': '2.4 GHz', 'apSSID': 'SON'}, {'apId': '58878af043c33c0580231c61', 'apPrimMacAddress': '04:bf:6d:5e:12:9f', 'lockToHNGroup': True, 'apHNRole': '', 'apName': 'AP SON Francis', 'parentRadio': None, 'apMacAddress': '04:bf:6d:5e:12:9d', 'parentSSID': None, 'parentMacAddress': '', 'backhaulConnection': 'Wired', 'ssidType': 'NORMAL', 'radio': '5 GHz', 'apSSID': 'SON'}]"
2019-03-06 09:45:01,,True,6cb57c27-e491-4465-92b3-9d1deb4d951a,c40991a0-d887-401b-8174-bf3b2ab1ec11,Group Zyxel SON,0,"[{'apId': '58f8bbe443c33c059f9dc661', 'apPrimMacAddress': '04:bf:6d:5e:26:87', 'lockToHNGroup': False, 'apHNRole': '', 'apName': 'AP-SON-A-BRIDGE', 'parentRadio': None, 'apMacAddress': '04:bf:6d:5e:26:85', 'parentSSID': None, 'parentMacAddress': '', 'backhaulConnection': 'Wired', 'ssidType': 'NORMAL', 'radio': '5 GHz', 'apSSID': 'test'}, {'apId': '58f8bbe443c33c059f9dc661', 'apPrimMacAddress': '04:bf:6d:5e:26:87', 'lockToHNGroup': False, 'apHNRole': '', 'apName': 'AP-SON-A-BRIDGE', 'parentRadio': None, 'apMacAddress': '04:bf:6d:5e:26:84', 'parentSSID': None, 'parentMacAddress': '', 'backhaulConnection': 'Wired', 'ssidType': 'NORMAL', 'radio': '2.4 GHz', 'apSSID': 'test'}]"
2019-03-06 10:45:01,,True,3c57e65b-1f27-4dfd-96fc-407c64fdc07b,e79bc95a-27da-4b20-b9a2-c7768bdeb848,MJ,0,[]
2019-03-06 10:45:01,,True,d3fa6246-33eb-4653-be98-3ae01b4d7ced,cc4bdb92-01ed-4acd-972a-f0faedc4344d,612,0,"[{'apName': 'AP-SON-A', 'ssidType': 'NORMAL', 'backhaulConnection': 'Wired', 'radio': '5 GHz', 'apMacAddress': '04:bf:6d:5e:12:95', 'apPrimMacAddress': '04:bf:6d:5e:12:97', 'apSSID': 'SON VOWIFI', 'apId': '588a3fc043c33c0580231c7f', 'parentRadio': None, 'apHNRole': '', 'parentMacAddress': '', 'parentSSID': None, 'lockToHNGroup': False}]"
2019-03-06 10:45:01,Residence Phase 4,True,3d974bd2-d415-4f1a-88c1-8c9d88969d9c,1c8a4cf1-f730-4d39-86af-a4454c659e2f,Groupe ETS,0,[]
2019-03-06 10:45:01,,True,624b3fb6-e41f-483f-b763-e8e117c6f64a,cc7ae08e-dd05-4c89-8d74-d4bca0f7fd60,Francis R,0,"[{'apName': 'AP SON Francis', 'ssidType': 'NORMAL', 'backhaulConnection': 'Wired', 'radio': '2.4 GHz', 'apMacAddress': '04:bf:6d:5e:12:9c', 'apPrimMacAddress': '04:bf:6d:5e:12:9f', 'apSSID': 'SON', 'apId': '58878af043c33c0580231c61', 'parentRadio': None, 'apHNRole': '', 'parentMacAddress': '', 'parentSSID': None, 'lockToHNGroup': True}, {'apName': 'AP SON Francis', 'ssidType': 'NORMAL', 'backhaulConnection': 'Wired', 'radio': '5 GHz', 'apMacAddress': '04:bf:6d:5e:12:9d', 'apPrimMacAddress': '04:bf:6d:5e:12:9f', 'apSSID': 'SON', 'apId': '58878af043c33c0580231c61', 'parentRadio': None, 'apHNRole': '', 'parentMacAddress': '', 'parentSSID': None, 'lockToHNGroup': True}]"
2019-03-06 10:45:01,,True,6cb57c27-e491-4465-92b3-9d1deb4d951a,c40991a0-d887-401b-8174-bf3b2ab1ec11,Group Zyxel SON,0,"[{'apName': 'AP-SON-A-BRIDGE', 'ssidType': 'NORMAL', 'backhaulConnection': 'Wired', 'radio': '5 GHz', 'apMacAddress': '04:bf:6d:5e:26:85', 'apPrimMacAddress': '04:bf:6d:5e:26:87', 'apSSID': 'test', 'apId': '58f8bbe443c33c059f9dc661', 'parentRadio': None, 'apHNRole': '', 'parentMacAddress': '', 'parentSSID': None, 'lockToHNGroup': False}, {'apName': 'AP-SON-A-BRIDGE', 'ssidType': 'NORMAL', 'backhaulConnection': 'Wired', 'radio': '2.4 GHz', 'apMacAddress': '04:bf:6d:5e:26:84', 'apPrimMacAddress': '04:bf:6d:5e:26:87', 'apSSID': 'test', 'apId': '58f8bbe443c33c059f9dc661', 'parentRadio': None, 'apHNRole': '', 'parentMacAddress': '', 'parentSSID': None, 'lockToHNGroup': False}]"
2019-03-06 11:45:01,,True,3c57e65b-1f27-4dfd-96fc-407c64fdc07b,e79bc95a-27da-4b20-b9a2-c7768bdeb848,MJ,0,[]
2019-03-06 11:45:01,,True,d3fa6246-33eb-4653-be98-3ae01b4d7ced,cc4bdb92-01ed-4acd-972a-f0faedc4344d,612,0,"[{'radio': '5 GHz', 'apName': 'AP-SON-A', 'parentRadio': None, 'ssidType': 'NORMAL', 'backhaulConnection': 'Wired', 'apSSID': 'SON VOWIFI', 'lockToHNGroup': False, 'apPrimMacAddress': '04:bf:6d:5e:12:97', 'apId': '588a3fc043c33c0580231c7f', 'apHNRole': '', 'parentMacAddress': '', 'parentSSID': None, 'apMacAddress': '04:bf:6d:5e:12:95'}]"
2019-03-06 11:45:01,Residence Phase 4,True,3d974bd2-d415-4f1a-88c1-8c9d88969d9c,1c8a4cf1-f730-4d39-86af-a4454c659e2f,Groupe ETS,0,[]
2019-03-06 11:45:01,,True,624b3fb6-e41f-483f-b763-e8e117c6f64a,cc7ae08e-dd05-4c89-8d74-d4bca0f7fd60,Francis R,0,"[{'radio': '2.4 GHz', 'apName': 'AP SON Francis', 'parentRadio': None, 'ssidType': 'NORMAL', 'backhaulConnection': 'Wired', 'apSSID': 'SON', 'lockToHNGroup': True, 'apPrimMacAddress': '04:bf:6d:5e:12:9f', 'apId': '58878af043c33c0580231c61', 'apHNRole': '', 'parentMacAddress': '', 'parentSSID': None, 'apMacAddress': '04:bf:6d:5e:12:9c'}, {'radio': '5 GHz', 'apName': 'AP SON Francis', 'parentRadio': None, 'ssidType': 'NORMAL', 'backhaulConnection': 'Wired', 'apSSID': 'SON', 'lockToHNGroup': True, 'apPrimMacAddress': '04:bf:6d:5e:12:9f', 'apId': '58878af043c33c0580231c61', 'apHNRole': '', 'parentMacAddress': '', 'parentSSID': None, 'apMacAddress': '04:bf:6d:5e:12:9d'}]"
2019-03-06 11:45:01,,True,6cb57c27-e491-4465-92b3-9d1deb4d951a,c40991a0-d887-401b-8174-bf3b2ab1ec11,Group Zyxel SON,0,"[{'radio': '5 GHz', 'apName': 'AP-SON-A-BRIDGE', 'parentRadio': None, 'ssidType': 'NORMAL', 'backhaulConnection': 'Wired', 'apSSID': 'test', 'lockToHNGroup': False, 'apPrimMacAddress': '04:bf:6d:5e:26:87', 'apId': '58f8bbe443c33c059f9dc661', 'apHNRole': '', 'parentMacAddress': '', 'parentSSID': None, 'apMacAddress': '04:bf:6d:5e:26:85'}, {'radio': '2.4 GHz', 'apName': 'AP-SON-A-BRIDGE', 'parentRadio': None, 'ssidType': 'NORMAL', 'backhaulConnection': 'Wired', 'apSSID': 'test', 'lockToHNGroup': False, 'apPrimMacAddress': '04:bf:6d:5e:26:87', 'apId': '58f8bbe443c33c059f9dc661', 'apHNRole': '', 'parentMacAddress': '', 'parentSSID': None, 'apMacAddress': '04:bf:6d:5e:26:84'}]"
2019-03-06 12:45:01,,True,3c57e65b-1f27-4dfd-96fc-407c64fdc07b,e79bc95a-27da-4b20-b9a2-c7768bdeb848,MJ,0,[]
2019-03-06 12:45:01,,True,d3fa6246-33eb-4653-be98-3ae01b4d7ced,cc4bdb92-01ed-4acd-972a-f0faedc4344d,612,0,"[{'apPrimMacAddress': '04:bf:6d:5e:12:97', 'parentRadio': None, 'apMacAddress': '04:bf:6d:5e:12:95', 'apId': '588a3fc043c33c0580231c7f', 'parentMacAddress': '', 'radio': '5 GHz', 'ssidType': 'NORMAL', 'apSSID': 'SON VOWIFI', 'lockToHNGroup': False, 'parentSSID': None, 'backhaulConnection': 'Wired', 'apHNRole': '', 'apName': 'AP-SON-A'}]"
2019-03-06 12:45:01,Residence Phase 4,True,3d974bd2-d415-4f1a-88c1-8c9d88969d9c,1c8a4cf1-f730-4d39-86af-a4454c659e2f,Groupe ETS,0,[]
2019-03-06 12:45:01,,True,624b3fb6-e41f-483f-b763-e8e117c6f64a,cc7ae08e-dd05-4c89-8d74-d4bca0f7fd60,Francis R,0,"[{'apPrimMacAddress': '04:bf:6d:5e:12:9f', 'parentRadio': None, 'apMacAddress': '04:bf:6d:5e:12:9c', 'apId': '58878af043c33c0580231c61', 'parentMacAddress': '', 'radio': '2.4 GHz', 'ssidType': 'NORMAL', 'apSSID': 'SON', 'lockToHNGroup': True, 'parentSSID': None, 'backhaulConnection': 'Wired', 'apHNRole': '', 'apName': 'AP SON Francis'}, {'apPrimMacAddress': '04:bf:6d:5e:12:9f', 'parentRadio': None, 'apMacAddress': '04:bf:6d:5e:12:9d', 'apId': '58878af043c33c0580231c61', 'parentMacAddress': '', 'radio': '5 GHz', 'ssidType': 'NORMAL', 'apSSID': 'SON', 'lockToHNGroup': True, 'parentSSID': None, 'backhaulConnection': 'Wired', 'apHNRole': '', 'apName': 'AP SON Francis'}]"
2019-03-06 12:45:01,,True,6cb57c27-e491-4465-92b3-9d1deb4d951a,c40991a0-d887-401b-8174-bf3b2ab1ec11,Group Zyxel SON,0,"[{'apPrimMacAddress': '04:bf:6d:5e:26:87', 'parentRadio': None, 'apMacAddress': '04:bf:6d:5e:26:85', 'apId': '58f8bbe443c33c059f9dc661', 'parentMacAddress': '', 'radio': '5 GHz', 'ssidType': 'NORMAL', 'apSSID': 'test', 'lockToHNGroup': False, 'parentSSID': None, 'backhaulConnection': 'Wired', 'apHNRole': '', 'apName': 'AP-SON-A-BRIDGE'}, {'apPrimMacAddress': '04:bf:6d:5e:26:87', 'parentRadio': None, 'apMacAddress': '04:bf:6d:5e:26:84', 'apId': '58f8bbe443c33c059f9dc661', 'parentMacAddress': '', 'radio': '2.4 GHz', 'ssidType': 'NORMAL', 'apSSID': 'test', 'lockToHNGroup': False, 'parentSSID': None, 'backhaulConnection': 'Wired', 'apHNRole': '', 'apName': 'AP-SON-A-BRIDGE'}]"
2019-03-06 13:45:01,,True,3c57e65b-1f27-4dfd-96fc-407c64fdc07b,e79bc95a-27da-4b20-b9a2-c7768bdeb848,MJ,0,[]
2019-03-06 13:45:01,,True,d3fa6246-33eb-4653-be98-3ae01b4d7ced,cc4bdb92-01ed-4acd-972a-f0faedc4344d,612,0,"[{'ssidType': 'NORMAL', 'apName': 'AP-SON-A', 'parentMacAddress': '', 'apMacAddress': '04:bf:6d:5e:12:95', 'apSSID': 'SON VOWIFI', 'backhaulConnection': 'Wired', 'radio': '5 GHz', 'apId': '588a3fc043c33c0580231c7f', 'lockToHNGroup': False, 'parentRadio': None, 'apPrimMacAddress': '04:bf:6d:5e:12:97', 'apHNRole': '', 'parentSSID': None}]"
2019-03-06 13:45:01,Residence Phase 4,True,3d974bd2-d415-4f1a-88c1-8c9d88969d9c,1c8a4cf1-f730-4d39-86af-a4454c659e2f,Groupe ETS,0,[]
2019-03-06 13:45:01,,True,624b3fb6-e41f-483f-b763-e8e117c6f64a,cc7ae08e-dd05-4c89-8d74-d4bca0f7fd60,Francis R,0,"[{'ssidType': 'NORMAL', 'apName': 'AP SON Francis', 'parentMacAddress': '', 'apMacAddress': '04:bf:6d:5e:12:9c', 'apSSID': 'SON', 'backhaulConnection': 'Wired', 'radio': '2.4 GHz', 'apId': '58878af043c33c0580231c61', 'lockToHNGroup': True, 'parentRadio': None, 'apPrimMacAddress': '04:bf:6d:5e:12:9f', 'apHNRole': '', 'parentSSID': None}, {'ssidType': 'NORMAL', 'apName': 'AP SON Francis', 'parentMacAddress': '', 'apMacAddress': '04:bf:6d:5e:12:9d', 'apSSID': 'SON', 'backhaulConnection': 'Wired', 'radio': '5 GHz', 'apId': '58878af043c33c0580231c61', 'lockToHNGroup': True, 'parentRadio': None, 'apPrimMacAddress': '04:bf:6d:5e:12:9f', 'apHNRole': '', 'parentSSID': None}]"
2019-03-06 13:45:01,,True,6cb57c27-e491-4465-92b3-9d1deb4d951a,c40991a0-d887-401b-8174-bf3b2ab1ec11,Group Zyxel SON,0,"[{'ssidType': 'NORMAL', 'apName': 'AP-SON-A-BRIDGE', 'parentMacAddress': '', 'apMacAddress': '04:bf:6d:5e:26:85', 'apSSID': 'test', 'backhaulConnection': 'Wired', 'radio': '5 GHz', 'apId': '58f8bbe443c33c059f9dc661', 'lockToHNGroup': False, 'parentRadio': None, 'apPrimMacAddress': '04:bf:6d:5e:26:87', 'apHNRole': '', 'parentSSID': None}, {'ssidType': 'NORMAL', 'apName': 'AP-SON-A-BRIDGE', 'parentMacAddress': '', 'apMacAddress': '04:bf:6d:5e:26:84', 'apSSID': 'test', 'backhaulConnection': 'Wired', 'radio': '2.4 GHz', 'apId': '58f8bbe443c33c059f9dc661', 'lockToHNGroup': False, 'parentRadio': None, 'apPrimMacAddress': '04:bf:6d:5e:26:87', 'apHNRole': '', 'parentSSID': None}]"
2019-03-06 14:45:01,,True,3c57e65b-1f27-4dfd-96fc-407c64fdc07b,e79bc95a-27da-4b20-b9a2-c7768bdeb848,MJ,0,[]
2019-03-06 14:45:01,,True,d3fa6246-33eb-4653-be98-3ae01b4d7ced,cc4bdb92-01ed-4acd-972a-f0faedc4344d,612,0,"[{'apId': '588a3fc043c33c0580231c7f', 'apName': 'AP-SON-A', 'radio': '5 GHz', 'lockToHNGroup': False, 'apMacAddress': '04:bf:6d:5e:12:95', 'apHNRole': '', 'backhaulConnection': 'Wired', 'parentSSID': None, 'parentMacAddress': '', 'parentRadio': None, 'ssidType': 'NORMAL', 'apSSID': 'SON VOWIFI', 'apPrimMacAddress': '04:bf:6d:5e:12:97'}]"
2019-03-06 14:45:01,Residence Phase 4,True,3d974bd2-d415-4f1a-88c1-8c9d88969d9c,1c8a4cf1-f730-4d39-86af-a4454c659e2f,Groupe ETS,0,[]
2019-03-06 14:45:01,,True,624b3fb6-e41f-483f-b763-e8e117c6f64a,cc7ae08e-dd05-4c89-8d74-d4bca0f7fd60,Francis R,0,"[{'apId': '58878af043c33c0580231c61', 'apName': 'AP SON Francis', 'radio': '2.4 GHz', 'lockToHNGroup': True, 'apMacAddress': '04:bf:6d:5e:12:9c', 'apHNRole': '', 'backhaulConnection': 'Wired', 'parentSSID': None, 'parentMacAddress': '', 'parentRadio': None, 'ssidType': 'NORMAL', 'apSSID': 'SON', 'apPrimMacAddress': '04:bf:6d:5e:12:9f'}, {'apId': '58878af043c33c0580231c61', 'apName': 'AP SON Francis', 'radio': '5 GHz', 'lockToHNGroup': True, 'apMacAddress': '04:bf:6d:5e:12:9d', 'apHNRole': '', 'backhaulConnection': 'Wired', 'parentSSID': None, 'parentMacAddress': '', 'parentRadio': None, 'ssidType': 'NORMAL', 'apSSID': 'SON', 'apPrimMacAddress': '04:bf:6d:5e:12:9f'}]"
2019-03-06 14:45:01,,True,6cb57c27-e491-4465-92b3-9d1deb4d951a,c40991a0-d887-401b-8174-bf3b2ab1ec11,Group Zyxel SON,0,"[{'apId': '58f8bbe443c33c059f9dc661', 'apName': 'AP-SON-A-BRIDGE', 'radio': '5 GHz', 'lockToHNGroup': False, 'apMacAddress': '04:bf:6d:5e:26:85', 'apHNRole': '', 'backhaulConnection': 'Wired', 'parentSSID': None, 'parentMacAddress': '', 'parentRadio': None, 'ssidType': 'NORMAL', 'apSSID': 'test', 'apPrimMacAddress': '04:bf:6d:5e:26:87'}, {'apId': '58f8bbe443c33c059f9dc661', 'apName': 'AP-SON-A-BRIDGE', 'radio': '2.4 GHz', 'lockToHNGroup': False, 'apMacAddress': '04:bf:6d:5e:26:84', 'apHNRole': '', 'backhaulConnection': 'Wired', 'parentSSID': None, 'parentMacAddress': '', 'parentRadio': None, 'ssidType': 'NORMAL', 'apSSID': 'test', 'apPrimMacAddress': '04:bf:6d:5e:26:87'}]"
2019-03-06 15:45:02,,True,3c57e65b-1f27-4dfd-96fc-407c64fdc07b,e79bc95a-27da-4b20-b9a2-c7768bdeb848,MJ,0,[]
2019-03-06 15:45:02,,True,d3fa6246-33eb-4653-be98-3ae01b4d7ced,cc4bdb92-01ed-4acd-972a-f0faedc4344d,612,0,"[{'apSSID': 'SON VOWIFI', 'parentMacAddress': '', 'ssidType': 'NORMAL', 'apName': 'AP-SON-A', 'apId': '588a3fc043c33c0580231c7f', 'backhaulConnection': 'Wired', 'lockToHNGroup': False, 'apHNRole': '', 'parentRadio': None, 'apMacAddress': '04:bf:6d:5e:12:95', 'apPrimMacAddress': '04:bf:6d:5e:12:97', 'radio': '5 GHz', 'parentSSID': None}]"
2019-03-06 15:45:02,Residence Phase 4,True,3d974bd2-d415-4f1a-88c1-8c9d88969d9c,1c8a4cf1-f730-4d39-86af-a4454c659e2f,Groupe ETS,0,[]
2019-03-06 15:45:02,,True,624b3fb6-e41f-483f-b763-e8e117c6f64a,cc7ae08e-dd05-4c89-8d74-d4bca0f7fd60,Francis R,0,"[{'apSSID': 'SON', 'parentMacAddress': '', 'ssidType': 'NORMAL', 'apName': 'AP SON Francis', 'apId': '58878af043c33c0580231c61', 'backhaulConnection': 'Wired', 'lockToHNGroup': True, 'apHNRole': '', 'parentRadio': None, 'apMacAddress': '04:bf:6d:5e:12:9c', 'apPrimMacAddress': '04:bf:6d:5e:12:9f', 'radio': '2.4 GHz', 'parentSSID': None}, {'apSSID': 'SON', 'parentMacAddress': '', 'ssidType': 'NORMAL', 'apName': 'AP SON Francis', 'apId': '58878af043c33c0580231c61', 'backhaulConnection': 'Wired', 'lockToHNGroup': True, 'apHNRole': '', 'parentRadio': None, 'apMacAddress': '04:bf:6d:5e:12:9d', 'apPrimMacAddress': '04:bf:6d:5e:12:9f', 'radio': '5 GHz', 'parentSSID': None}]"
2019-03-06 15:45:02,,True,6cb57c27-e491-4465-92b3-9d1deb4d951a,c40991a0-d887-401b-8174-bf3b2ab1ec11,Group Zyxel SON,0,"[{'apSSID': 'test', 'parentMacAddress': '', 'ssidType': 'NORMAL', 'apName': 'AP-SON-A-BRIDGE', 'apId': '58f8bbe443c33c059f9dc661', 'backhaulConnection': 'Wired', 'lockToHNGroup': False, 'apHNRole': '', 'parentRadio': None, 'apMacAddress': '04:bf:6d:5e:26:85', 'apPrimMacAddress': '04:bf:6d:5e:26:87', 'radio': '5 GHz', 'parentSSID': None}, {'apSSID': 'test', 'parentMacAddress': '', 'ssidType': 'NORMAL', 'apName': 'AP-SON-A-BRIDGE', 'apId': '58f8bbe443c33c059f9dc661', 'backhaulConnection': 'Wired', 'lockToHNGroup': False, 'apHNRole': '', 'parentRadio': None, 'apMacAddress': '04:bf:6d:5e:26:84', 'apPrimMacAddress': '04:bf:6d:5e:26:87', 'radio': '2.4 GHz', 'parentSSID': None}]"
2019-03-06 16:45:02,,True,3c57e65b-1f27-4dfd-96fc-407c64fdc07b,e79bc95a-27da-4b20-b9a2-c7768bdeb848,MJ,0,[]
2019-03-06 16:45:02,,True,d3fa6246-33eb-4653-be98-3ae01b4d7ced,cc4bdb92-01ed-4acd-972a-f0faedc4344d,612,0,"[{'apSSID': 'SON VOWIFI', 'apName': 'AP-SON-A', 'apId': '588a3fc043c33c0580231c7f', 'parentMacAddress': '', 'radio': '5 GHz', 'backhaulConnection': 'Wired', 'apHNRole': '', 'parentRadio': None, 'lockToHNGroup': False, 'apPrimMacAddress': '04:bf:6d:5e:12:97', 'parentSSID': None, 'apMacAddress': '04:bf:6d:5e:12:95', 'ssidType': 'NORMAL'}]"
2019-03-06 16:45:02,Residence Phase 4,True,3d974bd2-d415-4f1a-88c1-8c9d88969d9c,1c8a4cf1-f730-4d39-86af-a4454c659e2f,Groupe ETS,0,[]
2019-03-06 16:45:02,,True,624b3fb6-e41f-483f-b763-e8e117c6f64a,cc7ae08e-dd05-4c89-8d74-d4bca0f7fd60,Francis R,0,"[{'apSSID': 'SON', 'apName': 'AP SON Francis', 'apId': '58878af043c33c0580231c61', 'parentMacAddress': '', 'radio': '2.4 GHz', 'backhaulConnection': 'Wired', 'apHNRole': '', 'parentRadio': None, 'lockToHNGroup': True, 'apPrimMacAddress': '04:bf:6d:5e:12:9f', 'parentSSID': None, 'apMacAddress': '04:bf:6d:5e:12:9c', 'ssidType': 'NORMAL'}, {'apSSID': 'SON', 'apName': 'AP SON Francis', 'apId': '58878af043c33c0580231c61', 'parentMacAddress': '', 'radio': '5 GHz', 'backhaulConnection': 'Wired', 'apHNRole': '', 'parentRadio': None, 'lockToHNGroup': True, 'apPrimMacAddress': '04:bf:6d:5e:12:9f', 'parentSSID': None, 'apMacAddress': '04:bf:6d:5e:12:9d', 'ssidType': 'NORMAL'}]"
2019-03-06 16:45:02,,True,6cb57c27-e491-4465-92b3-9d1deb4d951a,c40991a0-d887-401b-8174-bf3b2ab1ec11,Group Zyxel SON,0,"[{'apSSID': 'test', 'apName': 'AP-SON-A-BRIDGE', 'apId': '58f8bbe443c33c059f9dc661', 'parentMacAddress': '', 'radio': '5 GHz', 'backhaulConnection': 'Wired', 'apHNRole': '', 'parentRadio': None, 'lockToHNGroup': False, 'apPrimMacAddress': '04:bf:6d:5e:26:87', 'parentSSID': None, 'apMacAddress': '04:bf:6d:5e:26:85', 'ssidType': 'NORMAL'}, {'apSSID': 'test', 'apName': 'AP-SON-A-BRIDGE', 'apId': '58f8bbe443c33c059f9dc661', 'parentMacAddress': '', 'radio': '2.4 GHz', 'backhaulConnection': 'Wired', 'apHNRole': '', 'parentRadio': None, 'lockToHNGroup': False, 'apPrimMacAddress': '04:bf:6d:5e:26:87', 'parentSSID': None, 'apMacAddress': '04:bf:6d:5e:26:84', 'ssidType': 'NORMAL'}]"
2019-03-06 17:45:01,,True,3c57e65b-1f27-4dfd-96fc-407c64fdc07b,e79bc95a-27da-4b20-b9a2-c7768bdeb848,MJ,0,[]
2019-03-06 17:45:01,,True,d3fa6246-33eb-4653-be98-3ae01b4d7ced,cc4bdb92-01ed-4acd-972a-f0faedc4344d,612,0,"[{'apPrimMacAddress': '04:bf:6d:5e:12:97', 'backhaulConnection': 'Wired', 'apHNRole': '', 'apMacAddress': '04:bf:6d:5e:12:95', 'parentRadio': None, 'apSSID': 'SON VOWIFI', 'apId': '588a3fc043c33c0580231c7f', 'radio': '5 GHz', 'apName': 'AP-SON-A', 'parentSSID': None, 'parentMacAddress': '', 'ssidType': 'NORMAL', 'lockToHNGroup': False}]"
2019-03-06 17:45:01,Residence Phase 4,True,3d974bd2-d415-4f1a-88c1-8c9d88969d9c,1c8a4cf1-f730-4d39-86af-a4454c659e2f,Groupe ETS,0,[]
2019-03-06 17:45:01,,True,624b3fb6-e41f-483f-b763-e8e117c6f64a,cc7ae08e-dd05-4c89-8d74-d4bca0f7fd60,Francis R,0,"[{'apPrimMacAddress': '04:bf:6d:5e:12:9f', 'backhaulConnection': 'Wired', 'apHNRole': '', 'apMacAddress': '04:bf:6d:5e:12:9c', 'parentRadio': None, 'apSSID': 'SON', 'apId': '58878af043c33c0580231c61', 'radio': '2.4 GHz', 'apName': 'AP SON Francis', 'parentSSID': None, 'parentMacAddress': '', 'ssidType': 'NORMAL', 'lockToHNGroup': True}, {'apPrimMacAddress': '04:bf:6d:5e:12:9f', 'backhaulConnection': 'Wired', 'apHNRole': '', 'apMacAddress': '04:bf:6d:5e:12:9d', 'parentRadio': None, 'apSSID': 'SON', 'apId': '58878af043c33c0580231c61', 'radio': '5 GHz', 'apName': 'AP SON Francis', 'parentSSID': None, 'parentMacAddress': '', 'ssidType': 'NORMAL', 'lockToHNGroup': True}]"
2019-03-06 17:45:01,,True,6cb57c27-e491-4465-92b3-9d1deb4d951a,c40991a0-d887-401b-8174-bf3b2ab1ec11,Group Zyxel SON,0,"[{'apPrimMacAddress': '04:bf:6d:5e:26:87', 'backhaulConnection': 'Wired', 'apHNRole': '', 'apMacAddress': '04:bf:6d:5e:26:85', 'parentRadio': None, 'apSSID': 'test', 'apId': '58f8bbe443c33c059f9dc661', 'radio': '5 GHz', 'apName': 'AP-SON-A-BRIDGE', 'parentSSID': None, 'parentMacAddress': '', 'ssidType': 'NORMAL', 'lockToHNGroup': False}, {'apPrimMacAddress': '04:bf:6d:5e:26:87', 'backhaulConnection': 'Wired', 'apHNRole': '', 'apMacAddress': '04:bf:6d:5e:26:84', 'parentRadio': None, 'apSSID': 'test', 'apId': '58f8bbe443c33c059f9dc661', 'radio': '2.4 GHz', 'apName': 'AP-SON-A-BRIDGE', 'parentSSID': None, 'parentMacAddress': '', 'ssidType': 'NORMAL', 'lockToHNGroup': False}]"
2019-03-06 18:45:01,,True,3c57e65b-1f27-4dfd-96fc-407c64fdc07b,e79bc95a-27da-4b20-b9a2-c7768bdeb848,MJ,0,[]
2019-03-06 18:45:01,,True,d3fa6246-33eb-4653-be98-3ae01b4d7ced,cc4bdb92-01ed-4acd-972a-f0faedc4344d,612,0,"[{'apHNRole': '', 'parentMacAddress': '', 'apName': 'AP-SON-A', 'parentRadio': None, 'apPrimMacAddress': '04:bf:6d:5e:12:97', 'apId': '588a3fc043c33c0580231c7f', 'apMacAddress': '04:bf:6d:5e:12:95', 'backhaulConnection': 'Wired', 'radio': '5 GHz', 'ssidType': 'NORMAL', 'parentSSID': None, 'lockToHNGroup': False, 'apSSID': 'SON VOWIFI'}]"
2019-03-06 18:45:01,Residence Phase 4,True,3d974bd2-d415-4f1a-88c1-8c9d88969d9c,1c8a4cf1-f730-4d39-86af-a4454c659e2f,Groupe ETS,0,[]
2019-03-06 18:45:01,,True,624b3fb6-e41f-483f-b763-e8e117c6f64a,cc7ae08e-dd05-4c89-8d74-d4bca0f7fd60,Francis R,0,"[{'apHNRole': '', 'parentMacAddress': '', 'apName': 'AP SON Francis', 'parentRadio': None, 'apPrimMacAddress': '04:bf:6d:5e:12:9f', 'apId': '58878af043c33c0580231c61', 'apMacAddress': '04:bf:6d:5e:12:9c', 'backhaulConnection': 'Wired', 'radio': '2.4 GHz', 'ssidType': 'NORMAL', 'parentSSID': None, 'lockToHNGroup': True, 'apSSID': 'SON'}, {'apHNRole': '', 'parentMacAddress': '', 'apName': 'AP SON Francis', 'parentRadio': None, 'apPrimMacAddress': '04:bf:6d:5e:12:9f', 'apId': '58878af043c33c0580231c61', 'apMacAddress': '04:bf:6d:5e:12:9d', 'backhaulConnection': 'Wired', 'radio': '5 GHz', 'ssidType': 'NORMAL', 'parentSSID': None, 'lockToHNGroup': True, 'apSSID': 'SON'}]"
2019-03-06 18:45:01,,True,6cb57c27-e491-4465-92b3-9d1deb4d951a,c40991a0-d887-401b-8174-bf3b2ab1ec11,Group Zyxel SON,0,"[{'apHNRole': '', 'parentMacAddress': '', 'apName': 'AP-SON-A-BRIDGE', 'parentRadio': None, 'apPrimMacAddress': '04:bf:6d:5e:26:87', 'apId': '58f8bbe443c33c059f9dc661', 'apMacAddress': '04:bf:6d:5e:26:85', 'backhaulConnection': 'Wired', 'radio': '5 GHz', 'ssidType': 'NORMAL', 'parentSSID': None, 'lockToHNGroup': False, 'apSSID': 'test'}, {'apHNRole': '', 'parentMacAddress': '', 'apName': 'AP-SON-A-BRIDGE', 'parentRadio': None, 'apPrimMacAddress': '04:bf:6d:5e:26:87', 'apId': '58f8bbe443c33c059f9dc661', 'apMacAddress': '04:bf:6d:5e:26:84', 'backhaulConnection': 'Wired', 'radio': '2.4 GHz', 'ssidType': 'NORMAL', 'parentSSID': None, 'lockToHNGroup': False, 'apSSID': 'test'}]"
2019-03-06 19:45:02,,True,3c57e65b-1f27-4dfd-96fc-407c64fdc07b,e79bc95a-27da-4b20-b9a2-c7768bdeb848,MJ,0,[]
2019-03-06 19:45:02,,True,d3fa6246-33eb-4653-be98-3ae01b4d7ced,cc4bdb92-01ed-4acd-972a-f0faedc4344d,612,0,"[{'apName': 'AP-SON-A', 'apPrimMacAddress': '04:bf:6d:5e:12:97', 'lockToHNGroup': False, 'apMacAddress': '04:bf:6d:5e:12:95', 'backhaulConnection': 'Wired', 'radio': '5 GHz', 'apHNRole': '', 'apId': '588a3fc043c33c0580231c7f', 'parentRadio': None, 'ssidType': 'NORMAL', 'parentMacAddress': '', 'apSSID': 'SON VOWIFI', 'parentSSID': None}]"
2019-03-06 19:45:02,Residence Phase 4,True,3d974bd2-d415-4f1a-88c1-8c9d88969d9c,1c8a4cf1-f730-4d39-86af-a4454c659e2f,Groupe ETS,0,[]
2019-03-06 19:45:02,,True,624b3fb6-e41f-483f-b763-e8e117c6f64a,cc7ae08e-dd05-4c89-8d74-d4bca0f7fd60,Francis R,0,"[{'apName': 'AP SON Francis', 'apPrimMacAddress': '04:bf:6d:5e:12:9f', 'lockToHNGroup': True, 'apMacAddress': '04:bf:6d:5e:12:9c', 'backhaulConnection': 'Wired', 'radio': '2.4 GHz', 'apHNRole': '', 'apId': '58878af043c33c0580231c61', 'parentRadio': None, 'ssidType': 'NORMAL', 'parentMacAddress': '', 'apSSID': 'SON', 'parentSSID': None}, {'apName': 'AP SON Francis', 'apPrimMacAddress': '04:bf:6d:5e:12:9f', 'lockToHNGroup': True, 'apMacAddress': '04:bf:6d:5e:12:9d', 'backhaulConnection': 'Wired', 'radio': '5 GHz', 'apHNRole': '', 'apId': '58878af043c33c0580231c61', 'parentRadio': None, 'ssidType': 'NORMAL', 'parentMacAddress': '', 'apSSID': 'SON', 'parentSSID': None}]"
2019-03-06 19:45:02,,True,6cb57c27-e491-4465-92b3-9d1deb4d951a,c40991a0-d887-401b-8174-bf3b2ab1ec11,Group Zyxel SON,0,"[{'apName': 'AP-SON-A-BRIDGE', 'apPrimMacAddress': '04:bf:6d:5e:26:87', 'lockToHNGroup': False, 'apMacAddress': '04:bf:6d:5e:26:85', 'backhaulConnection': 'Wired', 'radio': '5 GHz', 'apHNRole': '', 'apId': '58f8bbe443c33c059f9dc661', 'parentRadio': None, 'ssidType': 'NORMAL', 'parentMacAddress': '', 'apSSID': 'test', 'parentSSID': None}, {'apName': 'AP-SON-A-BRIDGE', 'apPrimMacAddress': '04:bf:6d:5e:26:87', 'lockToHNGroup': False, 'apMacAddress': '04:bf:6d:5e:26:84', 'backhaulConnection': 'Wired', 'radio': '2.4 GHz', 'apHNRole': '', 'apId': '58f8bbe443c33c059f9dc661', 'parentRadio': None, 'ssidType': 'NORMAL', 'parentMacAddress': '', 'apSSID': 'test', 'parentSSID': None}]"
2019-03-06 20:45:02,,True,3c57e65b-1f27-4dfd-96fc-407c64fdc07b,e79bc95a-27da-4b20-b9a2-c7768bdeb848,MJ,0,[]
2019-03-06 20:45:02,,True,d3fa6246-33eb-4653-be98-3ae01b4d7ced,cc4bdb92-01ed-4acd-972a-f0faedc4344d,612,0,"[{'radio': '5 GHz', 'apSSID': 'SON VOWIFI', 'backhaulConnection': 'Wired', 'apPrimMacAddress': '04:bf:6d:5e:12:97', 'lockToHNGroup': False, 'apName': 'AP-SON-A', 'parentRadio': None, 'ssidType': 'NORMAL', 'apHNRole': '', 'apMacAddress': '04:bf:6d:5e:12:95', 'parentMacAddress': '', 'apId': '588a3fc043c33c0580231c7f', 'parentSSID': None}]"
2019-03-06 20:45:02,Residence Phase 4,True,3d974bd2-d415-4f1a-88c1-8c9d88969d9c,1c8a4cf1-f730-4d39-86af-a4454c659e2f,Groupe ETS,0,[]
2019-03-06 20:45:02,,True,624b3fb6-e41f-483f-b763-e8e117c6f64a,cc7ae08e-dd05-4c89-8d74-d4bca0f7fd60,Francis R,0,"[{'radio': '2.4 GHz', 'apSSID': 'SON', 'backhaulConnection': 'Wired', 'apPrimMacAddress': '04:bf:6d:5e:12:9f', 'lockToHNGroup': True, 'apName': 'AP SON Francis', 'parentRadio': None, 'ssidType': 'NORMAL', 'apHNRole': '', 'apMacAddress': '04:bf:6d:5e:12:9c', 'parentMacAddress': '', 'apId': '58878af043c33c0580231c61', 'parentSSID': None}, {'radio': '5 GHz', 'apSSID': 'SON', 'backhaulConnection': 'Wired', 'apPrimMacAddress': '04:bf:6d:5e:12:9f', 'lockToHNGroup': True, 'apName': 'AP SON Francis', 'parentRadio': None, 'ssidType': 'NORMAL', 'apHNRole': '', 'apMacAddress': '04:bf:6d:5e:12:9d', 'parentMacAddress': '', 'apId': '58878af043c33c0580231c61', 'parentSSID': None}]"
2019-03-06 20:45:02,,True,6cb57c27-e491-4465-92b3-9d1deb4d951a,c40991a0-d887-401b-8174-bf3b2ab1ec11,Group Zyxel SON,0,"[{'radio': '5 GHz', 'apSSID': 'test', 'backhaulConnection': 'Wired', 'apPrimMacAddress': '04:bf:6d:5e:26:87', 'lockToHNGroup': False, 'apName': 'AP-SON-A-BRIDGE', 'parentRadio': None, 'ssidType': 'NORMAL', 'apHNRole': '', 'apMacAddress': '04:bf:6d:5e:26:85', 'parentMacAddress': '', 'apId': '58f8bbe443c33c059f9dc661', 'parentSSID': None}, {'radio': '2.4 GHz', 'apSSID': 'test', 'backhaulConnection': 'Wired', 'apPrimMacAddress': '04:bf:6d:5e:26:87', 'lockToHNGroup': False, 'apName': 'AP-SON-A-BRIDGE', 'parentRadio': None, 'ssidType': 'NORMAL', 'apHNRole': '', 'apMacAddress': '04:bf:6d:5e:26:84', 'parentMacAddress': '', 'apId': '58f8bbe443c33c059f9dc661', 'parentSSID': None}]"
2019-03-06 21:45:01,,True,3c57e65b-1f27-4dfd-96fc-407c64fdc07b,e79bc95a-27da-4b20-b9a2-c7768bdeb848,MJ,0,[]
2019-03-06 21:45:01,,True,d3fa6246-33eb-4653-be98-3ae01b4d7ced,cc4bdb92-01ed-4acd-972a-f0faedc4344d,612,0,"[{'lockToHNGroup': False, 'apSSID': 'SON VOWIFI', 'parentSSID': None, 'apId': '588a3fc043c33c0580231c7f', 'radio': '5 GHz', 'parentMacAddress': '', 'apMacAddress': '04:bf:6d:5e:12:95', 'apPrimMacAddress': '04:bf:6d:5e:12:97', 'apHNRole': '', 'apName': 'AP-SON-A', 'ssidType': 'NORMAL', 'parentRadio': None, 'backhaulConnection': 'Wired'}]"
2019-03-06 21:45:01,Residence Phase 4,True,3d974bd2-d415-4f1a-88c1-8c9d88969d9c,1c8a4cf1-f730-4d39-86af-a4454c659e2f,Groupe ETS,0,[]
2019-03-06 21:45:01,,True,624b3fb6-e41f-483f-b763-e8e117c6f64a,cc7ae08e-dd05-4c89-8d74-d4bca0f7fd60,Francis R,0,"[{'lockToHNGroup': True, 'apSSID': 'SON', 'parentSSID': None, 'apId': '58878af043c33c0580231c61', 'radio': '2.4 GHz', 'parentMacAddress': '', 'apMacAddress': '04:bf:6d:5e:12:9c', 'apPrimMacAddress': '04:bf:6d:5e:12:9f', 'apHNRole': '', 'apName': 'AP SON Francis', 'ssidType': 'NORMAL', 'parentRadio': None, 'backhaulConnection': 'Wired'}, {'lockToHNGroup': True, 'apSSID': 'SON', 'parentSSID': None, 'apId': '58878af043c33c0580231c61', 'radio': '5 GHz', 'parentMacAddress': '', 'apMacAddress': '04:bf:6d:5e:12:9d', 'apPrimMacAddress': '04:bf:6d:5e:12:9f', 'apHNRole': '', 'apName': 'AP SON Francis', 'ssidType': 'NORMAL', 'parentRadio': None, 'backhaulConnection': 'Wired'}]"
2019-03-06 21:45:01,,True,6cb57c27-e491-4465-92b3-9d1deb4d951a,c40991a0-d887-401b-8174-bf3b2ab1ec11,Group Zyxel SON,0,"[{'lockToHNGroup': False, 'apSSID': 'test', 'parentSSID': None, 'apId': '58f8bbe443c33c059f9dc661', 'radio': '5 GHz', 'parentMacAddress': '', 'apMacAddress': '04:bf:6d:5e:26:85', 'apPrimMacAddress': '04:bf:6d:5e:26:87', 'apHNRole': '', 'apName': 'AP-SON-A-BRIDGE', 'ssidType': 'NORMAL', 'parentRadio': None, 'backhaulConnection': 'Wired'}, {'lockToHNGroup': False, 'apSSID': 'test', 'parentSSID': None, 'apId': '58f8bbe443c33c059f9dc661', 'radio': '2.4 GHz', 'parentMacAddress': '', 'apMacAddress': '04:bf:6d:5e:26:84', 'apPrimMacAddress': '04:bf:6d:5e:26:87', 'apHNRole': '', 'apName': 'AP-SON-A-BRIDGE', 'ssidType': 'NORMAL', 'parentRadio': None, 'backhaulConnection': 'Wired'}]"
2019-03-06 22:45:01,,True,3c57e65b-1f27-4dfd-96fc-407c64fdc07b,e79bc95a-27da-4b20-b9a2-c7768bdeb848,MJ,0,[]
2019-03-06 22:45:01,,True,d3fa6246-33eb-4653-be98-3ae01b4d7ced,cc4bdb92-01ed-4acd-972a-f0faedc4344d,612,0,"[{'lockToHNGroup': False, 'ssidType': 'NORMAL', 'apName': 'AP-SON-A', 'radio': '5 GHz', 'parentSSID': None, 'backhaulConnection': 'Wired', 'parentRadio': None, 'apPrimMacAddress': '04:bf:6d:5e:12:97', 'apHNRole': '', 'apMacAddress': '04:bf:6d:5e:12:95', 'apId': '588a3fc043c33c0580231c7f', 'parentMacAddress': '', 'apSSID': 'SON VOWIFI'}]"
2019-03-06 22:45:01,Residence Phase 4,True,3d974bd2-d415-4f1a-88c1-8c9d88969d9c,1c8a4cf1-f730-4d39-86af-a4454c659e2f,Groupe ETS,0,[]
2019-03-06 22:45:01,,True,624b3fb6-e41f-483f-b763-e8e117c6f64a,cc7ae08e-dd05-4c89-8d74-d4bca0f7fd60,Francis R,0,"[{'lockToHNGroup': True, 'ssidType': 'NORMAL', 'apName': 'AP SON Francis', 'radio': '2.4 GHz', 'parentSSID': None, 'backhaulConnection': 'Wired', 'parentRadio': None, 'apPrimMacAddress': '04:bf:6d:5e:12:9f', 'apHNRole': '', 'apMacAddress': '04:bf:6d:5e:12:9c', 'apId': '58878af043c33c0580231c61', 'parentMacAddress': '', 'apSSID': 'SON'}, {'lockToHNGroup': True, 'ssidType': 'NORMAL', 'apName': 'AP SON Francis', 'radio': '5 GHz', 'parentSSID': None, 'backhaulConnection': 'Wired', 'parentRadio': None, 'apPrimMacAddress': '04:bf:6d:5e:12:9f', 'apHNRole': '', 'apMacAddress': '04:bf:6d:5e:12:9d', 'apId': '58878af043c33c0580231c61', 'parentMacAddress': '', 'apSSID': 'SON'}]"
2019-03-06 22:45:01,,True,6cb57c27-e491-4465-92b3-9d1deb4d951a,c40991a0-d887-401b-8174-bf3b2ab1ec11,Group Zyxel SON,0,"[{'lockToHNGroup': False, 'ssidType': 'NORMAL', 'apName': 'AP-SON-A-BRIDGE', 'radio': '5 GHz', 'parentSSID': None, 'backhaulConnection': 'Wired', 'parentRadio': None, 'apPrimMacAddress': '04:bf:6d:5e:26:87', 'apHNRole': '', 'apMacAddress': '04:bf:6d:5e:26:85', 'apId': '58f8bbe443c33c059f9dc661', 'parentMacAddress': '', 'apSSID': 'test'}, {'lockToHNGroup': False, 'ssidType': 'NORMAL', 'apName': 'AP-SON-A-BRIDGE', 'radio': '2.4 GHz', 'parentSSID': None, 'backhaulConnection': 'Wired', 'parentRadio': None, 'apPrimMacAddress': '04:bf:6d:5e:26:87', 'apHNRole': '', 'apMacAddress': '04:bf:6d:5e:26:84', 'apId': '58f8bbe443c33c059f9dc661', 'parentMacAddress': '', 'apSSID': 'test'}]"
2019-03-06 23:45:02,,True,3c57e65b-1f27-4dfd-96fc-407c64fdc07b,e79bc95a-27da-4b20-b9a2-c7768bdeb848,MJ,0,[]
2019-03-06 23:45:02,,True,d3fa6246-33eb-4653-be98-3ae01b4d7ced,cc4bdb92-01ed-4acd-972a-f0faedc4344d,612,0,"[{'parentSSID': None, 'apId': '588a3fc043c33c0580231c7f', 'apPrimMacAddress': '04:bf:6d:5e:12:97', 'parentMacAddress': '', 'backhaulConnection': 'Wired', 'apMacAddress': '04:bf:6d:5e:12:95', 'lockToHNGroup': False, 'apSSID': 'SON VOWIFI', 'parentRadio': None, 'ssidType': 'NORMAL', 'radio': '5 GHz', 'apName': 'AP-SON-A', 'apHNRole': ''}]"
2019-03-06 23:45:02,Residence Phase 4,True,3d974bd2-d415-4f1a-88c1-8c9d88969d9c,1c8a4cf1-f730-4d39-86af-a4454c659e2f,Groupe ETS,0,[]
2019-03-06 23:45:02,,True,624b3fb6-e41f-483f-b763-e8e117c6f64a,cc7ae08e-dd05-4c89-8d74-d4bca0f7fd60,Francis R,0,"[{'parentSSID': None, 'apId': '58878af043c33c0580231c61', 'apPrimMacAddress': '04:bf:6d:5e:12:9f', 'parentMacAddress': '', 'backhaulConnection': 'Wired', 'apMacAddress': '04:bf:6d:5e:12:9c', 'lockToHNGroup': True, 'apSSID': 'SON', 'parentRadio': None, 'ssidType': 'NORMAL', 'radio': '2.4 GHz', 'apName': 'AP SON Francis', 'apHNRole': ''}, {'parentSSID': None, 'apId': '58878af043c33c0580231c61', 'apPrimMacAddress': '04:bf:6d:5e:12:9f', 'parentMacAddress': '', 'backhaulConnection': 'Wired', 'apMacAddress': '04:bf:6d:5e:12:9d', 'lockToHNGroup': True, 'apSSID': 'SON', 'parentRadio': None, 'ssidType': 'NORMAL', 'radio': '5 GHz', 'apName': 'AP SON Francis', 'apHNRole': ''}]"
2019-03-06 23:45:02,,True,6cb57c27-e491-4465-92b3-9d1deb4d951a,c40991a0-d887-401b-8174-bf3b2ab1ec11,Group Zyxel SON,0,"[{'parentSSID': None, 'apId': '58f8bbe443c33c059f9dc661', 'apPrimMacAddress': '04:bf:6d:5e:26:87', 'parentMacAddress': '', 'backhaulConnection': 'Wired', 'apMacAddress': '04:bf:6d:5e:26:85', 'lockToHNGroup': False, 'apSSID': 'test', 'parentRadio': None, 'ssidType': 'NORMAL', 'radio': '5 GHz', 'apName': 'AP-SON-A-BRIDGE', 'apHNRole': ''}, {'parentSSID': None, 'apId': '58f8bbe443c33c059f9dc661', 'apPrimMacAddress': '04:bf:6d:5e:26:87', 'parentMacAddress': '', 'backhaulConnection': 'Wired', 'apMacAddress': '04:bf:6d:5e:26:84', 'lockToHNGroup': False, 'apSSID': 'test', 'parentRadio': None, 'ssidType': 'NORMAL', 'radio': '2.4 GHz', 'apName': 'AP-SON-A-BRIDGE', 'apHNRole': ''}]"
