dateTime,countryCode,enabled,id,name,ssidList2pt4GHz,ssidList5GHz
2019-03-07 00:45:02,CA,True,a21b3fed-aef4-4725-a6a3-8261d08fb884,Profile Generique Global,[''],['']
2019-03-07 00:45:02,CA,True,1487f815-4346-47b5-887e-23e858ea854b,Profile Global par defaut,[''],['']
2019-03-07 00:45:02,CA,True,f1b9598c-0a45-4030-b008-133696d7c2b2,Profile Generique Global 2,[''],['']
2019-03-07 01:45:02,CA,True,a21b3fed-aef4-4725-a6a3-8261d08fb884,Profile Generique Global,[''],['']
2019-03-07 01:45:02,CA,True,1487f815-4346-47b5-887e-23e858ea854b,Profile Global par defaut,[''],['']
2019-03-07 01:45:02,CA,True,f1b9598c-0a45-4030-b008-133696d7c2b2,Profile Generique Global 2,[''],['']
2019-03-07 02:45:02,CA,True,a21b3fed-aef4-4725-a6a3-8261d08fb884,Profile Generique Global,[''],['']
2019-03-07 02:45:02,CA,True,1487f815-4346-47b5-887e-23e858ea854b,Profile Global par defaut,[''],['']
2019-03-07 02:45:02,CA,True,f1b9598c-0a45-4030-b008-133696d7c2b2,Profile Generique Global 2,[''],['']
2019-03-07 03:45:01,CA,True,a21b3fed-aef4-4725-a6a3-8261d08fb884,Profile Generique Global,[''],['']
2019-03-07 03:45:01,CA,True,1487f815-4346-47b5-887e-23e858ea854b,Profile Global par defaut,[''],['']
2019-03-07 03:45:01,CA,True,f1b9598c-0a45-4030-b008-133696d7c2b2,Profile Generique Global 2,[''],['']
2019-03-07 04:45:02,CA,True,a21b3fed-aef4-4725-a6a3-8261d08fb884,Profile Generique Global,[''],['']
2019-03-07 04:45:02,CA,True,1487f815-4346-47b5-887e-23e858ea854b,Profile Global par defaut,[''],['']
2019-03-07 04:45:02,CA,True,f1b9598c-0a45-4030-b008-133696d7c2b2,Profile Generique Global 2,[''],['']
2019-03-07 05:45:01,CA,True,a21b3fed-aef4-4725-a6a3-8261d08fb884,Profile Generique Global,[''],['']
2019-03-07 05:45:01,CA,True,1487f815-4346-47b5-887e-23e858ea854b,Profile Global par defaut,[''],['']
2019-03-07 05:45:01,CA,True,f1b9598c-0a45-4030-b008-133696d7c2b2,Profile Generique Global 2,[''],['']
2019-03-07 06:45:02,CA,True,a21b3fed-aef4-4725-a6a3-8261d08fb884,Profile Generique Global,[''],['']
2019-03-07 06:45:02,CA,True,1487f815-4346-47b5-887e-23e858ea854b,Profile Global par defaut,[''],['']
2019-03-07 06:45:02,CA,True,f1b9598c-0a45-4030-b008-133696d7c2b2,Profile Generique Global 2,[''],['']
2019-03-07 07:45:01,CA,True,a21b3fed-aef4-4725-a6a3-8261d08fb884,Profile Generique Global,[''],['']
2019-03-07 07:45:01,CA,True,1487f815-4346-47b5-887e-23e858ea854b,Profile Global par defaut,[''],['']
2019-03-07 07:45:01,CA,True,f1b9598c-0a45-4030-b008-133696d7c2b2,Profile Generique Global 2,[''],['']
2019-03-07 08:45:02,CA,True,a21b3fed-aef4-4725-a6a3-8261d08fb884,Profile Generique Global,[''],['']
2019-03-07 08:45:02,CA,True,1487f815-4346-47b5-887e-23e858ea854b,Profile Global par defaut,[''],['']
2019-03-07 08:45:02,CA,True,f1b9598c-0a45-4030-b008-133696d7c2b2,Profile Generique Global 2,[''],['']
2019-03-07 09:45:02,CA,True,a21b3fed-aef4-4725-a6a3-8261d08fb884,Profile Generique Global,[''],['']
2019-03-07 09:45:02,CA,True,1487f815-4346-47b5-887e-23e858ea854b,Profile Global par defaut,[''],['']
2019-03-07 09:45:02,CA,True,f1b9598c-0a45-4030-b008-133696d7c2b2,Profile Generique Global 2,[''],['']
2019-03-07 10:45:01,CA,True,a21b3fed-aef4-4725-a6a3-8261d08fb884,Profile Generique Global,[''],['']
2019-03-07 10:45:01,CA,True,1487f815-4346-47b5-887e-23e858ea854b,Profile Global par defaut,[''],['']
2019-03-07 10:45:01,CA,True,f1b9598c-0a45-4030-b008-133696d7c2b2,Profile Generique Global 2,[''],['']
2019-03-07 11:45:01,CA,True,a21b3fed-aef4-4725-a6a3-8261d08fb884,Profile Generique Global,[''],['']
2019-03-07 11:45:01,CA,True,1487f815-4346-47b5-887e-23e858ea854b,Profile Global par defaut,[''],['']
2019-03-07 11:45:01,CA,True,f1b9598c-0a45-4030-b008-133696d7c2b2,Profile Generique Global 2,[''],['']
2019-03-07 12:45:02,CA,True,a21b3fed-aef4-4725-a6a3-8261d08fb884,Profile Generique Global,[''],['']
2019-03-07 12:45:02,CA,True,1487f815-4346-47b5-887e-23e858ea854b,Profile Global par defaut,[''],['']
2019-03-07 12:45:02,CA,True,f1b9598c-0a45-4030-b008-133696d7c2b2,Profile Generique Global 2,[''],['']
2019-03-07 13:45:01,CA,True,a21b3fed-aef4-4725-a6a3-8261d08fb884,Profile Generique Global,[''],['']
2019-03-07 13:45:01,CA,True,1487f815-4346-47b5-887e-23e858ea854b,Profile Global par defaut,[''],['']
2019-03-07 13:45:01,CA,True,f1b9598c-0a45-4030-b008-133696d7c2b2,Profile Generique Global 2,[''],['']
2019-03-07 14:45:02,CA,True,a21b3fed-aef4-4725-a6a3-8261d08fb884,Profile Generique Global,[''],['']
2019-03-07 14:45:02,CA,True,1487f815-4346-47b5-887e-23e858ea854b,Profile Global par defaut,[''],['']
2019-03-07 14:45:02,CA,True,f1b9598c-0a45-4030-b008-133696d7c2b2,Profile Generique Global 2,[''],['']
2019-03-07 15:45:01,CA,True,a21b3fed-aef4-4725-a6a3-8261d08fb884,Profile Generique Global,[''],['']
2019-03-07 15:45:01,CA,True,1487f815-4346-47b5-887e-23e858ea854b,Profile Global par defaut,[''],['']
2019-03-07 15:45:01,CA,True,f1b9598c-0a45-4030-b008-133696d7c2b2,Profile Generique Global 2,[''],['']
2019-03-07 16:45:01,CA,True,a21b3fed-aef4-4725-a6a3-8261d08fb884,Profile Generique Global,[''],['']
2019-03-07 16:45:01,CA,True,1487f815-4346-47b5-887e-23e858ea854b,Profile Global par defaut,[''],['']
2019-03-07 16:45:01,CA,True,f1b9598c-0a45-4030-b008-133696d7c2b2,Profile Generique Global 2,[''],['']
2019-03-07 17:45:02,CA,True,a21b3fed-aef4-4725-a6a3-8261d08fb884,Profile Generique Global,[''],['']
2019-03-07 17:45:02,CA,True,1487f815-4346-47b5-887e-23e858ea854b,Profile Global par defaut,[''],['']
2019-03-07 17:45:02,CA,True,f1b9598c-0a45-4030-b008-133696d7c2b2,Profile Generique Global 2,[''],['']
2019-03-07 18:45:02,CA,True,a21b3fed-aef4-4725-a6a3-8261d08fb884,Profile Generique Global,[''],['']
2019-03-07 18:45:02,CA,True,1487f815-4346-47b5-887e-23e858ea854b,Profile Global par defaut,[''],['']
2019-03-07 18:45:02,CA,True,f1b9598c-0a45-4030-b008-133696d7c2b2,Profile Generique Global 2,[''],['']
2019-03-07 19:45:02,CA,True,a21b3fed-aef4-4725-a6a3-8261d08fb884,Profile Generique Global,[''],['']
2019-03-07 19:45:02,CA,True,1487f815-4346-47b5-887e-23e858ea854b,Profile Global par defaut,[''],['']
2019-03-07 19:45:02,CA,True,f1b9598c-0a45-4030-b008-133696d7c2b2,Profile Generique Global 2,[''],['']
2019-03-07 20:45:02,CA,True,a21b3fed-aef4-4725-a6a3-8261d08fb884,Profile Generique Global,[''],['']
2019-03-07 20:45:02,CA,True,1487f815-4346-47b5-887e-23e858ea854b,Profile Global par defaut,[''],['']
2019-03-07 20:45:02,CA,True,f1b9598c-0a45-4030-b008-133696d7c2b2,Profile Generique Global 2,[''],['']
2019-03-07 21:45:02,CA,True,a21b3fed-aef4-4725-a6a3-8261d08fb884,Profile Generique Global,[''],['']
2019-03-07 21:45:02,CA,True,1487f815-4346-47b5-887e-23e858ea854b,Profile Global par defaut,[''],['']
2019-03-07 21:45:02,CA,True,f1b9598c-0a45-4030-b008-133696d7c2b2,Profile Generique Global 2,[''],['']
2019-03-07 22:45:02,CA,True,a21b3fed-aef4-4725-a6a3-8261d08fb884,Profile Generique Global,[''],['']
2019-03-07 22:45:02,CA,True,1487f815-4346-47b5-887e-23e858ea854b,Profile Global par defaut,[''],['']
2019-03-07 22:45:02,CA,True,f1b9598c-0a45-4030-b008-133696d7c2b2,Profile Generique Global 2,[''],['']
2019-03-07 23:45:01,CA,True,a21b3fed-aef4-4725-a6a3-8261d08fb884,Profile Generique Global,[''],['']
2019-03-07 23:45:01,CA,True,1487f815-4346-47b5-887e-23e858ea854b,Profile Global par defaut,[''],['']
2019-03-07 23:45:01,CA,True,f1b9598c-0a45-4030-b008-133696d7c2b2,Profile Generique Global 2,[''],['']
