dateTime,groupCharacteristics,id,name,priority,profileId
2019-03-07 00:45:02,"{'macAddressList': ['04:bf:6d:5e:12:ab'], 'manufacturer': 'ZyXEL_EMG2926', 'boundingBox': {'topLeftLatitude': 46.04188830503832, 'bottomRightLongitude': -72.6538086310029, 'topLeftLongitude': -74.4720459356904, 'topFloor': 0, 'bottomRightLatitude': 45.235357901643305, 'bottomFloor': 0}, 'manufacturerEnabled': True, 'deplTypeEnabled': False, 'deploymentType': 'Indoor', 'addrEnabled': False, 'boundingBoxEnabled': False}",0c7a5d15-6ebf-480e-b6ef-7fe71e9d52db,Global Zyxel Network,1,a21b3fed-aef4-4725-a6a3-8261d08fb884
2019-03-07 00:45:02,"{'manufacturerEnabled': True, 'manufacturer': 'ZyXEL_EMG2926', 'boundingBox': {}}",002c2c68-c0e9-4ce0-9545-24063cbeb6df,Global Zyxel Network 2,2,f1b9598c-0a45-4030-b008-133696d7c2b2
2019-03-07 01:45:02,"{'addrEnabled': False, 'boundingBoxEnabled': False, 'manufacturer': 'ZyXEL_EMG2926', 'deplTypeEnabled': False, 'macAddressList': ['04:bf:6d:5e:12:ab'], 'boundingBox': {'topFloor': 0, 'bottomRightLatitude': 45.235357901643305, 'bottomFloor': 0, 'topLeftLatitude': 46.04188830503832, 'topLeftLongitude': -74.4720459356904, 'bottomRightLongitude': -72.6538086310029}, 'deploymentType': 'Indoor', 'manufacturerEnabled': True}",0c7a5d15-6ebf-480e-b6ef-7fe71e9d52db,Global Zyxel Network,1,a21b3fed-aef4-4725-a6a3-8261d08fb884
2019-03-07 01:45:02,"{'manufacturer': 'ZyXEL_EMG2926', 'boundingBox': {}, 'manufacturerEnabled': True}",002c2c68-c0e9-4ce0-9545-24063cbeb6df,Global Zyxel Network 2,2,f1b9598c-0a45-4030-b008-133696d7c2b2
2019-03-07 02:45:02,"{'deploymentType': 'Indoor', 'deplTypeEnabled': False, 'macAddressList': ['04:bf:6d:5e:12:ab'], 'boundingBoxEnabled': False, 'manufacturer': 'ZyXEL_EMG2926', 'addrEnabled': False, 'boundingBox': {'bottomFloor': 0, 'bottomRightLongitude': -72.6538086310029, 'topLeftLongitude': -74.4720459356904, 'topFloor': 0, 'bottomRightLatitude': 45.235357901643305, 'topLeftLatitude': 46.04188830503832}, 'manufacturerEnabled': True}",0c7a5d15-6ebf-480e-b6ef-7fe71e9d52db,Global Zyxel Network,1,a21b3fed-aef4-4725-a6a3-8261d08fb884
2019-03-07 02:45:02,"{'manufacturer': 'ZyXEL_EMG2926', 'boundingBox': {}, 'manufacturerEnabled': True}",002c2c68-c0e9-4ce0-9545-24063cbeb6df,Global Zyxel Network 2,2,f1b9598c-0a45-4030-b008-133696d7c2b2
2019-03-07 03:45:01,"{'boundingBoxEnabled': False, 'manufacturerEnabled': True, 'macAddressList': ['04:bf:6d:5e:12:ab'], 'manufacturer': 'ZyXEL_EMG2926', 'deploymentType': 'Indoor', 'boundingBox': {'topFloor': 0, 'bottomRightLatitude': 45.235357901643305, 'bottomFloor': 0, 'topLeftLongitude': -74.4720459356904, 'topLeftLatitude': 46.04188830503832, 'bottomRightLongitude': -72.6538086310029}, 'addrEnabled': False, 'deplTypeEnabled': False}",0c7a5d15-6ebf-480e-b6ef-7fe71e9d52db,Global Zyxel Network,1,a21b3fed-aef4-4725-a6a3-8261d08fb884
2019-03-07 03:45:01,"{'manufacturer': 'ZyXEL_EMG2926', 'boundingBox': {}, 'manufacturerEnabled': True}",002c2c68-c0e9-4ce0-9545-24063cbeb6df,Global Zyxel Network 2,2,f1b9598c-0a45-4030-b008-133696d7c2b2
2019-03-07 04:45:02,"{'boundingBoxEnabled': False, 'addrEnabled': False, 'deplTypeEnabled': False, 'manufacturerEnabled': True, 'deploymentType': 'Indoor', 'macAddressList': ['04:bf:6d:5e:12:ab'], 'boundingBox': {'topLeftLatitude': 46.04188830503832, 'topFloor': 0, 'topLeftLongitude': -74.4720459356904, 'bottomRightLongitude': -72.6538086310029, 'bottomFloor': 0, 'bottomRightLatitude': 45.235357901643305}, 'manufacturer': 'ZyXEL_EMG2926'}",0c7a5d15-6ebf-480e-b6ef-7fe71e9d52db,Global Zyxel Network,1,a21b3fed-aef4-4725-a6a3-8261d08fb884
2019-03-07 04:45:02,"{'manufacturerEnabled': True, 'boundingBox': {}, 'manufacturer': 'ZyXEL_EMG2926'}",002c2c68-c0e9-4ce0-9545-24063cbeb6df,Global Zyxel Network 2,2,f1b9598c-0a45-4030-b008-133696d7c2b2
2019-03-07 05:45:01,"{'boundingBox': {'topLeftLatitude': 46.04188830503832, 'bottomFloor': 0, 'bottomRightLongitude': -72.6538086310029, 'topFloor': 0, 'bottomRightLatitude': 45.235357901643305, 'topLeftLongitude': -74.4720459356904}, 'boundingBoxEnabled': False, 'macAddressList': ['04:bf:6d:5e:12:ab'], 'manufacturer': 'ZyXEL_EMG2926', 'manufacturerEnabled': True, 'deploymentType': 'Indoor', 'deplTypeEnabled': False, 'addrEnabled': False}",0c7a5d15-6ebf-480e-b6ef-7fe71e9d52db,Global Zyxel Network,1,a21b3fed-aef4-4725-a6a3-8261d08fb884
2019-03-07 05:45:01,"{'boundingBox': {}, 'manufacturerEnabled': True, 'manufacturer': 'ZyXEL_EMG2926'}",002c2c68-c0e9-4ce0-9545-24063cbeb6df,Global Zyxel Network 2,2,f1b9598c-0a45-4030-b008-133696d7c2b2
2019-03-07 06:45:02,"{'addrEnabled': False, 'boundingBox': {'bottomFloor': 0, 'bottomRightLatitude': 45.235357901643305, 'bottomRightLongitude': -72.6538086310029, 'topLeftLongitude': -74.4720459356904, 'topFloor': 0, 'topLeftLatitude': 46.04188830503832}, 'macAddressList': ['04:bf:6d:5e:12:ab'], 'boundingBoxEnabled': False, 'deploymentType': 'Indoor', 'deplTypeEnabled': False, 'manufacturerEnabled': True, 'manufacturer': 'ZyXEL_EMG2926'}",0c7a5d15-6ebf-480e-b6ef-7fe71e9d52db,Global Zyxel Network,1,a21b3fed-aef4-4725-a6a3-8261d08fb884
2019-03-07 06:45:02,"{'manufacturerEnabled': True, 'boundingBox': {}, 'manufacturer': 'ZyXEL_EMG2926'}",002c2c68-c0e9-4ce0-9545-24063cbeb6df,Global Zyxel Network 2,2,f1b9598c-0a45-4030-b008-133696d7c2b2
2019-03-07 07:45:01,"{'boundingBox': {'topFloor': 0, 'bottomFloor': 0, 'topLeftLongitude': -74.4720459356904, 'bottomRightLatitude': 45.235357901643305, 'topLeftLatitude': 46.04188830503832, 'bottomRightLongitude': -72.6538086310029}, 'macAddressList': ['04:bf:6d:5e:12:ab'], 'manufacturerEnabled': True, 'deploymentType': 'Indoor', 'boundingBoxEnabled': False, 'manufacturer': 'ZyXEL_EMG2926', 'addrEnabled': False, 'deplTypeEnabled': False}",0c7a5d15-6ebf-480e-b6ef-7fe71e9d52db,Global Zyxel Network,1,a21b3fed-aef4-4725-a6a3-8261d08fb884
2019-03-07 07:45:01,"{'manufacturer': 'ZyXEL_EMG2926', 'boundingBox': {}, 'manufacturerEnabled': True}",002c2c68-c0e9-4ce0-9545-24063cbeb6df,Global Zyxel Network 2,2,f1b9598c-0a45-4030-b008-133696d7c2b2
2019-03-07 08:45:02,"{'addrEnabled': False, 'manufacturerEnabled': True, 'boundingBoxEnabled': False, 'macAddressList': ['04:bf:6d:5e:12:ab'], 'deploymentType': 'Indoor', 'deplTypeEnabled': False, 'manufacturer': 'ZyXEL_EMG2926', 'boundingBox': {'bottomRightLongitude': -72.6538086310029, 'topLeftLatitude': 46.04188830503832, 'topFloor': 0, 'bottomFloor': 0, 'bottomRightLatitude': 45.235357901643305, 'topLeftLongitude': -74.4720459356904}}",0c7a5d15-6ebf-480e-b6ef-7fe71e9d52db,Global Zyxel Network,1,a21b3fed-aef4-4725-a6a3-8261d08fb884
2019-03-07 08:45:02,"{'manufacturerEnabled': True, 'boundingBox': {}, 'manufacturer': 'ZyXEL_EMG2926'}",002c2c68-c0e9-4ce0-9545-24063cbeb6df,Global Zyxel Network 2,2,f1b9598c-0a45-4030-b008-133696d7c2b2
2019-03-07 09:45:02,"{'manufacturerEnabled': True, 'boundingBoxEnabled': False, 'addrEnabled': False, 'deplTypeEnabled': False, 'manufacturer': 'ZyXEL_EMG2926', 'deploymentType': 'Indoor', 'boundingBox': {'bottomRightLatitude': 45.235357901643305, 'topFloor': 0, 'topLeftLatitude': 46.04188830503832, 'bottomRightLongitude': -72.6538086310029, 'topLeftLongitude': -74.4720459356904, 'bottomFloor': 0}, 'macAddressList': ['04:bf:6d:5e:12:ab']}",0c7a5d15-6ebf-480e-b6ef-7fe71e9d52db,Global Zyxel Network,1,a21b3fed-aef4-4725-a6a3-8261d08fb884
2019-03-07 09:45:02,"{'manufacturer': 'ZyXEL_EMG2926', 'manufacturerEnabled': True, 'boundingBox': {}}",002c2c68-c0e9-4ce0-9545-24063cbeb6df,Global Zyxel Network 2,2,f1b9598c-0a45-4030-b008-133696d7c2b2
2019-03-07 10:45:01,"{'manufacturerEnabled': True, 'deploymentType': 'Indoor', 'boundingBoxEnabled': False, 'macAddressList': ['04:bf:6d:5e:12:ab'], 'manufacturer': 'ZyXEL_EMG2926', 'addrEnabled': False, 'deplTypeEnabled': False, 'boundingBox': {'topFloor': 0, 'bottomRightLongitude': -72.6538086310029, 'bottomFloor': 0, 'topLeftLatitude': 46.04188830503832, 'bottomRightLatitude': 45.235357901643305, 'topLeftLongitude': -74.4720459356904}}",0c7a5d15-6ebf-480e-b6ef-7fe71e9d52db,Global Zyxel Network,1,a21b3fed-aef4-4725-a6a3-8261d08fb884
2019-03-07 10:45:01,"{'manufacturerEnabled': True, 'boundingBox': {}, 'manufacturer': 'ZyXEL_EMG2926'}",002c2c68-c0e9-4ce0-9545-24063cbeb6df,Global Zyxel Network 2,2,f1b9598c-0a45-4030-b008-133696d7c2b2
2019-03-07 11:45:01,"{'manufacturer': 'ZyXEL_EMG2926', 'boundingBoxEnabled': False, 'addrEnabled': False, 'deplTypeEnabled': False, 'macAddressList': ['04:bf:6d:5e:12:ab'], 'boundingBox': {'topLeftLatitude': 46.04188830503832, 'bottomRightLatitude': 45.235357901643305, 'topFloor': 0, 'bottomRightLongitude': -72.6538086310029, 'bottomFloor': 0, 'topLeftLongitude': -74.4720459356904}, 'manufacturerEnabled': True, 'deploymentType': 'Indoor'}",0c7a5d15-6ebf-480e-b6ef-7fe71e9d52db,Global Zyxel Network,1,a21b3fed-aef4-4725-a6a3-8261d08fb884
2019-03-07 11:45:01,"{'boundingBox': {}, 'manufacturer': 'ZyXEL_EMG2926', 'manufacturerEnabled': True}",002c2c68-c0e9-4ce0-9545-24063cbeb6df,Global Zyxel Network 2,2,f1b9598c-0a45-4030-b008-133696d7c2b2
2019-03-07 12:45:02,"{'deploymentType': 'Indoor', 'boundingBox': {'topLeftLongitude': -74.4720459356904, 'bottomRightLatitude': 45.235357901643305, 'topFloor': 0, 'bottomFloor': 0, 'topLeftLatitude': 46.04188830503832, 'bottomRightLongitude': -72.6538086310029}, 'boundingBoxEnabled': False, 'addrEnabled': False, 'manufacturer': 'ZyXEL_EMG2926', 'deplTypeEnabled': False, 'macAddressList': ['04:bf:6d:5e:12:ab'], 'manufacturerEnabled': True}",0c7a5d15-6ebf-480e-b6ef-7fe71e9d52db,Global Zyxel Network,1,a21b3fed-aef4-4725-a6a3-8261d08fb884
2019-03-07 12:45:02,"{'manufacturer': 'ZyXEL_EMG2926', 'manufacturerEnabled': True, 'boundingBox': {}}",002c2c68-c0e9-4ce0-9545-24063cbeb6df,Global Zyxel Network 2,2,f1b9598c-0a45-4030-b008-133696d7c2b2
2019-03-07 13:45:01,"{'boundingBoxEnabled': False, 'macAddressList': ['04:bf:6d:5e:12:ab'], 'manufacturer': 'ZyXEL_EMG2926', 'manufacturerEnabled': True, 'deplTypeEnabled': False, 'boundingBox': {'topLeftLatitude': 46.04188830503832, 'topLeftLongitude': -74.4720459356904, 'bottomRightLongitude': -72.6538086310029, 'bottomRightLatitude': 45.235357901643305, 'bottomFloor': 0, 'topFloor': 0}, 'addrEnabled': False, 'deploymentType': 'Indoor'}",0c7a5d15-6ebf-480e-b6ef-7fe71e9d52db,Global Zyxel Network,1,a21b3fed-aef4-4725-a6a3-8261d08fb884
2019-03-07 13:45:01,"{'manufacturerEnabled': True, 'manufacturer': 'ZyXEL_EMG2926', 'boundingBox': {}}",002c2c68-c0e9-4ce0-9545-24063cbeb6df,Global Zyxel Network 2,2,f1b9598c-0a45-4030-b008-133696d7c2b2
2019-03-07 14:45:02,"{'deploymentType': 'Indoor', 'manufacturerEnabled': True, 'macAddressList': ['04:bf:6d:5e:12:ab'], 'boundingBoxEnabled': False, 'deplTypeEnabled': False, 'addrEnabled': False, 'boundingBox': {'topLeftLongitude': -74.4720459356904, 'bottomRightLatitude': 45.235357901643305, 'topLeftLatitude': 46.04188830503832, 'topFloor': 0, 'bottomFloor': 0, 'bottomRightLongitude': -72.6538086310029}, 'manufacturer': 'ZyXEL_EMG2926'}",0c7a5d15-6ebf-480e-b6ef-7fe71e9d52db,Global Zyxel Network,1,a21b3fed-aef4-4725-a6a3-8261d08fb884
2019-03-07 14:45:02,"{'manufacturerEnabled': True, 'boundingBox': {}, 'manufacturer': 'ZyXEL_EMG2926'}",002c2c68-c0e9-4ce0-9545-24063cbeb6df,Global Zyxel Network 2,2,f1b9598c-0a45-4030-b008-133696d7c2b2
2019-03-07 15:45:01,"{'manufacturerEnabled': True, 'macAddressList': ['04:bf:6d:5e:12:ab'], 'boundingBox': {'bottomRightLongitude': -72.6538086310029, 'bottomRightLatitude': 45.235357901643305, 'topLeftLatitude': 46.04188830503832, 'topLeftLongitude': -74.4720459356904, 'bottomFloor': 0, 'topFloor': 0}, 'manufacturer': 'ZyXEL_EMG2926', 'deploymentType': 'Indoor', 'deplTypeEnabled': False, 'addrEnabled': False, 'boundingBoxEnabled': False}",0c7a5d15-6ebf-480e-b6ef-7fe71e9d52db,Global Zyxel Network,1,a21b3fed-aef4-4725-a6a3-8261d08fb884
2019-03-07 15:45:01,"{'manufacturerEnabled': True, 'boundingBox': {}, 'manufacturer': 'ZyXEL_EMG2926'}",002c2c68-c0e9-4ce0-9545-24063cbeb6df,Global Zyxel Network 2,2,f1b9598c-0a45-4030-b008-133696d7c2b2
2019-03-07 16:45:01,"{'macAddressList': ['04:bf:6d:5e:12:ab'], 'manufacturer': 'ZyXEL_EMG2926', 'deplTypeEnabled': False, 'boundingBox': {'topLeftLatitude': 46.04188830503832, 'bottomFloor': 0, 'bottomRightLongitude': -72.6538086310029, 'topFloor': 0, 'bottomRightLatitude': 45.235357901643305, 'topLeftLongitude': -74.4720459356904}, 'boundingBoxEnabled': False, 'manufacturerEnabled': True, 'deploymentType': 'Indoor', 'addrEnabled': False}",0c7a5d15-6ebf-480e-b6ef-7fe71e9d52db,Global Zyxel Network,1,a21b3fed-aef4-4725-a6a3-8261d08fb884
2019-03-07 16:45:01,"{'manufacturer': 'ZyXEL_EMG2926', 'manufacturerEnabled': True, 'boundingBox': {}}",002c2c68-c0e9-4ce0-9545-24063cbeb6df,Global Zyxel Network 2,2,f1b9598c-0a45-4030-b008-133696d7c2b2
2019-03-07 17:45:02,"{'deploymentType': 'Indoor', 'boundingBoxEnabled': False, 'deplTypeEnabled': False, 'macAddressList': ['04:bf:6d:5e:12:ab'], 'manufacturer': 'ZyXEL_EMG2926', 'boundingBox': {'bottomRightLongitude': -72.6538086310029, 'bottomFloor': 0, 'topFloor': 0, 'topLeftLongitude': -74.4720459356904, 'topLeftLatitude': 46.04188830503832, 'bottomRightLatitude': 45.235357901643305}, 'manufacturerEnabled': True, 'addrEnabled': False}",0c7a5d15-6ebf-480e-b6ef-7fe71e9d52db,Global Zyxel Network,1,a21b3fed-aef4-4725-a6a3-8261d08fb884
2019-03-07 17:45:02,"{'manufacturer': 'ZyXEL_EMG2926', 'boundingBox': {}, 'manufacturerEnabled': True}",002c2c68-c0e9-4ce0-9545-24063cbeb6df,Global Zyxel Network 2,2,f1b9598c-0a45-4030-b008-133696d7c2b2
2019-03-07 18:45:02,"{'manufacturer': 'ZyXEL_EMG2926', 'addrEnabled': False, 'deplTypeEnabled': False, 'deploymentType': 'Indoor', 'macAddressList': ['04:bf:6d:5e:12:ab'], 'boundingBoxEnabled': False, 'boundingBox': {'topLeftLongitude': -74.4720459356904, 'bottomRightLongitude': -72.6538086310029, 'bottomRightLatitude': 45.235357901643305, 'topLeftLatitude': 46.04188830503832, 'bottomFloor': 0, 'topFloor': 0}, 'manufacturerEnabled': True}",0c7a5d15-6ebf-480e-b6ef-7fe71e9d52db,Global Zyxel Network,1,a21b3fed-aef4-4725-a6a3-8261d08fb884
2019-03-07 18:45:02,"{'manufacturer': 'ZyXEL_EMG2926', 'boundingBox': {}, 'manufacturerEnabled': True}",002c2c68-c0e9-4ce0-9545-24063cbeb6df,Global Zyxel Network 2,2,f1b9598c-0a45-4030-b008-133696d7c2b2
2019-03-07 19:45:02,"{'boundingBox': {'bottomFloor': 0, 'topLeftLongitude': -74.4720459356904, 'topLeftLatitude': 46.04188830503832, 'bottomRightLongitude': -72.6538086310029, 'bottomRightLatitude': 45.235357901643305, 'topFloor': 0}, 'boundingBoxEnabled': False, 'manufacturerEnabled': True, 'macAddressList': ['04:bf:6d:5e:12:ab'], 'deploymentType': 'Indoor', 'addrEnabled': False, 'deplTypeEnabled': False, 'manufacturer': 'ZyXEL_EMG2926'}",0c7a5d15-6ebf-480e-b6ef-7fe71e9d52db,Global Zyxel Network,1,a21b3fed-aef4-4725-a6a3-8261d08fb884
2019-03-07 19:45:02,"{'boundingBox': {}, 'manufacturer': 'ZyXEL_EMG2926', 'manufacturerEnabled': True}",002c2c68-c0e9-4ce0-9545-24063cbeb6df,Global Zyxel Network 2,2,f1b9598c-0a45-4030-b008-133696d7c2b2
2019-03-07 20:45:02,"{'manufacturerEnabled': True, 'addrEnabled': False, 'manufacturer': 'ZyXEL_EMG2926', 'deploymentType': 'Indoor', 'deplTypeEnabled': False, 'boundingBox': {'bottomRightLatitude': 45.235357901643305, 'bottomRightLongitude': -72.6538086310029, 'topLeftLatitude': 46.04188830503832, 'topFloor': 0, 'topLeftLongitude': -74.4720459356904, 'bottomFloor': 0}, 'macAddressList': ['04:bf:6d:5e:12:ab'], 'boundingBoxEnabled': False}",0c7a5d15-6ebf-480e-b6ef-7fe71e9d52db,Global Zyxel Network,1,a21b3fed-aef4-4725-a6a3-8261d08fb884
2019-03-07 20:45:02,"{'boundingBox': {}, 'manufacturerEnabled': True, 'manufacturer': 'ZyXEL_EMG2926'}",002c2c68-c0e9-4ce0-9545-24063cbeb6df,Global Zyxel Network 2,2,f1b9598c-0a45-4030-b008-133696d7c2b2
2019-03-07 21:45:02,"{'boundingBox': {'topLeftLatitude': 46.04188830503832, 'topLeftLongitude': -74.4720459356904, 'bottomRightLatitude': 45.235357901643305, 'topFloor': 0, 'bottomFloor': 0, 'bottomRightLongitude': -72.6538086310029}, 'macAddressList': ['04:bf:6d:5e:12:ab'], 'manufacturerEnabled': True, 'deplTypeEnabled': False, 'boundingBoxEnabled': False, 'deploymentType': 'Indoor', 'addrEnabled': False, 'manufacturer': 'ZyXEL_EMG2926'}",0c7a5d15-6ebf-480e-b6ef-7fe71e9d52db,Global Zyxel Network,1,a21b3fed-aef4-4725-a6a3-8261d08fb884
2019-03-07 21:45:02,"{'boundingBox': {}, 'manufacturerEnabled': True, 'manufacturer': 'ZyXEL_EMG2926'}",002c2c68-c0e9-4ce0-9545-24063cbeb6df,Global Zyxel Network 2,2,f1b9598c-0a45-4030-b008-133696d7c2b2
2019-03-07 22:45:02,"{'boundingBoxEnabled': False, 'deploymentType': 'Indoor', 'deplTypeEnabled': False, 'macAddressList': ['04:bf:6d:5e:12:ab'], 'boundingBox': {'topLeftLatitude': 46.04188830503832, 'bottomRightLatitude': 45.235357901643305, 'topLeftLongitude': -74.4720459356904, 'bottomRightLongitude': -72.6538086310029, 'bottomFloor': 0, 'topFloor': 0}, 'manufacturerEnabled': True, 'addrEnabled': False, 'manufacturer': 'ZyXEL_EMG2926'}",0c7a5d15-6ebf-480e-b6ef-7fe71e9d52db,Global Zyxel Network,1,a21b3fed-aef4-4725-a6a3-8261d08fb884
2019-03-07 22:45:02,"{'manufacturer': 'ZyXEL_EMG2926', 'manufacturerEnabled': True, 'boundingBox': {}}",002c2c68-c0e9-4ce0-9545-24063cbeb6df,Global Zyxel Network 2,2,f1b9598c-0a45-4030-b008-133696d7c2b2
2019-03-07 23:45:01,"{'boundingBox': {'topFloor': 0, 'topLeftLatitude': 46.04188830503832, 'bottomRightLatitude': 45.235357901643305, 'bottomFloor': 0, 'bottomRightLongitude': -72.6538086310029, 'topLeftLongitude': -74.4720459356904}, 'deplTypeEnabled': False, 'manufacturerEnabled': True, 'manufacturer': 'ZyXEL_EMG2926', 'addrEnabled': False, 'boundingBoxEnabled': False, 'macAddressList': ['04:bf:6d:5e:12:ab'], 'deploymentType': 'Indoor'}",0c7a5d15-6ebf-480e-b6ef-7fe71e9d52db,Global Zyxel Network,1,a21b3fed-aef4-4725-a6a3-8261d08fb884
2019-03-07 23:45:01,"{'boundingBox': {}, 'manufacturerEnabled': True, 'manufacturer': 'ZyXEL_EMG2926'}",002c2c68-c0e9-4ce0-9545-24063cbeb6df,Global Zyxel Network 2,2,f1b9598c-0a45-4030-b008-133696d7c2b2
