dateTime,address,enabled,hnprofileId,id,name,priority,topology
2019-03-07 00:45:02,,True,3c57e65b-1f27-4dfd-96fc-407c64fdc07b,e79bc95a-27da-4b20-b9a2-c7768bdeb848,MJ,0,[]
2019-03-07 00:45:02,,True,d3fa6246-33eb-4653-be98-3ae01b4d7ced,cc4bdb92-01ed-4acd-972a-f0faedc4344d,612,0,"[{'apName': 'AP-SON-A', 'apId': '588a3fc043c33c0580231c7f', 'ssidType': 'NORMAL', 'apHNRole': '', 'radio': '5 GHz', 'apMacAddress': '04:bf:6d:5e:12:95', 'lockToHNGroup': False, 'parentMacAddress': '', 'parentRadio': None, 'backhaulConnection': 'Wired', 'parentSSID': None, 'apPrimMacAddress': '04:bf:6d:5e:12:97', 'apSSID': 'SON VOWIFI'}]"
2019-03-07 00:45:02,Residence Phase 4,True,3d974bd2-d415-4f1a-88c1-8c9d88969d9c,1c8a4cf1-f730-4d39-86af-a4454c659e2f,Groupe ETS,0,[]
2019-03-07 00:45:02,,True,624b3fb6-e41f-483f-b763-e8e117c6f64a,cc7ae08e-dd05-4c89-8d74-d4bca0f7fd60,Francis R,0,"[{'apName': 'AP SON Francis', 'apId': '58878af043c33c0580231c61', 'ssidType': 'NORMAL', 'apHNRole': '', 'radio': '2.4 GHz', 'apMacAddress': '04:bf:6d:5e:12:9c', 'lockToHNGroup': True, 'parentMacAddress': '', 'parentRadio': None, 'backhaulConnection': 'Wired', 'parentSSID': None, 'apPrimMacAddress': '04:bf:6d:5e:12:9f', 'apSSID': 'SON'}, {'apName': 'AP SON Francis', 'apId': '58878af043c33c0580231c61', 'ssidType': 'NORMAL', 'apHNRole': '', 'radio': '5 GHz', 'apMacAddress': '04:bf:6d:5e:12:9d', 'lockToHNGroup': True, 'parentMacAddress': '', 'parentRadio': None, 'backhaulConnection': 'Wired', 'parentSSID': None, 'apPrimMacAddress': '04:bf:6d:5e:12:9f', 'apSSID': 'SON'}]"
2019-03-07 00:45:02,,True,6cb57c27-e491-4465-92b3-9d1deb4d951a,c40991a0-d887-401b-8174-bf3b2ab1ec11,Group Zyxel SON,0,"[{'apName': 'AP-SON-A-BRIDGE', 'apId': '58f8bbe443c33c059f9dc661', 'ssidType': 'NORMAL', 'apHNRole': '', 'radio': '5 GHz', 'apMacAddress': '04:bf:6d:5e:26:85', 'lockToHNGroup': False, 'parentMacAddress': '', 'parentRadio': None, 'backhaulConnection': 'Wired', 'parentSSID': None, 'apPrimMacAddress': '04:bf:6d:5e:26:87', 'apSSID': 'test'}, {'apName': 'AP-SON-A-BRIDGE', 'apId': '58f8bbe443c33c059f9dc661', 'ssidType': 'NORMAL', 'apHNRole': '', 'radio': '2.4 GHz', 'apMacAddress': '04:bf:6d:5e:26:84', 'lockToHNGroup': False, 'parentMacAddress': '', 'parentRadio': None, 'backhaulConnection': 'Wired', 'parentSSID': None, 'apPrimMacAddress': '04:bf:6d:5e:26:87', 'apSSID': 'test'}]"
2019-03-07 01:45:02,,True,3c57e65b-1f27-4dfd-96fc-407c64fdc07b,e79bc95a-27da-4b20-b9a2-c7768bdeb848,MJ,0,[]
2019-03-07 01:45:02,,True,d3fa6246-33eb-4653-be98-3ae01b4d7ced,cc4bdb92-01ed-4acd-972a-f0faedc4344d,612,0,"[{'apId': '588a3fc043c33c0580231c7f', 'parentSSID': None, 'apSSID': 'SON VOWIFI', 'parentMacAddress': '', 'apName': 'AP-SON-A', 'apMacAddress': '04:bf:6d:5e:12:95', 'radio': '5 GHz', 'ssidType': 'NORMAL', 'lockToHNGroup': False, 'backhaulConnection': 'Wired', 'apHNRole': '', 'apPrimMacAddress': '04:bf:6d:5e:12:97', 'parentRadio': None}]"
2019-03-07 01:45:02,Residence Phase 4,True,3d974bd2-d415-4f1a-88c1-8c9d88969d9c,1c8a4cf1-f730-4d39-86af-a4454c659e2f,Groupe ETS,0,[]
2019-03-07 01:45:02,,True,624b3fb6-e41f-483f-b763-e8e117c6f64a,cc7ae08e-dd05-4c89-8d74-d4bca0f7fd60,Francis R,0,"[{'apId': '58878af043c33c0580231c61', 'parentSSID': None, 'apSSID': 'SON', 'parentMacAddress': '', 'apName': 'AP SON Francis', 'apMacAddress': '04:bf:6d:5e:12:9c', 'radio': '2.4 GHz', 'ssidType': 'NORMAL', 'lockToHNGroup': True, 'backhaulConnection': 'Wired', 'apHNRole': '', 'apPrimMacAddress': '04:bf:6d:5e:12:9f', 'parentRadio': None}, {'apId': '58878af043c33c0580231c61', 'parentSSID': None, 'apSSID': 'SON', 'parentMacAddress': '', 'apName': 'AP SON Francis', 'apMacAddress': '04:bf:6d:5e:12:9d', 'radio': '5 GHz', 'ssidType': 'NORMAL', 'lockToHNGroup': True, 'backhaulConnection': 'Wired', 'apHNRole': '', 'apPrimMacAddress': '04:bf:6d:5e:12:9f', 'parentRadio': None}]"
2019-03-07 01:45:02,,True,6cb57c27-e491-4465-92b3-9d1deb4d951a,c40991a0-d887-401b-8174-bf3b2ab1ec11,Group Zyxel SON,0,"[{'apId': '58f8bbe443c33c059f9dc661', 'parentSSID': None, 'apSSID': 'test', 'parentMacAddress': '', 'apName': 'AP-SON-A-BRIDGE', 'apMacAddress': '04:bf:6d:5e:26:85', 'radio': '5 GHz', 'ssidType': 'NORMAL', 'lockToHNGroup': False, 'backhaulConnection': 'Wired', 'apHNRole': '', 'apPrimMacAddress': '04:bf:6d:5e:26:87', 'parentRadio': None}, {'apId': '58f8bbe443c33c059f9dc661', 'parentSSID': None, 'apSSID': 'test', 'parentMacAddress': '', 'apName': 'AP-SON-A-BRIDGE', 'apMacAddress': '04:bf:6d:5e:26:84', 'radio': '2.4 GHz', 'ssidType': 'NORMAL', 'lockToHNGroup': False, 'backhaulConnection': 'Wired', 'apHNRole': '', 'apPrimMacAddress': '04:bf:6d:5e:26:87', 'parentRadio': None}]"
2019-03-07 02:45:02,,True,3c57e65b-1f27-4dfd-96fc-407c64fdc07b,e79bc95a-27da-4b20-b9a2-c7768bdeb848,MJ,0,[]
2019-03-07 02:45:02,,True,d3fa6246-33eb-4653-be98-3ae01b4d7ced,cc4bdb92-01ed-4acd-972a-f0faedc4344d,612,0,"[{'apHNRole': '', 'backhaulConnection': 'Wired', 'parentSSID': None, 'apSSID': 'SON VOWIFI', 'apPrimMacAddress': '04:bf:6d:5e:12:97', 'parentMacAddress': '', 'radio': '5 GHz', 'lockToHNGroup': False, 'apName': 'AP-SON-A', 'parentRadio': None, 'apMacAddress': '04:bf:6d:5e:12:95', 'apId': '588a3fc043c33c0580231c7f', 'ssidType': 'NORMAL'}]"
2019-03-07 02:45:02,Residence Phase 4,True,3d974bd2-d415-4f1a-88c1-8c9d88969d9c,1c8a4cf1-f730-4d39-86af-a4454c659e2f,Groupe ETS,0,[]
2019-03-07 02:45:02,,True,624b3fb6-e41f-483f-b763-e8e117c6f64a,cc7ae08e-dd05-4c89-8d74-d4bca0f7fd60,Francis R,0,"[{'apHNRole': '', 'backhaulConnection': 'Wired', 'parentSSID': None, 'apSSID': 'SON', 'apPrimMacAddress': '04:bf:6d:5e:12:9f', 'parentMacAddress': '', 'radio': '2.4 GHz', 'lockToHNGroup': True, 'apName': 'AP SON Francis', 'parentRadio': None, 'apMacAddress': '04:bf:6d:5e:12:9c', 'apId': '58878af043c33c0580231c61', 'ssidType': 'NORMAL'}, {'apHNRole': '', 'backhaulConnection': 'Wired', 'parentSSID': None, 'apSSID': 'SON', 'apPrimMacAddress': '04:bf:6d:5e:12:9f', 'parentMacAddress': '', 'radio': '5 GHz', 'lockToHNGroup': True, 'apName': 'AP SON Francis', 'parentRadio': None, 'apMacAddress': '04:bf:6d:5e:12:9d', 'apId': '58878af043c33c0580231c61', 'ssidType': 'NORMAL'}]"
2019-03-07 02:45:02,,True,6cb57c27-e491-4465-92b3-9d1deb4d951a,c40991a0-d887-401b-8174-bf3b2ab1ec11,Group Zyxel SON,0,"[{'apHNRole': '', 'backhaulConnection': 'Wired', 'parentSSID': None, 'apSSID': 'test', 'apPrimMacAddress': '04:bf:6d:5e:26:87', 'parentMacAddress': '', 'radio': '5 GHz', 'lockToHNGroup': False, 'apName': 'AP-SON-A-BRIDGE', 'parentRadio': None, 'apMacAddress': '04:bf:6d:5e:26:85', 'apId': '58f8bbe443c33c059f9dc661', 'ssidType': 'NORMAL'}, {'apHNRole': '', 'backhaulConnection': 'Wired', 'parentSSID': None, 'apSSID': 'test', 'apPrimMacAddress': '04:bf:6d:5e:26:87', 'parentMacAddress': '', 'radio': '2.4 GHz', 'lockToHNGroup': False, 'apName': 'AP-SON-A-BRIDGE', 'parentRadio': None, 'apMacAddress': '04:bf:6d:5e:26:84', 'apId': '58f8bbe443c33c059f9dc661', 'ssidType': 'NORMAL'}]"
2019-03-07 03:45:01,,True,3c57e65b-1f27-4dfd-96fc-407c64fdc07b,e79bc95a-27da-4b20-b9a2-c7768bdeb848,MJ,0,[]
2019-03-07 03:45:01,,True,d3fa6246-33eb-4653-be98-3ae01b4d7ced,cc4bdb92-01ed-4acd-972a-f0faedc4344d,612,0,"[{'apSSID': 'SON VOWIFI', 'backhaulConnection': 'Wired', 'apPrimMacAddress': '04:bf:6d:5e:12:97', 'radio': '5 GHz', 'lockToHNGroup': False, 'apMacAddress': '04:bf:6d:5e:12:95', 'ssidType': 'NORMAL', 'apHNRole': '', 'parentSSID': None, 'apId': '588a3fc043c33c0580231c7f', 'parentRadio': None, 'parentMacAddress': '', 'apName': 'AP-SON-A'}]"
2019-03-07 03:45:01,Residence Phase 4,True,3d974bd2-d415-4f1a-88c1-8c9d88969d9c,1c8a4cf1-f730-4d39-86af-a4454c659e2f,Groupe ETS,0,[]
2019-03-07 03:45:01,,True,624b3fb6-e41f-483f-b763-e8e117c6f64a,cc7ae08e-dd05-4c89-8d74-d4bca0f7fd60,Francis R,0,"[{'apSSID': 'SON', 'backhaulConnection': 'Wired', 'apPrimMacAddress': '04:bf:6d:5e:12:9f', 'radio': '2.4 GHz', 'lockToHNGroup': True, 'apMacAddress': '04:bf:6d:5e:12:9c', 'ssidType': 'NORMAL', 'apHNRole': '', 'parentSSID': None, 'apId': '58878af043c33c0580231c61', 'parentRadio': None, 'parentMacAddress': '', 'apName': 'AP SON Francis'}, {'apSSID': 'SON', 'backhaulConnection': 'Wired', 'apPrimMacAddress': '04:bf:6d:5e:12:9f', 'radio': '5 GHz', 'lockToHNGroup': True, 'apMacAddress': '04:bf:6d:5e:12:9d', 'ssidType': 'NORMAL', 'apHNRole': '', 'parentSSID': None, 'apId': '58878af043c33c0580231c61', 'parentRadio': None, 'parentMacAddress': '', 'apName': 'AP SON Francis'}]"
2019-03-07 03:45:01,,True,6cb57c27-e491-4465-92b3-9d1deb4d951a,c40991a0-d887-401b-8174-bf3b2ab1ec11,Group Zyxel SON,0,"[{'apSSID': 'test', 'backhaulConnection': 'Wired', 'apPrimMacAddress': '04:bf:6d:5e:26:87', 'radio': '5 GHz', 'lockToHNGroup': False, 'apMacAddress': '04:bf:6d:5e:26:85', 'ssidType': 'NORMAL', 'apHNRole': '', 'parentSSID': None, 'apId': '58f8bbe443c33c059f9dc661', 'parentRadio': None, 'parentMacAddress': '', 'apName': 'AP-SON-A-BRIDGE'}, {'apSSID': 'test', 'backhaulConnection': 'Wired', 'apPrimMacAddress': '04:bf:6d:5e:26:87', 'radio': '2.4 GHz', 'lockToHNGroup': False, 'apMacAddress': '04:bf:6d:5e:26:84', 'ssidType': 'NORMAL', 'apHNRole': '', 'parentSSID': None, 'apId': '58f8bbe443c33c059f9dc661', 'parentRadio': None, 'parentMacAddress': '', 'apName': 'AP-SON-A-BRIDGE'}]"
2019-03-07 04:45:02,,True,3c57e65b-1f27-4dfd-96fc-407c64fdc07b,e79bc95a-27da-4b20-b9a2-c7768bdeb848,MJ,0,[]
2019-03-07 04:45:02,,True,d3fa6246-33eb-4653-be98-3ae01b4d7ced,cc4bdb92-01ed-4acd-972a-f0faedc4344d,612,0,"[{'parentSSID': None, 'apSSID': 'SON VOWIFI', 'parentRadio': None, 'parentMacAddress': '', 'apPrimMacAddress': '04:bf:6d:5e:12:97', 'apId': '588a3fc043c33c0580231c7f', 'backhaulConnection': 'Wired', 'radio': '5 GHz', 'apHNRole': '', 'apName': 'AP-SON-A', 'lockToHNGroup': False, 'ssidType': 'NORMAL', 'apMacAddress': '04:bf:6d:5e:12:95'}]"
2019-03-07 04:45:02,Residence Phase 4,True,3d974bd2-d415-4f1a-88c1-8c9d88969d9c,1c8a4cf1-f730-4d39-86af-a4454c659e2f,Groupe ETS,0,[]
2019-03-07 04:45:02,,True,624b3fb6-e41f-483f-b763-e8e117c6f64a,cc7ae08e-dd05-4c89-8d74-d4bca0f7fd60,Francis R,0,"[{'parentSSID': None, 'apSSID': 'SON', 'parentRadio': None, 'parentMacAddress': '', 'apPrimMacAddress': '04:bf:6d:5e:12:9f', 'apId': '58878af043c33c0580231c61', 'backhaulConnection': 'Wired', 'radio': '2.4 GHz', 'apHNRole': '', 'apName': 'AP SON Francis', 'lockToHNGroup': True, 'ssidType': 'NORMAL', 'apMacAddress': '04:bf:6d:5e:12:9c'}, {'parentSSID': None, 'apSSID': 'SON', 'parentRadio': None, 'parentMacAddress': '', 'apPrimMacAddress': '04:bf:6d:5e:12:9f', 'apId': '58878af043c33c0580231c61', 'backhaulConnection': 'Wired', 'radio': '5 GHz', 'apHNRole': '', 'apName': 'AP SON Francis', 'lockToHNGroup': True, 'ssidType': 'NORMAL', 'apMacAddress': '04:bf:6d:5e:12:9d'}]"
2019-03-07 04:45:02,,True,6cb57c27-e491-4465-92b3-9d1deb4d951a,c40991a0-d887-401b-8174-bf3b2ab1ec11,Group Zyxel SON,0,"[{'parentSSID': None, 'apSSID': 'test', 'parentRadio': None, 'parentMacAddress': '', 'apPrimMacAddress': '04:bf:6d:5e:26:87', 'apId': '58f8bbe443c33c059f9dc661', 'backhaulConnection': 'Wired', 'radio': '5 GHz', 'apHNRole': '', 'apName': 'AP-SON-A-BRIDGE', 'lockToHNGroup': False, 'ssidType': 'NORMAL', 'apMacAddress': '04:bf:6d:5e:26:85'}, {'parentSSID': None, 'apSSID': 'test', 'parentRadio': None, 'parentMacAddress': '', 'apPrimMacAddress': '04:bf:6d:5e:26:87', 'apId': '58f8bbe443c33c059f9dc661', 'backhaulConnection': 'Wired', 'radio': '2.4 GHz', 'apHNRole': '', 'apName': 'AP-SON-A-BRIDGE', 'lockToHNGroup': False, 'ssidType': 'NORMAL', 'apMacAddress': '04:bf:6d:5e:26:84'}]"
2019-03-07 05:45:01,,True,3c57e65b-1f27-4dfd-96fc-407c64fdc07b,e79bc95a-27da-4b20-b9a2-c7768bdeb848,MJ,0,[]
2019-03-07 05:45:01,,True,d3fa6246-33eb-4653-be98-3ae01b4d7ced,cc4bdb92-01ed-4acd-972a-f0faedc4344d,612,0,"[{'apMacAddress': '04:bf:6d:5e:12:95', 'apId': '588a3fc043c33c0580231c7f', 'parentSSID': None, 'lockToHNGroup': False, 'ssidType': 'NORMAL', 'radio': '5 GHz', 'parentRadio': None, 'apHNRole': '', 'parentMacAddress': '', 'backhaulConnection': 'Wired', 'apName': 'AP-SON-A', 'apPrimMacAddress': '04:bf:6d:5e:12:97', 'apSSID': 'SON VOWIFI'}]"
2019-03-07 05:45:01,Residence Phase 4,True,3d974bd2-d415-4f1a-88c1-8c9d88969d9c,1c8a4cf1-f730-4d39-86af-a4454c659e2f,Groupe ETS,0,[]
2019-03-07 05:45:01,,True,624b3fb6-e41f-483f-b763-e8e117c6f64a,cc7ae08e-dd05-4c89-8d74-d4bca0f7fd60,Francis R,0,"[{'apMacAddress': '04:bf:6d:5e:12:9c', 'apId': '58878af043c33c0580231c61', 'parentSSID': None, 'lockToHNGroup': True, 'ssidType': 'NORMAL', 'radio': '2.4 GHz', 'parentRadio': None, 'apHNRole': '', 'parentMacAddress': '', 'backhaulConnection': 'Wired', 'apName': 'AP SON Francis', 'apPrimMacAddress': '04:bf:6d:5e:12:9f', 'apSSID': 'SON'}, {'apMacAddress': '04:bf:6d:5e:12:9d', 'apId': '58878af043c33c0580231c61', 'parentSSID': None, 'lockToHNGroup': True, 'ssidType': 'NORMAL', 'radio': '5 GHz', 'parentRadio': None, 'apHNRole': '', 'parentMacAddress': '', 'backhaulConnection': 'Wired', 'apName': 'AP SON Francis', 'apPrimMacAddress': '04:bf:6d:5e:12:9f', 'apSSID': 'SON'}]"
2019-03-07 05:45:01,,True,6cb57c27-e491-4465-92b3-9d1deb4d951a,c40991a0-d887-401b-8174-bf3b2ab1ec11,Group Zyxel SON,0,"[{'apMacAddress': '04:bf:6d:5e:26:85', 'apId': '58f8bbe443c33c059f9dc661', 'parentSSID': None, 'lockToHNGroup': False, 'ssidType': 'NORMAL', 'radio': '5 GHz', 'parentRadio': None, 'apHNRole': '', 'parentMacAddress': '', 'backhaulConnection': 'Wired', 'apName': 'AP-SON-A-BRIDGE', 'apPrimMacAddress': '04:bf:6d:5e:26:87', 'apSSID': 'test'}, {'apMacAddress': '04:bf:6d:5e:26:84', 'apId': '58f8bbe443c33c059f9dc661', 'parentSSID': None, 'lockToHNGroup': False, 'ssidType': 'NORMAL', 'radio': '2.4 GHz', 'parentRadio': None, 'apHNRole': '', 'parentMacAddress': '', 'backhaulConnection': 'Wired', 'apName': 'AP-SON-A-BRIDGE', 'apPrimMacAddress': '04:bf:6d:5e:26:87', 'apSSID': 'test'}]"
2019-03-07 06:45:02,,True,3c57e65b-1f27-4dfd-96fc-407c64fdc07b,e79bc95a-27da-4b20-b9a2-c7768bdeb848,MJ,0,[]
2019-03-07 06:45:02,,True,d3fa6246-33eb-4653-be98-3ae01b4d7ced,cc4bdb92-01ed-4acd-972a-f0faedc4344d,612,0,"[{'apMacAddress': '04:bf:6d:5e:12:95', 'backhaulConnection': 'Wired', 'parentSSID': None, 'radio': '5 GHz', 'parentMacAddress': '', 'lockToHNGroup': False, 'ssidType': 'NORMAL', 'apSSID': 'SON VOWIFI', 'apId': '588a3fc043c33c0580231c7f', 'apPrimMacAddress': '04:bf:6d:5e:12:97', 'parentRadio': None, 'apHNRole': '', 'apName': 'AP-SON-A'}]"
2019-03-07 06:45:02,Residence Phase 4,True,3d974bd2-d415-4f1a-88c1-8c9d88969d9c,1c8a4cf1-f730-4d39-86af-a4454c659e2f,Groupe ETS,0,[]
2019-03-07 06:45:02,,True,624b3fb6-e41f-483f-b763-e8e117c6f64a,cc7ae08e-dd05-4c89-8d74-d4bca0f7fd60,Francis R,0,"[{'apMacAddress': '04:bf:6d:5e:12:9c', 'backhaulConnection': 'Wired', 'parentSSID': None, 'radio': '2.4 GHz', 'parentMacAddress': '', 'lockToHNGroup': True, 'ssidType': 'NORMAL', 'apSSID': 'SON', 'apId': '58878af043c33c0580231c61', 'apPrimMacAddress': '04:bf:6d:5e:12:9f', 'parentRadio': None, 'apHNRole': '', 'apName': 'AP SON Francis'}, {'apMacAddress': '04:bf:6d:5e:12:9d', 'backhaulConnection': 'Wired', 'parentSSID': None, 'radio': '5 GHz', 'parentMacAddress': '', 'lockToHNGroup': True, 'ssidType': 'NORMAL', 'apSSID': 'SON', 'apId': '58878af043c33c0580231c61', 'apPrimMacAddress': '04:bf:6d:5e:12:9f', 'parentRadio': None, 'apHNRole': '', 'apName': 'AP SON Francis'}]"
2019-03-07 06:45:02,,True,6cb57c27-e491-4465-92b3-9d1deb4d951a,c40991a0-d887-401b-8174-bf3b2ab1ec11,Group Zyxel SON,0,"[{'apMacAddress': '04:bf:6d:5e:26:85', 'backhaulConnection': 'Wired', 'parentSSID': None, 'radio': '5 GHz', 'parentMacAddress': '', 'lockToHNGroup': False, 'ssidType': 'NORMAL', 'apSSID': 'test', 'apId': '58f8bbe443c33c059f9dc661', 'apPrimMacAddress': '04:bf:6d:5e:26:87', 'parentRadio': None, 'apHNRole': '', 'apName': 'AP-SON-A-BRIDGE'}, {'apMacAddress': '04:bf:6d:5e:26:84', 'backhaulConnection': 'Wired', 'parentSSID': None, 'radio': '2.4 GHz', 'parentMacAddress': '', 'lockToHNGroup': False, 'ssidType': 'NORMAL', 'apSSID': 'test', 'apId': '58f8bbe443c33c059f9dc661', 'apPrimMacAddress': '04:bf:6d:5e:26:87', 'parentRadio': None, 'apHNRole': '', 'apName': 'AP-SON-A-BRIDGE'}]"
2019-03-07 07:45:01,,True,3c57e65b-1f27-4dfd-96fc-407c64fdc07b,e79bc95a-27da-4b20-b9a2-c7768bdeb848,MJ,0,[]
2019-03-07 07:45:01,,True,d3fa6246-33eb-4653-be98-3ae01b4d7ced,cc4bdb92-01ed-4acd-972a-f0faedc4344d,612,0,"[{'apName': 'AP-SON-A', 'apHNRole': '', 'apMacAddress': '04:bf:6d:5e:12:95', 'parentRadio': None, 'parentSSID': None, 'ssidType': 'NORMAL', 'lockToHNGroup': False, 'radio': '5 GHz', 'apSSID': 'SON VOWIFI', 'apId': '588a3fc043c33c0580231c7f', 'parentMacAddress': '', 'apPrimMacAddress': '04:bf:6d:5e:12:97', 'backhaulConnection': 'Wired'}]"
2019-03-07 07:45:01,Residence Phase 4,True,3d974bd2-d415-4f1a-88c1-8c9d88969d9c,1c8a4cf1-f730-4d39-86af-a4454c659e2f,Groupe ETS,0,[]
2019-03-07 07:45:01,,True,624b3fb6-e41f-483f-b763-e8e117c6f64a,cc7ae08e-dd05-4c89-8d74-d4bca0f7fd60,Francis R,0,"[{'apName': 'AP SON Francis', 'apHNRole': '', 'apMacAddress': '04:bf:6d:5e:12:9c', 'parentRadio': None, 'parentSSID': None, 'ssidType': 'NORMAL', 'lockToHNGroup': True, 'radio': '2.4 GHz', 'apSSID': 'SON', 'apId': '58878af043c33c0580231c61', 'parentMacAddress': '', 'apPrimMacAddress': '04:bf:6d:5e:12:9f', 'backhaulConnection': 'Wired'}, {'apName': 'AP SON Francis', 'apHNRole': '', 'apMacAddress': '04:bf:6d:5e:12:9d', 'parentRadio': None, 'parentSSID': None, 'ssidType': 'NORMAL', 'lockToHNGroup': True, 'radio': '5 GHz', 'apSSID': 'SON', 'apId': '58878af043c33c0580231c61', 'parentMacAddress': '', 'apPrimMacAddress': '04:bf:6d:5e:12:9f', 'backhaulConnection': 'Wired'}]"
2019-03-07 07:45:01,,True,6cb57c27-e491-4465-92b3-9d1deb4d951a,c40991a0-d887-401b-8174-bf3b2ab1ec11,Group Zyxel SON,0,"[{'apName': 'AP-SON-A-BRIDGE', 'apHNRole': '', 'apMacAddress': '04:bf:6d:5e:26:85', 'parentRadio': None, 'parentSSID': None, 'ssidType': 'NORMAL', 'lockToHNGroup': False, 'radio': '5 GHz', 'apSSID': 'test', 'apId': '58f8bbe443c33c059f9dc661', 'parentMacAddress': '', 'apPrimMacAddress': '04:bf:6d:5e:26:87', 'backhaulConnection': 'Wired'}, {'apName': 'AP-SON-A-BRIDGE', 'apHNRole': '', 'apMacAddress': '04:bf:6d:5e:26:84', 'parentRadio': None, 'parentSSID': None, 'ssidType': 'NORMAL', 'lockToHNGroup': False, 'radio': '2.4 GHz', 'apSSID': 'test', 'apId': '58f8bbe443c33c059f9dc661', 'parentMacAddress': '', 'apPrimMacAddress': '04:bf:6d:5e:26:87', 'backhaulConnection': 'Wired'}]"
2019-03-07 08:45:02,,True,3c57e65b-1f27-4dfd-96fc-407c64fdc07b,e79bc95a-27da-4b20-b9a2-c7768bdeb848,MJ,0,[]
2019-03-07 08:45:02,,True,d3fa6246-33eb-4653-be98-3ae01b4d7ced,cc4bdb92-01ed-4acd-972a-f0faedc4344d,612,0,"[{'backhaulConnection': 'Wired', 'apPrimMacAddress': '04:bf:6d:5e:12:97', 'apId': '588a3fc043c33c0580231c7f', 'apName': 'AP-SON-A', 'ssidType': 'NORMAL', 'apSSID': 'SON VOWIFI', 'apMacAddress': '04:bf:6d:5e:12:95', 'lockToHNGroup': False, 'apHNRole': '', 'parentMacAddress': '', 'parentSSID': None, 'radio': '5 GHz', 'parentRadio': None}]"
2019-03-07 08:45:02,Residence Phase 4,True,3d974bd2-d415-4f1a-88c1-8c9d88969d9c,1c8a4cf1-f730-4d39-86af-a4454c659e2f,Groupe ETS,0,[]
2019-03-07 08:45:02,,True,624b3fb6-e41f-483f-b763-e8e117c6f64a,cc7ae08e-dd05-4c89-8d74-d4bca0f7fd60,Francis R,0,"[{'backhaulConnection': 'Wired', 'apPrimMacAddress': '04:bf:6d:5e:12:9f', 'apId': '58878af043c33c0580231c61', 'apName': 'AP SON Francis', 'ssidType': 'NORMAL', 'apSSID': 'SON', 'apMacAddress': '04:bf:6d:5e:12:9c', 'lockToHNGroup': True, 'apHNRole': '', 'parentMacAddress': '', 'parentSSID': None, 'radio': '2.4 GHz', 'parentRadio': None}, {'backhaulConnection': 'Wired', 'apPrimMacAddress': '04:bf:6d:5e:12:9f', 'apId': '58878af043c33c0580231c61', 'apName': 'AP SON Francis', 'ssidType': 'NORMAL', 'apSSID': 'SON', 'apMacAddress': '04:bf:6d:5e:12:9d', 'lockToHNGroup': True, 'apHNRole': '', 'parentMacAddress': '', 'parentSSID': None, 'radio': '5 GHz', 'parentRadio': None}]"
2019-03-07 08:45:02,,True,6cb57c27-e491-4465-92b3-9d1deb4d951a,c40991a0-d887-401b-8174-bf3b2ab1ec11,Group Zyxel SON,0,"[{'backhaulConnection': 'Wired', 'apPrimMacAddress': '04:bf:6d:5e:26:87', 'apId': '58f8bbe443c33c059f9dc661', 'apName': 'AP-SON-A-BRIDGE', 'ssidType': 'NORMAL', 'apSSID': 'test', 'apMacAddress': '04:bf:6d:5e:26:85', 'lockToHNGroup': False, 'apHNRole': '', 'parentMacAddress': '', 'parentSSID': None, 'radio': '5 GHz', 'parentRadio': None}, {'backhaulConnection': 'Wired', 'apPrimMacAddress': '04:bf:6d:5e:26:87', 'apId': '58f8bbe443c33c059f9dc661', 'apName': 'AP-SON-A-BRIDGE', 'ssidType': 'NORMAL', 'apSSID': 'test', 'apMacAddress': '04:bf:6d:5e:26:84', 'lockToHNGroup': False, 'apHNRole': '', 'parentMacAddress': '', 'parentSSID': None, 'radio': '2.4 GHz', 'parentRadio': None}]"
2019-03-07 09:45:02,,True,3c57e65b-1f27-4dfd-96fc-407c64fdc07b,e79bc95a-27da-4b20-b9a2-c7768bdeb848,MJ,0,[]
2019-03-07 09:45:02,,True,d3fa6246-33eb-4653-be98-3ae01b4d7ced,cc4bdb92-01ed-4acd-972a-f0faedc4344d,612,0,"[{'parentMacAddress': '', 'apId': '588a3fc043c33c0580231c7f', 'apHNRole': '', 'backhaulConnection': 'Wired', 'radio': '5 GHz', 'apSSID': 'SON VOWIFI', 'apPrimMacAddress': '04:bf:6d:5e:12:97', 'parentRadio': None, 'apName': 'AP-SON-A', 'lockToHNGroup': False, 'ssidType': 'NORMAL', 'parentSSID': None, 'apMacAddress': '04:bf:6d:5e:12:95'}]"
2019-03-07 09:45:02,Residence Phase 4,True,3d974bd2-d415-4f1a-88c1-8c9d88969d9c,1c8a4cf1-f730-4d39-86af-a4454c659e2f,Groupe ETS,0,[]
2019-03-07 09:45:02,,True,624b3fb6-e41f-483f-b763-e8e117c6f64a,cc7ae08e-dd05-4c89-8d74-d4bca0f7fd60,Francis R,0,"[{'parentMacAddress': '', 'apId': '58878af043c33c0580231c61', 'apHNRole': '', 'backhaulConnection': 'Wired', 'radio': '2.4 GHz', 'apSSID': 'SON', 'apPrimMacAddress': '04:bf:6d:5e:12:9f', 'parentRadio': None, 'apName': 'AP SON Francis', 'lockToHNGroup': True, 'ssidType': 'NORMAL', 'parentSSID': None, 'apMacAddress': '04:bf:6d:5e:12:9c'}, {'parentMacAddress': '', 'apId': '58878af043c33c0580231c61', 'apHNRole': '', 'backhaulConnection': 'Wired', 'radio': '5 GHz', 'apSSID': 'SON', 'apPrimMacAddress': '04:bf:6d:5e:12:9f', 'parentRadio': None, 'apName': 'AP SON Francis', 'lockToHNGroup': True, 'ssidType': 'NORMAL', 'parentSSID': None, 'apMacAddress': '04:bf:6d:5e:12:9d'}]"
2019-03-07 09:45:02,,True,6cb57c27-e491-4465-92b3-9d1deb4d951a,c40991a0-d887-401b-8174-bf3b2ab1ec11,Group Zyxel SON,0,"[{'parentMacAddress': '', 'apId': '58f8bbe443c33c059f9dc661', 'apHNRole': '', 'backhaulConnection': 'Wired', 'radio': '5 GHz', 'apSSID': 'test', 'apPrimMacAddress': '04:bf:6d:5e:26:87', 'parentRadio': None, 'apName': 'AP-SON-A-BRIDGE', 'lockToHNGroup': False, 'ssidType': 'NORMAL', 'parentSSID': None, 'apMacAddress': '04:bf:6d:5e:26:85'}, {'parentMacAddress': '', 'apId': '58f8bbe443c33c059f9dc661', 'apHNRole': '', 'backhaulConnection': 'Wired', 'radio': '2.4 GHz', 'apSSID': 'test', 'apPrimMacAddress': '04:bf:6d:5e:26:87', 'parentRadio': None, 'apName': 'AP-SON-A-BRIDGE', 'lockToHNGroup': False, 'ssidType': 'NORMAL', 'parentSSID': None, 'apMacAddress': '04:bf:6d:5e:26:84'}]"
2019-03-07 10:45:01,,True,3c57e65b-1f27-4dfd-96fc-407c64fdc07b,e79bc95a-27da-4b20-b9a2-c7768bdeb848,MJ,0,[]
2019-03-07 10:45:01,,True,d3fa6246-33eb-4653-be98-3ae01b4d7ced,cc4bdb92-01ed-4acd-972a-f0faedc4344d,612,0,"[{'apMacAddress': '04:bf:6d:5e:12:95', 'ssidType': 'NORMAL', 'apName': 'AP-SON-A', 'parentSSID': None, 'apId': '588a3fc043c33c0580231c7f', 'backhaulConnection': 'Wired', 'apHNRole': '', 'apPrimMacAddress': '04:bf:6d:5e:12:97', 'lockToHNGroup': False, 'parentRadio': None, 'radio': '5 GHz', 'apSSID': 'SON VOWIFI', 'parentMacAddress': ''}]"
2019-03-07 10:45:01,Residence Phase 4,True,3d974bd2-d415-4f1a-88c1-8c9d88969d9c,1c8a4cf1-f730-4d39-86af-a4454c659e2f,Groupe ETS,0,[]
2019-03-07 10:45:01,,True,624b3fb6-e41f-483f-b763-e8e117c6f64a,cc7ae08e-dd05-4c89-8d74-d4bca0f7fd60,Francis R,0,"[{'apMacAddress': '04:bf:6d:5e:12:9c', 'ssidType': 'NORMAL', 'apName': 'AP SON Francis', 'parentSSID': None, 'apId': '58878af043c33c0580231c61', 'backhaulConnection': 'Wired', 'apHNRole': '', 'apPrimMacAddress': '04:bf:6d:5e:12:9f', 'lockToHNGroup': True, 'parentRadio': None, 'radio': '2.4 GHz', 'apSSID': 'SON', 'parentMacAddress': ''}, {'apMacAddress': '04:bf:6d:5e:12:9d', 'ssidType': 'NORMAL', 'apName': 'AP SON Francis', 'parentSSID': None, 'apId': '58878af043c33c0580231c61', 'backhaulConnection': 'Wired', 'apHNRole': '', 'apPrimMacAddress': '04:bf:6d:5e:12:9f', 'lockToHNGroup': True, 'parentRadio': None, 'radio': '5 GHz', 'apSSID': 'SON', 'parentMacAddress': ''}]"
2019-03-07 10:45:01,,True,6cb57c27-e491-4465-92b3-9d1deb4d951a,c40991a0-d887-401b-8174-bf3b2ab1ec11,Group Zyxel SON,0,"[{'apMacAddress': '04:bf:6d:5e:26:85', 'ssidType': 'NORMAL', 'apName': 'AP-SON-A-BRIDGE', 'parentSSID': None, 'apId': '58f8bbe443c33c059f9dc661', 'backhaulConnection': 'Wired', 'apHNRole': '', 'apPrimMacAddress': '04:bf:6d:5e:26:87', 'lockToHNGroup': False, 'parentRadio': None, 'radio': '5 GHz', 'apSSID': 'test', 'parentMacAddress': ''}, {'apMacAddress': '04:bf:6d:5e:26:84', 'ssidType': 'NORMAL', 'apName': 'AP-SON-A-BRIDGE', 'parentSSID': None, 'apId': '58f8bbe443c33c059f9dc661', 'backhaulConnection': 'Wired', 'apHNRole': '', 'apPrimMacAddress': '04:bf:6d:5e:26:87', 'lockToHNGroup': False, 'parentRadio': None, 'radio': '2.4 GHz', 'apSSID': 'test', 'parentMacAddress': ''}]"
2019-03-07 11:45:01,,True,3c57e65b-1f27-4dfd-96fc-407c64fdc07b,e79bc95a-27da-4b20-b9a2-c7768bdeb848,MJ,0,[]
2019-03-07 11:45:01,,True,d3fa6246-33eb-4653-be98-3ae01b4d7ced,cc4bdb92-01ed-4acd-972a-f0faedc4344d,612,0,"[{'parentSSID': None, 'ssidType': 'NORMAL', 'apId': '588a3fc043c33c0580231c7f', 'apMacAddress': '04:bf:6d:5e:12:95', 'apName': 'AP-SON-A', 'backhaulConnection': 'Wired', 'radio': '5 GHz', 'lockToHNGroup': False, 'parentMacAddress': '', 'apHNRole': '', 'parentRadio': None, 'apPrimMacAddress': '04:bf:6d:5e:12:97', 'apSSID': 'SON VOWIFI'}]"
2019-03-07 11:45:01,Residence Phase 4,True,3d974bd2-d415-4f1a-88c1-8c9d88969d9c,1c8a4cf1-f730-4d39-86af-a4454c659e2f,Groupe ETS,0,[]
2019-03-07 11:45:01,,True,624b3fb6-e41f-483f-b763-e8e117c6f64a,cc7ae08e-dd05-4c89-8d74-d4bca0f7fd60,Francis R,0,"[{'parentSSID': None, 'ssidType': 'NORMAL', 'apId': '58878af043c33c0580231c61', 'apMacAddress': '04:bf:6d:5e:12:9c', 'apName': 'AP SON Francis', 'backhaulConnection': 'Wired', 'radio': '2.4 GHz', 'lockToHNGroup': True, 'parentMacAddress': '', 'apHNRole': '', 'parentRadio': None, 'apPrimMacAddress': '04:bf:6d:5e:12:9f', 'apSSID': 'SON'}, {'parentSSID': None, 'ssidType': 'NORMAL', 'apId': '58878af043c33c0580231c61', 'apMacAddress': '04:bf:6d:5e:12:9d', 'apName': 'AP SON Francis', 'backhaulConnection': 'Wired', 'radio': '5 GHz', 'lockToHNGroup': True, 'parentMacAddress': '', 'apHNRole': '', 'parentRadio': None, 'apPrimMacAddress': '04:bf:6d:5e:12:9f', 'apSSID': 'SON'}]"
2019-03-07 11:45:01,,True,6cb57c27-e491-4465-92b3-9d1deb4d951a,c40991a0-d887-401b-8174-bf3b2ab1ec11,Group Zyxel SON,0,"[{'parentSSID': None, 'ssidType': 'NORMAL', 'apId': '58f8bbe443c33c059f9dc661', 'apMacAddress': '04:bf:6d:5e:26:85', 'apName': 'AP-SON-A-BRIDGE', 'backhaulConnection': 'Wired', 'radio': '5 GHz', 'lockToHNGroup': False, 'parentMacAddress': '', 'apHNRole': '', 'parentRadio': None, 'apPrimMacAddress': '04:bf:6d:5e:26:87', 'apSSID': 'test'}, {'parentSSID': None, 'ssidType': 'NORMAL', 'apId': '58f8bbe443c33c059f9dc661', 'apMacAddress': '04:bf:6d:5e:26:84', 'apName': 'AP-SON-A-BRIDGE', 'backhaulConnection': 'Wired', 'radio': '2.4 GHz', 'lockToHNGroup': False, 'parentMacAddress': '', 'apHNRole': '', 'parentRadio': None, 'apPrimMacAddress': '04:bf:6d:5e:26:87', 'apSSID': 'test'}]"
2019-03-07 12:45:02,,True,3c57e65b-1f27-4dfd-96fc-407c64fdc07b,e79bc95a-27da-4b20-b9a2-c7768bdeb848,MJ,0,[]
2019-03-07 12:45:02,,True,d3fa6246-33eb-4653-be98-3ae01b4d7ced,cc4bdb92-01ed-4acd-972a-f0faedc4344d,612,0,"[{'ssidType': 'NORMAL', 'apName': 'AP-SON-A', 'parentSSID': None, 'apPrimMacAddress': '04:bf:6d:5e:12:97', 'apSSID': 'SON VOWIFI', 'apHNRole': '', 'apMacAddress': '04:bf:6d:5e:12:95', 'lockToHNGroup': False, 'parentMacAddress': '', 'parentRadio': None, 'apId': '588a3fc043c33c0580231c7f', 'radio': '5 GHz', 'backhaulConnection': 'Wired'}]"
2019-03-07 12:45:02,Residence Phase 4,True,3d974bd2-d415-4f1a-88c1-8c9d88969d9c,1c8a4cf1-f730-4d39-86af-a4454c659e2f,Groupe ETS,0,[]
2019-03-07 12:45:02,,True,624b3fb6-e41f-483f-b763-e8e117c6f64a,cc7ae08e-dd05-4c89-8d74-d4bca0f7fd60,Francis R,0,"[{'ssidType': 'NORMAL', 'apName': 'AP SON Francis', 'parentSSID': None, 'apPrimMacAddress': '04:bf:6d:5e:12:9f', 'apSSID': 'SON', 'apHNRole': '', 'apMacAddress': '04:bf:6d:5e:12:9c', 'lockToHNGroup': True, 'parentMacAddress': '', 'parentRadio': None, 'apId': '58878af043c33c0580231c61', 'radio': '2.4 GHz', 'backhaulConnection': 'Wired'}, {'ssidType': 'NORMAL', 'apName': 'AP SON Francis', 'parentSSID': None, 'apPrimMacAddress': '04:bf:6d:5e:12:9f', 'apSSID': 'SON', 'apHNRole': '', 'apMacAddress': '04:bf:6d:5e:12:9d', 'lockToHNGroup': True, 'parentMacAddress': '', 'parentRadio': None, 'apId': '58878af043c33c0580231c61', 'radio': '5 GHz', 'backhaulConnection': 'Wired'}]"
2019-03-07 12:45:02,,True,6cb57c27-e491-4465-92b3-9d1deb4d951a,c40991a0-d887-401b-8174-bf3b2ab1ec11,Group Zyxel SON,0,"[{'ssidType': 'NORMAL', 'apName': 'AP-SON-A-BRIDGE', 'parentSSID': None, 'apPrimMacAddress': '04:bf:6d:5e:26:87', 'apSSID': 'test', 'apHNRole': '', 'apMacAddress': '04:bf:6d:5e:26:85', 'lockToHNGroup': False, 'parentMacAddress': '', 'parentRadio': None, 'apId': '58f8bbe443c33c059f9dc661', 'radio': '5 GHz', 'backhaulConnection': 'Wired'}, {'ssidType': 'NORMAL', 'apName': 'AP-SON-A-BRIDGE', 'parentSSID': None, 'apPrimMacAddress': '04:bf:6d:5e:26:87', 'apSSID': 'test', 'apHNRole': '', 'apMacAddress': '04:bf:6d:5e:26:84', 'lockToHNGroup': False, 'parentMacAddress': '', 'parentRadio': None, 'apId': '58f8bbe443c33c059f9dc661', 'radio': '2.4 GHz', 'backhaulConnection': 'Wired'}]"
2019-03-07 13:45:01,,True,3c57e65b-1f27-4dfd-96fc-407c64fdc07b,e79bc95a-27da-4b20-b9a2-c7768bdeb848,MJ,0,[]
2019-03-07 13:45:01,,True,d3fa6246-33eb-4653-be98-3ae01b4d7ced,cc4bdb92-01ed-4acd-972a-f0faedc4344d,612,0,"[{'apName': 'AP-SON-A', 'backhaulConnection': 'Wired', 'apId': '588a3fc043c33c0580231c7f', 'parentSSID': None, 'apHNRole': '', 'ssidType': 'NORMAL', 'apPrimMacAddress': '04:bf:6d:5e:12:97', 'parentMacAddress': '', 'radio': '5 GHz', 'lockToHNGroup': False, 'parentRadio': None, 'apSSID': 'SON VOWIFI', 'apMacAddress': '04:bf:6d:5e:12:95'}]"
2019-03-07 13:45:01,Residence Phase 4,True,3d974bd2-d415-4f1a-88c1-8c9d88969d9c,1c8a4cf1-f730-4d39-86af-a4454c659e2f,Groupe ETS,0,[]
2019-03-07 13:45:01,,True,624b3fb6-e41f-483f-b763-e8e117c6f64a,cc7ae08e-dd05-4c89-8d74-d4bca0f7fd60,Francis R,0,"[{'apName': 'AP SON Francis', 'backhaulConnection': 'Wired', 'apId': '58878af043c33c0580231c61', 'parentSSID': None, 'apHNRole': '', 'ssidType': 'NORMAL', 'apPrimMacAddress': '04:bf:6d:5e:12:9f', 'parentMacAddress': '', 'radio': '2.4 GHz', 'lockToHNGroup': True, 'parentRadio': None, 'apSSID': 'SON', 'apMacAddress': '04:bf:6d:5e:12:9c'}, {'apName': 'AP SON Francis', 'backhaulConnection': 'Wired', 'apId': '58878af043c33c0580231c61', 'parentSSID': None, 'apHNRole': '', 'ssidType': 'NORMAL', 'apPrimMacAddress': '04:bf:6d:5e:12:9f', 'parentMacAddress': '', 'radio': '5 GHz', 'lockToHNGroup': True, 'parentRadio': None, 'apSSID': 'SON', 'apMacAddress': '04:bf:6d:5e:12:9d'}]"
2019-03-07 13:45:01,,True,6cb57c27-e491-4465-92b3-9d1deb4d951a,c40991a0-d887-401b-8174-bf3b2ab1ec11,Group Zyxel SON,0,"[{'apName': 'AP-SON-A-BRIDGE', 'backhaulConnection': 'Wired', 'apId': '58f8bbe443c33c059f9dc661', 'parentSSID': None, 'apHNRole': '', 'ssidType': 'NORMAL', 'apPrimMacAddress': '04:bf:6d:5e:26:87', 'parentMacAddress': '', 'radio': '5 GHz', 'lockToHNGroup': False, 'parentRadio': None, 'apSSID': 'test', 'apMacAddress': '04:bf:6d:5e:26:85'}, {'apName': 'AP-SON-A-BRIDGE', 'backhaulConnection': 'Wired', 'apId': '58f8bbe443c33c059f9dc661', 'parentSSID': None, 'apHNRole': '', 'ssidType': 'NORMAL', 'apPrimMacAddress': '04:bf:6d:5e:26:87', 'parentMacAddress': '', 'radio': '2.4 GHz', 'lockToHNGroup': False, 'parentRadio': None, 'apSSID': 'test', 'apMacAddress': '04:bf:6d:5e:26:84'}]"
2019-03-07 14:45:02,,True,3c57e65b-1f27-4dfd-96fc-407c64fdc07b,e79bc95a-27da-4b20-b9a2-c7768bdeb848,MJ,0,[]
2019-03-07 14:45:02,,True,d3fa6246-33eb-4653-be98-3ae01b4d7ced,cc4bdb92-01ed-4acd-972a-f0faedc4344d,612,0,"[{'apSSID': 'SON VOWIFI', 'parentRadio': None, 'apId': '588a3fc043c33c0580231c7f', 'ssidType': 'NORMAL', 'lockToHNGroup': False, 'backhaulConnection': 'Wired', 'apMacAddress': '04:bf:6d:5e:12:95', 'parentMacAddress': '', 'apHNRole': '', 'radio': '5 GHz', 'apPrimMacAddress': '04:bf:6d:5e:12:97', 'parentSSID': None, 'apName': 'AP-SON-A'}]"
2019-03-07 14:45:02,Residence Phase 4,True,3d974bd2-d415-4f1a-88c1-8c9d88969d9c,1c8a4cf1-f730-4d39-86af-a4454c659e2f,Groupe ETS,0,[]
2019-03-07 14:45:02,,True,624b3fb6-e41f-483f-b763-e8e117c6f64a,cc7ae08e-dd05-4c89-8d74-d4bca0f7fd60,Francis R,0,"[{'apSSID': 'SON', 'parentRadio': None, 'apId': '58878af043c33c0580231c61', 'ssidType': 'NORMAL', 'lockToHNGroup': True, 'backhaulConnection': 'Wired', 'apMacAddress': '04:bf:6d:5e:12:9c', 'parentMacAddress': '', 'apHNRole': '', 'radio': '2.4 GHz', 'apPrimMacAddress': '04:bf:6d:5e:12:9f', 'parentSSID': None, 'apName': 'AP SON Francis'}, {'apSSID': 'SON', 'parentRadio': None, 'apId': '58878af043c33c0580231c61', 'ssidType': 'NORMAL', 'lockToHNGroup': True, 'backhaulConnection': 'Wired', 'apMacAddress': '04:bf:6d:5e:12:9d', 'parentMacAddress': '', 'apHNRole': '', 'radio': '5 GHz', 'apPrimMacAddress': '04:bf:6d:5e:12:9f', 'parentSSID': None, 'apName': 'AP SON Francis'}]"
2019-03-07 14:45:02,,True,6cb57c27-e491-4465-92b3-9d1deb4d951a,c40991a0-d887-401b-8174-bf3b2ab1ec11,Group Zyxel SON,0,"[{'apSSID': 'test', 'parentRadio': None, 'apId': '58f8bbe443c33c059f9dc661', 'ssidType': 'NORMAL', 'lockToHNGroup': False, 'backhaulConnection': 'Wired', 'apMacAddress': '04:bf:6d:5e:26:85', 'parentMacAddress': '', 'apHNRole': '', 'radio': '5 GHz', 'apPrimMacAddress': '04:bf:6d:5e:26:87', 'parentSSID': None, 'apName': 'AP-SON-A-BRIDGE'}, {'apSSID': 'test', 'parentRadio': None, 'apId': '58f8bbe443c33c059f9dc661', 'ssidType': 'NORMAL', 'lockToHNGroup': False, 'backhaulConnection': 'Wired', 'apMacAddress': '04:bf:6d:5e:26:84', 'parentMacAddress': '', 'apHNRole': '', 'radio': '2.4 GHz', 'apPrimMacAddress': '04:bf:6d:5e:26:87', 'parentSSID': None, 'apName': 'AP-SON-A-BRIDGE'}]"
2019-03-07 15:45:01,,True,3c57e65b-1f27-4dfd-96fc-407c64fdc07b,e79bc95a-27da-4b20-b9a2-c7768bdeb848,MJ,0,[]
2019-03-07 15:45:01,,True,d3fa6246-33eb-4653-be98-3ae01b4d7ced,cc4bdb92-01ed-4acd-972a-f0faedc4344d,612,0,"[{'radio': '5 GHz', 'apPrimMacAddress': '04:bf:6d:5e:12:97', 'apId': '588a3fc043c33c0580231c7f', 'backhaulConnection': 'Wired', 'lockToHNGroup': False, 'parentSSID': None, 'apHNRole': '', 'apName': 'AP-SON-A', 'apMacAddress': '04:bf:6d:5e:12:95', 'ssidType': 'NORMAL', 'parentMacAddress': '', 'parentRadio': None, 'apSSID': 'SON VOWIFI'}]"
2019-03-07 15:45:01,Residence Phase 4,True,3d974bd2-d415-4f1a-88c1-8c9d88969d9c,1c8a4cf1-f730-4d39-86af-a4454c659e2f,Groupe ETS,0,[]
2019-03-07 15:45:01,,True,624b3fb6-e41f-483f-b763-e8e117c6f64a,cc7ae08e-dd05-4c89-8d74-d4bca0f7fd60,Francis R,0,"[{'radio': '2.4 GHz', 'apPrimMacAddress': '04:bf:6d:5e:12:9f', 'apId': '58878af043c33c0580231c61', 'backhaulConnection': 'Wired', 'lockToHNGroup': True, 'parentSSID': None, 'apHNRole': '', 'apName': 'AP SON Francis', 'apMacAddress': '04:bf:6d:5e:12:9c', 'ssidType': 'NORMAL', 'parentMacAddress': '', 'parentRadio': None, 'apSSID': 'SON'}, {'radio': '5 GHz', 'apPrimMacAddress': '04:bf:6d:5e:12:9f', 'apId': '58878af043c33c0580231c61', 'backhaulConnection': 'Wired', 'lockToHNGroup': True, 'parentSSID': None, 'apHNRole': '', 'apName': 'AP SON Francis', 'apMacAddress': '04:bf:6d:5e:12:9d', 'ssidType': 'NORMAL', 'parentMacAddress': '', 'parentRadio': None, 'apSSID': 'SON'}]"
2019-03-07 15:45:01,,True,6cb57c27-e491-4465-92b3-9d1deb4d951a,c40991a0-d887-401b-8174-bf3b2ab1ec11,Group Zyxel SON,0,"[{'radio': '5 GHz', 'apPrimMacAddress': '04:bf:6d:5e:26:87', 'apId': '58f8bbe443c33c059f9dc661', 'backhaulConnection': 'Wired', 'lockToHNGroup': False, 'parentSSID': None, 'apHNRole': '', 'apName': 'AP-SON-A-BRIDGE', 'apMacAddress': '04:bf:6d:5e:26:85', 'ssidType': 'NORMAL', 'parentMacAddress': '', 'parentRadio': None, 'apSSID': 'test'}, {'radio': '2.4 GHz', 'apPrimMacAddress': '04:bf:6d:5e:26:87', 'apId': '58f8bbe443c33c059f9dc661', 'backhaulConnection': 'Wired', 'lockToHNGroup': False, 'parentSSID': None, 'apHNRole': '', 'apName': 'AP-SON-A-BRIDGE', 'apMacAddress': '04:bf:6d:5e:26:84', 'ssidType': 'NORMAL', 'parentMacAddress': '', 'parentRadio': None, 'apSSID': 'test'}]"
2019-03-07 16:45:01,,True,3c57e65b-1f27-4dfd-96fc-407c64fdc07b,e79bc95a-27da-4b20-b9a2-c7768bdeb848,MJ,0,[]
2019-03-07 16:45:01,,True,d3fa6246-33eb-4653-be98-3ae01b4d7ced,cc4bdb92-01ed-4acd-972a-f0faedc4344d,612,0,"[{'apSSID': 'SON VOWIFI', 'parentRadio': None, 'apName': 'AP-SON-A', 'apPrimMacAddress': '04:bf:6d:5e:12:97', 'parentMacAddress': '', 'apId': '588a3fc043c33c0580231c7f', 'lockToHNGroup': False, 'backhaulConnection': 'Wired', 'apHNRole': '', 'radio': '5 GHz', 'ssidType': 'NORMAL', 'apMacAddress': '04:bf:6d:5e:12:95', 'parentSSID': None}]"
2019-03-07 16:45:01,Residence Phase 4,True,3d974bd2-d415-4f1a-88c1-8c9d88969d9c,1c8a4cf1-f730-4d39-86af-a4454c659e2f,Groupe ETS,0,[]
2019-03-07 16:45:01,,True,624b3fb6-e41f-483f-b763-e8e117c6f64a,cc7ae08e-dd05-4c89-8d74-d4bca0f7fd60,Francis R,0,"[{'apSSID': 'SON', 'parentRadio': None, 'apName': 'AP SON Francis', 'apPrimMacAddress': '04:bf:6d:5e:12:9f', 'parentMacAddress': '', 'apId': '58878af043c33c0580231c61', 'lockToHNGroup': True, 'backhaulConnection': 'Wired', 'apHNRole': '', 'radio': '2.4 GHz', 'ssidType': 'NORMAL', 'apMacAddress': '04:bf:6d:5e:12:9c', 'parentSSID': None}, {'apSSID': 'SON', 'parentRadio': None, 'apName': 'AP SON Francis', 'apPrimMacAddress': '04:bf:6d:5e:12:9f', 'parentMacAddress': '', 'apId': '58878af043c33c0580231c61', 'lockToHNGroup': True, 'backhaulConnection': 'Wired', 'apHNRole': '', 'radio': '5 GHz', 'ssidType': 'NORMAL', 'apMacAddress': '04:bf:6d:5e:12:9d', 'parentSSID': None}]"
2019-03-07 16:45:01,,True,6cb57c27-e491-4465-92b3-9d1deb4d951a,c40991a0-d887-401b-8174-bf3b2ab1ec11,Group Zyxel SON,0,"[{'apSSID': 'test', 'parentRadio': None, 'apName': 'AP-SON-A-BRIDGE', 'apPrimMacAddress': '04:bf:6d:5e:26:87', 'parentMacAddress': '', 'apId': '58f8bbe443c33c059f9dc661', 'lockToHNGroup': False, 'backhaulConnection': 'Wired', 'apHNRole': '', 'radio': '5 GHz', 'ssidType': 'NORMAL', 'apMacAddress': '04:bf:6d:5e:26:85', 'parentSSID': None}, {'apSSID': 'test', 'parentRadio': None, 'apName': 'AP-SON-A-BRIDGE', 'apPrimMacAddress': '04:bf:6d:5e:26:87', 'parentMacAddress': '', 'apId': '58f8bbe443c33c059f9dc661', 'lockToHNGroup': False, 'backhaulConnection': 'Wired', 'apHNRole': '', 'radio': '2.4 GHz', 'ssidType': 'NORMAL', 'apMacAddress': '04:bf:6d:5e:26:84', 'parentSSID': None}]"
2019-03-07 17:45:02,,True,3c57e65b-1f27-4dfd-96fc-407c64fdc07b,e79bc95a-27da-4b20-b9a2-c7768bdeb848,MJ,0,[]
2019-03-07 17:45:02,,True,d3fa6246-33eb-4653-be98-3ae01b4d7ced,cc4bdb92-01ed-4acd-972a-f0faedc4344d,612,0,"[{'apSSID': 'SON VOWIFI', 'apPrimMacAddress': '04:bf:6d:5e:12:97', 'parentMacAddress': '', 'parentSSID': None, 'radio': '5 GHz', 'apMacAddress': '04:bf:6d:5e:12:95', 'ssidType': 'NORMAL', 'apName': 'AP-SON-A', 'lockToHNGroup': False, 'apId': '588a3fc043c33c0580231c7f', 'apHNRole': '', 'backhaulConnection': 'Wired', 'parentRadio': None}]"
2019-03-07 17:45:02,Residence Phase 4,True,3d974bd2-d415-4f1a-88c1-8c9d88969d9c,1c8a4cf1-f730-4d39-86af-a4454c659e2f,Groupe ETS,0,[]
2019-03-07 17:45:02,,True,624b3fb6-e41f-483f-b763-e8e117c6f64a,cc7ae08e-dd05-4c89-8d74-d4bca0f7fd60,Francis R,0,"[{'apSSID': 'SON', 'apPrimMacAddress': '04:bf:6d:5e:12:9f', 'parentMacAddress': '', 'parentSSID': None, 'radio': '2.4 GHz', 'apMacAddress': '04:bf:6d:5e:12:9c', 'ssidType': 'NORMAL', 'apName': 'AP SON Francis', 'lockToHNGroup': True, 'apId': '58878af043c33c0580231c61', 'apHNRole': '', 'backhaulConnection': 'Wired', 'parentRadio': None}, {'apSSID': 'SON', 'apPrimMacAddress': '04:bf:6d:5e:12:9f', 'parentMacAddress': '', 'parentSSID': None, 'radio': '5 GHz', 'apMacAddress': '04:bf:6d:5e:12:9d', 'ssidType': 'NORMAL', 'apName': 'AP SON Francis', 'lockToHNGroup': True, 'apId': '58878af043c33c0580231c61', 'apHNRole': '', 'backhaulConnection': 'Wired', 'parentRadio': None}]"
2019-03-07 17:45:02,,True,6cb57c27-e491-4465-92b3-9d1deb4d951a,c40991a0-d887-401b-8174-bf3b2ab1ec11,Group Zyxel SON,0,"[{'apSSID': 'test', 'apPrimMacAddress': '04:bf:6d:5e:26:87', 'parentMacAddress': '', 'parentSSID': None, 'radio': '5 GHz', 'apMacAddress': '04:bf:6d:5e:26:85', 'ssidType': 'NORMAL', 'apName': 'AP-SON-A-BRIDGE', 'lockToHNGroup': False, 'apId': '58f8bbe443c33c059f9dc661', 'apHNRole': '', 'backhaulConnection': 'Wired', 'parentRadio': None}, {'apSSID': 'test', 'apPrimMacAddress': '04:bf:6d:5e:26:87', 'parentMacAddress': '', 'parentSSID': None, 'radio': '2.4 GHz', 'apMacAddress': '04:bf:6d:5e:26:84', 'ssidType': 'NORMAL', 'apName': 'AP-SON-A-BRIDGE', 'lockToHNGroup': False, 'apId': '58f8bbe443c33c059f9dc661', 'apHNRole': '', 'backhaulConnection': 'Wired', 'parentRadio': None}]"
2019-03-07 18:45:02,,True,3c57e65b-1f27-4dfd-96fc-407c64fdc07b,e79bc95a-27da-4b20-b9a2-c7768bdeb848,MJ,0,[]
2019-03-07 18:45:02,,True,d3fa6246-33eb-4653-be98-3ae01b4d7ced,cc4bdb92-01ed-4acd-972a-f0faedc4344d,612,0,"[{'apSSID': 'SON VOWIFI', 'radio': '5 GHz', 'lockToHNGroup': False, 'apId': '588a3fc043c33c0580231c7f', 'ssidType': 'NORMAL', 'apHNRole': '', 'apMacAddress': '04:bf:6d:5e:12:95', 'backhaulConnection': 'Wired', 'parentSSID': None, 'apName': 'AP-SON-A', 'apPrimMacAddress': '04:bf:6d:5e:12:97', 'parentRadio': None, 'parentMacAddress': ''}]"
2019-03-07 18:45:02,Residence Phase 4,True,3d974bd2-d415-4f1a-88c1-8c9d88969d9c,1c8a4cf1-f730-4d39-86af-a4454c659e2f,Groupe ETS,0,[]
2019-03-07 18:45:02,,True,624b3fb6-e41f-483f-b763-e8e117c6f64a,cc7ae08e-dd05-4c89-8d74-d4bca0f7fd60,Francis R,0,"[{'apSSID': 'SON', 'radio': '2.4 GHz', 'lockToHNGroup': True, 'apId': '58878af043c33c0580231c61', 'ssidType': 'NORMAL', 'apHNRole': '', 'apMacAddress': '04:bf:6d:5e:12:9c', 'backhaulConnection': 'Wired', 'parentSSID': None, 'apName': 'AP SON Francis', 'apPrimMacAddress': '04:bf:6d:5e:12:9f', 'parentRadio': None, 'parentMacAddress': ''}, {'apSSID': 'SON', 'radio': '5 GHz', 'lockToHNGroup': True, 'apId': '58878af043c33c0580231c61', 'ssidType': 'NORMAL', 'apHNRole': '', 'apMacAddress': '04:bf:6d:5e:12:9d', 'backhaulConnection': 'Wired', 'parentSSID': None, 'apName': 'AP SON Francis', 'apPrimMacAddress': '04:bf:6d:5e:12:9f', 'parentRadio': None, 'parentMacAddress': ''}]"
2019-03-07 18:45:02,,True,6cb57c27-e491-4465-92b3-9d1deb4d951a,c40991a0-d887-401b-8174-bf3b2ab1ec11,Group Zyxel SON,0,"[{'apSSID': 'test', 'radio': '5 GHz', 'lockToHNGroup': False, 'apId': '58f8bbe443c33c059f9dc661', 'ssidType': 'NORMAL', 'apHNRole': '', 'apMacAddress': '04:bf:6d:5e:26:85', 'backhaulConnection': 'Wired', 'parentSSID': None, 'apName': 'AP-SON-A-BRIDGE', 'apPrimMacAddress': '04:bf:6d:5e:26:87', 'parentRadio': None, 'parentMacAddress': ''}, {'apSSID': 'test', 'radio': '2.4 GHz', 'lockToHNGroup': False, 'apId': '58f8bbe443c33c059f9dc661', 'ssidType': 'NORMAL', 'apHNRole': '', 'apMacAddress': '04:bf:6d:5e:26:84', 'backhaulConnection': 'Wired', 'parentSSID': None, 'apName': 'AP-SON-A-BRIDGE', 'apPrimMacAddress': '04:bf:6d:5e:26:87', 'parentRadio': None, 'parentMacAddress': ''}]"
2019-03-07 19:45:02,,True,3c57e65b-1f27-4dfd-96fc-407c64fdc07b,e79bc95a-27da-4b20-b9a2-c7768bdeb848,MJ,0,[]
2019-03-07 19:45:02,,True,d3fa6246-33eb-4653-be98-3ae01b4d7ced,cc4bdb92-01ed-4acd-972a-f0faedc4344d,612,0,"[{'backhaulConnection': 'Wired', 'parentSSID': None, 'apPrimMacAddress': '04:bf:6d:5e:12:97', 'lockToHNGroup': False, 'apId': '588a3fc043c33c0580231c7f', 'parentRadio': None, 'parentMacAddress': '', 'apMacAddress': '04:bf:6d:5e:12:95', 'apName': 'AP-SON-A', 'apSSID': 'SON VOWIFI', 'ssidType': 'NORMAL', 'radio': '5 GHz', 'apHNRole': ''}]"
2019-03-07 19:45:02,Residence Phase 4,True,3d974bd2-d415-4f1a-88c1-8c9d88969d9c,1c8a4cf1-f730-4d39-86af-a4454c659e2f,Groupe ETS,0,[]
2019-03-07 19:45:02,,True,624b3fb6-e41f-483f-b763-e8e117c6f64a,cc7ae08e-dd05-4c89-8d74-d4bca0f7fd60,Francis R,0,"[{'backhaulConnection': 'Wired', 'parentSSID': None, 'apPrimMacAddress': '04:bf:6d:5e:12:9f', 'lockToHNGroup': True, 'apId': '58878af043c33c0580231c61', 'parentRadio': None, 'parentMacAddress': '', 'apMacAddress': '04:bf:6d:5e:12:9c', 'apName': 'AP SON Francis', 'apSSID': 'SON', 'ssidType': 'NORMAL', 'radio': '2.4 GHz', 'apHNRole': ''}, {'backhaulConnection': 'Wired', 'parentSSID': None, 'apPrimMacAddress': '04:bf:6d:5e:12:9f', 'lockToHNGroup': True, 'apId': '58878af043c33c0580231c61', 'parentRadio': None, 'parentMacAddress': '', 'apMacAddress': '04:bf:6d:5e:12:9d', 'apName': 'AP SON Francis', 'apSSID': 'SON', 'ssidType': 'NORMAL', 'radio': '5 GHz', 'apHNRole': ''}]"
2019-03-07 19:45:02,,True,6cb57c27-e491-4465-92b3-9d1deb4d951a,c40991a0-d887-401b-8174-bf3b2ab1ec11,Group Zyxel SON,0,"[{'backhaulConnection': 'Wired', 'parentSSID': None, 'apPrimMacAddress': '04:bf:6d:5e:26:87', 'lockToHNGroup': False, 'apId': '58f8bbe443c33c059f9dc661', 'parentRadio': None, 'parentMacAddress': '', 'apMacAddress': '04:bf:6d:5e:26:85', 'apName': 'AP-SON-A-BRIDGE', 'apSSID': 'test', 'ssidType': 'NORMAL', 'radio': '5 GHz', 'apHNRole': ''}, {'backhaulConnection': 'Wired', 'parentSSID': None, 'apPrimMacAddress': '04:bf:6d:5e:26:87', 'lockToHNGroup': False, 'apId': '58f8bbe443c33c059f9dc661', 'parentRadio': None, 'parentMacAddress': '', 'apMacAddress': '04:bf:6d:5e:26:84', 'apName': 'AP-SON-A-BRIDGE', 'apSSID': 'test', 'ssidType': 'NORMAL', 'radio': '2.4 GHz', 'apHNRole': ''}]"
2019-03-07 20:45:02,,True,3c57e65b-1f27-4dfd-96fc-407c64fdc07b,e79bc95a-27da-4b20-b9a2-c7768bdeb848,MJ,0,[]
2019-03-07 20:45:02,,True,d3fa6246-33eb-4653-be98-3ae01b4d7ced,cc4bdb92-01ed-4acd-972a-f0faedc4344d,612,0,"[{'apMacAddress': '04:bf:6d:5e:12:95', 'apHNRole': '', 'apPrimMacAddress': '04:bf:6d:5e:12:97', 'apName': 'AP-SON-A', 'parentMacAddress': '', 'parentSSID': None, 'apId': '588a3fc043c33c0580231c7f', 'lockToHNGroup': False, 'radio': '5 GHz', 'apSSID': 'SON VOWIFI', 'backhaulConnection': 'Wired', 'parentRadio': None, 'ssidType': 'NORMAL'}]"
2019-03-07 20:45:02,Residence Phase 4,True,3d974bd2-d415-4f1a-88c1-8c9d88969d9c,1c8a4cf1-f730-4d39-86af-a4454c659e2f,Groupe ETS,0,[]
2019-03-07 20:45:02,,True,624b3fb6-e41f-483f-b763-e8e117c6f64a,cc7ae08e-dd05-4c89-8d74-d4bca0f7fd60,Francis R,0,"[{'apMacAddress': '04:bf:6d:5e:12:9c', 'apHNRole': '', 'apPrimMacAddress': '04:bf:6d:5e:12:9f', 'apName': 'AP SON Francis', 'parentMacAddress': '', 'parentSSID': None, 'apId': '58878af043c33c0580231c61', 'lockToHNGroup': True, 'radio': '2.4 GHz', 'apSSID': 'SON', 'backhaulConnection': 'Wired', 'parentRadio': None, 'ssidType': 'NORMAL'}, {'apMacAddress': '04:bf:6d:5e:12:9d', 'apHNRole': '', 'apPrimMacAddress': '04:bf:6d:5e:12:9f', 'apName': 'AP SON Francis', 'parentMacAddress': '', 'parentSSID': None, 'apId': '58878af043c33c0580231c61', 'lockToHNGroup': True, 'radio': '5 GHz', 'apSSID': 'SON', 'backhaulConnection': 'Wired', 'parentRadio': None, 'ssidType': 'NORMAL'}]"
2019-03-07 20:45:02,,True,6cb57c27-e491-4465-92b3-9d1deb4d951a,c40991a0-d887-401b-8174-bf3b2ab1ec11,Group Zyxel SON,0,"[{'apMacAddress': '04:bf:6d:5e:26:85', 'apHNRole': '', 'apPrimMacAddress': '04:bf:6d:5e:26:87', 'apName': 'AP-SON-A-BRIDGE', 'parentMacAddress': '', 'parentSSID': None, 'apId': '58f8bbe443c33c059f9dc661', 'lockToHNGroup': False, 'radio': '5 GHz', 'apSSID': 'test', 'backhaulConnection': 'Wired', 'parentRadio': None, 'ssidType': 'NORMAL'}, {'apMacAddress': '04:bf:6d:5e:26:84', 'apHNRole': '', 'apPrimMacAddress': '04:bf:6d:5e:26:87', 'apName': 'AP-SON-A-BRIDGE', 'parentMacAddress': '', 'parentSSID': None, 'apId': '58f8bbe443c33c059f9dc661', 'lockToHNGroup': False, 'radio': '2.4 GHz', 'apSSID': 'test', 'backhaulConnection': 'Wired', 'parentRadio': None, 'ssidType': 'NORMAL'}]"
2019-03-07 21:45:02,,True,3c57e65b-1f27-4dfd-96fc-407c64fdc07b,e79bc95a-27da-4b20-b9a2-c7768bdeb848,MJ,0,[]
2019-03-07 21:45:02,,True,d3fa6246-33eb-4653-be98-3ae01b4d7ced,cc4bdb92-01ed-4acd-972a-f0faedc4344d,612,0,"[{'apHNRole': '', 'apId': '588a3fc043c33c0580231c7f', 'parentRadio': None, 'backhaulConnection': 'Wired', 'apName': 'AP-SON-A', 'apPrimMacAddress': '04:bf:6d:5e:12:97', 'lockToHNGroup': False, 'parentMacAddress': '', 'apSSID': 'SON VOWIFI', 'apMacAddress': '04:bf:6d:5e:12:95', 'radio': '5 GHz', 'ssidType': 'NORMAL', 'parentSSID': None}]"
2019-03-07 21:45:02,Residence Phase 4,True,3d974bd2-d415-4f1a-88c1-8c9d88969d9c,1c8a4cf1-f730-4d39-86af-a4454c659e2f,Groupe ETS,0,[]
2019-03-07 21:45:02,,True,624b3fb6-e41f-483f-b763-e8e117c6f64a,cc7ae08e-dd05-4c89-8d74-d4bca0f7fd60,Francis R,0,"[{'apHNRole': '', 'apId': '58878af043c33c0580231c61', 'parentRadio': None, 'backhaulConnection': 'Wired', 'apName': 'AP SON Francis', 'apPrimMacAddress': '04:bf:6d:5e:12:9f', 'lockToHNGroup': True, 'parentMacAddress': '', 'apSSID': 'SON', 'apMacAddress': '04:bf:6d:5e:12:9c', 'radio': '2.4 GHz', 'ssidType': 'NORMAL', 'parentSSID': None}, {'apHNRole': '', 'apId': '58878af043c33c0580231c61', 'parentRadio': None, 'backhaulConnection': 'Wired', 'apName': 'AP SON Francis', 'apPrimMacAddress': '04:bf:6d:5e:12:9f', 'lockToHNGroup': True, 'parentMacAddress': '', 'apSSID': 'SON', 'apMacAddress': '04:bf:6d:5e:12:9d', 'radio': '5 GHz', 'ssidType': 'NORMAL', 'parentSSID': None}]"
2019-03-07 21:45:02,,True,6cb57c27-e491-4465-92b3-9d1deb4d951a,c40991a0-d887-401b-8174-bf3b2ab1ec11,Group Zyxel SON,0,"[{'apHNRole': '', 'apId': '58f8bbe443c33c059f9dc661', 'parentRadio': None, 'backhaulConnection': 'Wired', 'apName': 'AP-SON-A-BRIDGE', 'apPrimMacAddress': '04:bf:6d:5e:26:87', 'lockToHNGroup': False, 'parentMacAddress': '', 'apSSID': 'test', 'apMacAddress': '04:bf:6d:5e:26:85', 'radio': '5 GHz', 'ssidType': 'NORMAL', 'parentSSID': None}, {'apHNRole': '', 'apId': '58f8bbe443c33c059f9dc661', 'parentRadio': None, 'backhaulConnection': 'Wired', 'apName': 'AP-SON-A-BRIDGE', 'apPrimMacAddress': '04:bf:6d:5e:26:87', 'lockToHNGroup': False, 'parentMacAddress': '', 'apSSID': 'test', 'apMacAddress': '04:bf:6d:5e:26:84', 'radio': '2.4 GHz', 'ssidType': 'NORMAL', 'parentSSID': None}]"
2019-03-07 22:45:02,,True,3c57e65b-1f27-4dfd-96fc-407c64fdc07b,e79bc95a-27da-4b20-b9a2-c7768bdeb848,MJ,0,[]
2019-03-07 22:45:02,,True,d3fa6246-33eb-4653-be98-3ae01b4d7ced,cc4bdb92-01ed-4acd-972a-f0faedc4344d,612,0,"[{'apName': 'AP-SON-A', 'apMacAddress': '04:bf:6d:5e:12:95', 'radio': '5 GHz', 'apId': '588a3fc043c33c0580231c7f', 'backhaulConnection': 'Wired', 'parentMacAddress': '', 'lockToHNGroup': False, 'apPrimMacAddress': '04:bf:6d:5e:12:97', 'parentSSID': None, 'apSSID': 'SON VOWIFI', 'apHNRole': '', 'parentRadio': None, 'ssidType': 'NORMAL'}]"
2019-03-07 22:45:02,Residence Phase 4,True,3d974bd2-d415-4f1a-88c1-8c9d88969d9c,1c8a4cf1-f730-4d39-86af-a4454c659e2f,Groupe ETS,0,[]
2019-03-07 22:45:02,,True,624b3fb6-e41f-483f-b763-e8e117c6f64a,cc7ae08e-dd05-4c89-8d74-d4bca0f7fd60,Francis R,0,"[{'apName': 'AP SON Francis', 'apMacAddress': '04:bf:6d:5e:12:9c', 'radio': '2.4 GHz', 'apId': '58878af043c33c0580231c61', 'backhaulConnection': 'Wired', 'parentMacAddress': '', 'lockToHNGroup': True, 'apPrimMacAddress': '04:bf:6d:5e:12:9f', 'parentSSID': None, 'apSSID': 'SON', 'apHNRole': '', 'parentRadio': None, 'ssidType': 'NORMAL'}, {'apName': 'AP SON Francis', 'apMacAddress': '04:bf:6d:5e:12:9d', 'radio': '5 GHz', 'apId': '58878af043c33c0580231c61', 'backhaulConnection': 'Wired', 'parentMacAddress': '', 'lockToHNGroup': True, 'apPrimMacAddress': '04:bf:6d:5e:12:9f', 'parentSSID': None, 'apSSID': 'SON', 'apHNRole': '', 'parentRadio': None, 'ssidType': 'NORMAL'}]"
2019-03-07 22:45:02,,True,6cb57c27-e491-4465-92b3-9d1deb4d951a,c40991a0-d887-401b-8174-bf3b2ab1ec11,Group Zyxel SON,0,"[{'apName': 'AP-SON-A-BRIDGE', 'apMacAddress': '04:bf:6d:5e:26:85', 'radio': '5 GHz', 'apId': '58f8bbe443c33c059f9dc661', 'backhaulConnection': 'Wired', 'parentMacAddress': '', 'lockToHNGroup': False, 'apPrimMacAddress': '04:bf:6d:5e:26:87', 'parentSSID': None, 'apSSID': 'test', 'apHNRole': '', 'parentRadio': None, 'ssidType': 'NORMAL'}, {'apName': 'AP-SON-A-BRIDGE', 'apMacAddress': '04:bf:6d:5e:26:84', 'radio': '2.4 GHz', 'apId': '58f8bbe443c33c059f9dc661', 'backhaulConnection': 'Wired', 'parentMacAddress': '', 'lockToHNGroup': False, 'apPrimMacAddress': '04:bf:6d:5e:26:87', 'parentSSID': None, 'apSSID': 'test', 'apHNRole': '', 'parentRadio': None, 'ssidType': 'NORMAL'}]"
2019-03-07 23:45:01,,True,3c57e65b-1f27-4dfd-96fc-407c64fdc07b,e79bc95a-27da-4b20-b9a2-c7768bdeb848,MJ,0,[]
2019-03-07 23:45:01,,True,d3fa6246-33eb-4653-be98-3ae01b4d7ced,cc4bdb92-01ed-4acd-972a-f0faedc4344d,612,0,"[{'ssidType': 'NORMAL', 'apHNRole': '', 'apMacAddress': '04:bf:6d:5e:12:95', 'parentRadio': None, 'backhaulConnection': 'Wired', 'parentMacAddress': '', 'parentSSID': None, 'apSSID': 'SON VOWIFI', 'apName': 'AP-SON-A', 'lockToHNGroup': False, 'apPrimMacAddress': '04:bf:6d:5e:12:97', 'radio': '5 GHz', 'apId': '588a3fc043c33c0580231c7f'}]"
2019-03-07 23:45:01,Residence Phase 4,True,3d974bd2-d415-4f1a-88c1-8c9d88969d9c,1c8a4cf1-f730-4d39-86af-a4454c659e2f,Groupe ETS,0,[]
2019-03-07 23:45:01,,True,624b3fb6-e41f-483f-b763-e8e117c6f64a,cc7ae08e-dd05-4c89-8d74-d4bca0f7fd60,Francis R,0,"[{'ssidType': 'NORMAL', 'apHNRole': '', 'apMacAddress': '04:bf:6d:5e:12:9c', 'parentRadio': None, 'backhaulConnection': 'Wired', 'parentMacAddress': '', 'parentSSID': None, 'apSSID': 'SON', 'apName': 'AP SON Francis', 'lockToHNGroup': True, 'apPrimMacAddress': '04:bf:6d:5e:12:9f', 'radio': '2.4 GHz', 'apId': '58878af043c33c0580231c61'}, {'ssidType': 'NORMAL', 'apHNRole': '', 'apMacAddress': '04:bf:6d:5e:12:9d', 'parentRadio': None, 'backhaulConnection': 'Wired', 'parentMacAddress': '', 'parentSSID': None, 'apSSID': 'SON', 'apName': 'AP SON Francis', 'lockToHNGroup': True, 'apPrimMacAddress': '04:bf:6d:5e:12:9f', 'radio': '5 GHz', 'apId': '58878af043c33c0580231c61'}]"
2019-03-07 23:45:01,,True,6cb57c27-e491-4465-92b3-9d1deb4d951a,c40991a0-d887-401b-8174-bf3b2ab1ec11,Group Zyxel SON,0,"[{'ssidType': 'NORMAL', 'apHNRole': '', 'apMacAddress': '04:bf:6d:5e:26:85', 'parentRadio': None, 'backhaulConnection': 'Wired', 'parentMacAddress': '', 'parentSSID': None, 'apSSID': 'test', 'apName': 'AP-SON-A-BRIDGE', 'lockToHNGroup': False, 'apPrimMacAddress': '04:bf:6d:5e:26:87', 'radio': '5 GHz', 'apId': '58f8bbe443c33c059f9dc661'}, {'ssidType': 'NORMAL', 'apHNRole': '', 'apMacAddress': '04:bf:6d:5e:26:84', 'parentRadio': None, 'backhaulConnection': 'Wired', 'parentMacAddress': '', 'parentSSID': None, 'apSSID': 'test', 'apName': 'AP-SON-A-BRIDGE', 'lockToHNGroup': False, 'apPrimMacAddress': '04:bf:6d:5e:26:87', 'radio': '2.4 GHz', 'apId': '58f8bbe443c33c059f9dc661'}]"
