dateTime,countryCode,enabled,id,name,ssidList2pt4GHz,ssidList5GHz
2019-03-07 00:45:02,CA,True,3c57e65b-1f27-4dfd-96fc-407c64fdc07b,Profile Maison MJ,[''],['']
2019-03-07 00:45:02,CA,True,d3fa6246-33eb-4653-be98-3ae01b4d7ced,Profile 612,[''],['']
2019-03-07 00:45:02,CA,True,3d974bd2-d415-4f1a-88c1-8c9d88969d9c,Profile ETS,[''],['']
2019-03-07 00:45:02,CA,True,624b3fb6-e41f-483f-b763-e8e117c6f64a,Profile Francis,[''],['']
2019-03-07 00:45:02,CA,True,6cb57c27-e491-4465-92b3-9d1deb4d951a,Profile Zyxel_SON_Test,[''],['']
2019-03-07 01:45:02,CA,True,3c57e65b-1f27-4dfd-96fc-407c64fdc07b,Profile Maison MJ,[''],['']
2019-03-07 01:45:02,CA,True,d3fa6246-33eb-4653-be98-3ae01b4d7ced,Profile 612,[''],['']
2019-03-07 01:45:02,CA,True,3d974bd2-d415-4f1a-88c1-8c9d88969d9c,Profile ETS,[''],['']
2019-03-07 01:45:02,CA,True,624b3fb6-e41f-483f-b763-e8e117c6f64a,Profile Francis,[''],['']
2019-03-07 01:45:02,CA,True,6cb57c27-e491-4465-92b3-9d1deb4d951a,Profile Zyxel_SON_Test,[''],['']
2019-03-07 02:45:02,CA,True,3c57e65b-1f27-4dfd-96fc-407c64fdc07b,Profile Maison MJ,[''],['']
2019-03-07 02:45:02,CA,True,d3fa6246-33eb-4653-be98-3ae01b4d7ced,Profile 612,[''],['']
2019-03-07 02:45:02,CA,True,3d974bd2-d415-4f1a-88c1-8c9d88969d9c,Profile ETS,[''],['']
2019-03-07 02:45:02,CA,True,624b3fb6-e41f-483f-b763-e8e117c6f64a,Profile Francis,[''],['']
2019-03-07 02:45:02,CA,True,6cb57c27-e491-4465-92b3-9d1deb4d951a,Profile Zyxel_SON_Test,[''],['']
2019-03-07 03:45:01,CA,True,3c57e65b-1f27-4dfd-96fc-407c64fdc07b,Profile Maison MJ,[''],['']
2019-03-07 03:45:01,CA,True,d3fa6246-33eb-4653-be98-3ae01b4d7ced,Profile 612,[''],['']
2019-03-07 03:45:01,CA,True,3d974bd2-d415-4f1a-88c1-8c9d88969d9c,Profile ETS,[''],['']
2019-03-07 03:45:01,CA,True,624b3fb6-e41f-483f-b763-e8e117c6f64a,Profile Francis,[''],['']
2019-03-07 03:45:01,CA,True,6cb57c27-e491-4465-92b3-9d1deb4d951a,Profile Zyxel_SON_Test,[''],['']
2019-03-07 04:45:02,CA,True,3c57e65b-1f27-4dfd-96fc-407c64fdc07b,Profile Maison MJ,[''],['']
2019-03-07 04:45:02,CA,True,d3fa6246-33eb-4653-be98-3ae01b4d7ced,Profile 612,[''],['']
2019-03-07 04:45:02,CA,True,3d974bd2-d415-4f1a-88c1-8c9d88969d9c,Profile ETS,[''],['']
2019-03-07 04:45:02,CA,True,624b3fb6-e41f-483f-b763-e8e117c6f64a,Profile Francis,[''],['']
2019-03-07 04:45:02,CA,True,6cb57c27-e491-4465-92b3-9d1deb4d951a,Profile Zyxel_SON_Test,[''],['']
2019-03-07 05:45:01,CA,True,3c57e65b-1f27-4dfd-96fc-407c64fdc07b,Profile Maison MJ,[''],['']
2019-03-07 05:45:01,CA,True,d3fa6246-33eb-4653-be98-3ae01b4d7ced,Profile 612,[''],['']
2019-03-07 05:45:01,CA,True,3d974bd2-d415-4f1a-88c1-8c9d88969d9c,Profile ETS,[''],['']
2019-03-07 05:45:01,CA,True,624b3fb6-e41f-483f-b763-e8e117c6f64a,Profile Francis,[''],['']
2019-03-07 05:45:01,CA,True,6cb57c27-e491-4465-92b3-9d1deb4d951a,Profile Zyxel_SON_Test,[''],['']
2019-03-07 06:45:02,CA,True,3c57e65b-1f27-4dfd-96fc-407c64fdc07b,Profile Maison MJ,[''],['']
2019-03-07 06:45:02,CA,True,d3fa6246-33eb-4653-be98-3ae01b4d7ced,Profile 612,[''],['']
2019-03-07 06:45:02,CA,True,3d974bd2-d415-4f1a-88c1-8c9d88969d9c,Profile ETS,[''],['']
2019-03-07 06:45:02,CA,True,624b3fb6-e41f-483f-b763-e8e117c6f64a,Profile Francis,[''],['']
2019-03-07 06:45:02,CA,True,6cb57c27-e491-4465-92b3-9d1deb4d951a,Profile Zyxel_SON_Test,[''],['']
2019-03-07 07:45:01,CA,True,3c57e65b-1f27-4dfd-96fc-407c64fdc07b,Profile Maison MJ,[''],['']
2019-03-07 07:45:01,CA,True,d3fa6246-33eb-4653-be98-3ae01b4d7ced,Profile 612,[''],['']
2019-03-07 07:45:01,CA,True,3d974bd2-d415-4f1a-88c1-8c9d88969d9c,Profile ETS,[''],['']
2019-03-07 07:45:01,CA,True,624b3fb6-e41f-483f-b763-e8e117c6f64a,Profile Francis,[''],['']
2019-03-07 07:45:01,CA,True,6cb57c27-e491-4465-92b3-9d1deb4d951a,Profile Zyxel_SON_Test,[''],['']
2019-03-07 08:45:02,CA,True,3c57e65b-1f27-4dfd-96fc-407c64fdc07b,Profile Maison MJ,[''],['']
2019-03-07 08:45:02,CA,True,d3fa6246-33eb-4653-be98-3ae01b4d7ced,Profile 612,[''],['']
2019-03-07 08:45:02,CA,True,3d974bd2-d415-4f1a-88c1-8c9d88969d9c,Profile ETS,[''],['']
2019-03-07 08:45:02,CA,True,624b3fb6-e41f-483f-b763-e8e117c6f64a,Profile Francis,[''],['']
2019-03-07 08:45:02,CA,True,6cb57c27-e491-4465-92b3-9d1deb4d951a,Profile Zyxel_SON_Test,[''],['']
2019-03-07 09:45:02,CA,True,3c57e65b-1f27-4dfd-96fc-407c64fdc07b,Profile Maison MJ,[''],['']
2019-03-07 09:45:02,CA,True,d3fa6246-33eb-4653-be98-3ae01b4d7ced,Profile 612,[''],['']
2019-03-07 09:45:02,CA,True,3d974bd2-d415-4f1a-88c1-8c9d88969d9c,Profile ETS,[''],['']
2019-03-07 09:45:02,CA,True,624b3fb6-e41f-483f-b763-e8e117c6f64a,Profile Francis,[''],['']
2019-03-07 09:45:02,CA,True,6cb57c27-e491-4465-92b3-9d1deb4d951a,Profile Zyxel_SON_Test,[''],['']
2019-03-07 10:45:01,CA,True,3c57e65b-1f27-4dfd-96fc-407c64fdc07b,Profile Maison MJ,[''],['']
2019-03-07 10:45:01,CA,True,d3fa6246-33eb-4653-be98-3ae01b4d7ced,Profile 612,[''],['']
2019-03-07 10:45:01,CA,True,3d974bd2-d415-4f1a-88c1-8c9d88969d9c,Profile ETS,[''],['']
2019-03-07 10:45:01,CA,True,624b3fb6-e41f-483f-b763-e8e117c6f64a,Profile Francis,[''],['']
2019-03-07 10:45:01,CA,True,6cb57c27-e491-4465-92b3-9d1deb4d951a,Profile Zyxel_SON_Test,[''],['']
2019-03-07 11:45:01,CA,True,3c57e65b-1f27-4dfd-96fc-407c64fdc07b,Profile Maison MJ,[''],['']
2019-03-07 11:45:01,CA,True,d3fa6246-33eb-4653-be98-3ae01b4d7ced,Profile 612,[''],['']
2019-03-07 11:45:01,CA,True,3d974bd2-d415-4f1a-88c1-8c9d88969d9c,Profile ETS,[''],['']
2019-03-07 11:45:01,CA,True,624b3fb6-e41f-483f-b763-e8e117c6f64a,Profile Francis,[''],['']
2019-03-07 11:45:01,CA,True,6cb57c27-e491-4465-92b3-9d1deb4d951a,Profile Zyxel_SON_Test,[''],['']
2019-03-07 12:45:02,CA,True,3c57e65b-1f27-4dfd-96fc-407c64fdc07b,Profile Maison MJ,[''],['']
2019-03-07 12:45:02,CA,True,d3fa6246-33eb-4653-be98-3ae01b4d7ced,Profile 612,[''],['']
2019-03-07 12:45:02,CA,True,3d974bd2-d415-4f1a-88c1-8c9d88969d9c,Profile ETS,[''],['']
2019-03-07 12:45:02,CA,True,624b3fb6-e41f-483f-b763-e8e117c6f64a,Profile Francis,[''],['']
2019-03-07 12:45:02,CA,True,6cb57c27-e491-4465-92b3-9d1deb4d951a,Profile Zyxel_SON_Test,[''],['']
2019-03-07 13:45:01,CA,True,3c57e65b-1f27-4dfd-96fc-407c64fdc07b,Profile Maison MJ,[''],['']
2019-03-07 13:45:01,CA,True,d3fa6246-33eb-4653-be98-3ae01b4d7ced,Profile 612,[''],['']
2019-03-07 13:45:01,CA,True,3d974bd2-d415-4f1a-88c1-8c9d88969d9c,Profile ETS,[''],['']
2019-03-07 13:45:01,CA,True,624b3fb6-e41f-483f-b763-e8e117c6f64a,Profile Francis,[''],['']
2019-03-07 13:45:01,CA,True,6cb57c27-e491-4465-92b3-9d1deb4d951a,Profile Zyxel_SON_Test,[''],['']
2019-03-07 14:45:02,CA,True,3c57e65b-1f27-4dfd-96fc-407c64fdc07b,Profile Maison MJ,[''],['']
2019-03-07 14:45:02,CA,True,d3fa6246-33eb-4653-be98-3ae01b4d7ced,Profile 612,[''],['']
2019-03-07 14:45:02,CA,True,3d974bd2-d415-4f1a-88c1-8c9d88969d9c,Profile ETS,[''],['']
2019-03-07 14:45:02,CA,True,624b3fb6-e41f-483f-b763-e8e117c6f64a,Profile Francis,[''],['']
2019-03-07 14:45:02,CA,True,6cb57c27-e491-4465-92b3-9d1deb4d951a,Profile Zyxel_SON_Test,[''],['']
2019-03-07 15:45:01,CA,True,3c57e65b-1f27-4dfd-96fc-407c64fdc07b,Profile Maison MJ,[''],['']
2019-03-07 15:45:01,CA,True,d3fa6246-33eb-4653-be98-3ae01b4d7ced,Profile 612,[''],['']
2019-03-07 15:45:01,CA,True,3d974bd2-d415-4f1a-88c1-8c9d88969d9c,Profile ETS,[''],['']
2019-03-07 15:45:01,CA,True,624b3fb6-e41f-483f-b763-e8e117c6f64a,Profile Francis,[''],['']
2019-03-07 15:45:01,CA,True,6cb57c27-e491-4465-92b3-9d1deb4d951a,Profile Zyxel_SON_Test,[''],['']
2019-03-07 16:45:01,CA,True,3c57e65b-1f27-4dfd-96fc-407c64fdc07b,Profile Maison MJ,[''],['']
2019-03-07 16:45:01,CA,True,d3fa6246-33eb-4653-be98-3ae01b4d7ced,Profile 612,[''],['']
2019-03-07 16:45:01,CA,True,3d974bd2-d415-4f1a-88c1-8c9d88969d9c,Profile ETS,[''],['']
2019-03-07 16:45:01,CA,True,624b3fb6-e41f-483f-b763-e8e117c6f64a,Profile Francis,[''],['']
2019-03-07 16:45:01,CA,True,6cb57c27-e491-4465-92b3-9d1deb4d951a,Profile Zyxel_SON_Test,[''],['']
2019-03-07 17:45:02,CA,True,3c57e65b-1f27-4dfd-96fc-407c64fdc07b,Profile Maison MJ,[''],['']
2019-03-07 17:45:02,CA,True,d3fa6246-33eb-4653-be98-3ae01b4d7ced,Profile 612,[''],['']
2019-03-07 17:45:02,CA,True,3d974bd2-d415-4f1a-88c1-8c9d88969d9c,Profile ETS,[''],['']
2019-03-07 17:45:02,CA,True,624b3fb6-e41f-483f-b763-e8e117c6f64a,Profile Francis,[''],['']
2019-03-07 17:45:02,CA,True,6cb57c27-e491-4465-92b3-9d1deb4d951a,Profile Zyxel_SON_Test,[''],['']
2019-03-07 18:45:02,CA,True,3c57e65b-1f27-4dfd-96fc-407c64fdc07b,Profile Maison MJ,[''],['']
2019-03-07 18:45:02,CA,True,d3fa6246-33eb-4653-be98-3ae01b4d7ced,Profile 612,[''],['']
2019-03-07 18:45:02,CA,True,3d974bd2-d415-4f1a-88c1-8c9d88969d9c,Profile ETS,[''],['']
2019-03-07 18:45:02,CA,True,624b3fb6-e41f-483f-b763-e8e117c6f64a,Profile Francis,[''],['']
2019-03-07 18:45:02,CA,True,6cb57c27-e491-4465-92b3-9d1deb4d951a,Profile Zyxel_SON_Test,[''],['']
2019-03-07 19:45:02,CA,True,3c57e65b-1f27-4dfd-96fc-407c64fdc07b,Profile Maison MJ,[''],['']
2019-03-07 19:45:02,CA,True,d3fa6246-33eb-4653-be98-3ae01b4d7ced,Profile 612,[''],['']
2019-03-07 19:45:02,CA,True,3d974bd2-d415-4f1a-88c1-8c9d88969d9c,Profile ETS,[''],['']
2019-03-07 19:45:02,CA,True,624b3fb6-e41f-483f-b763-e8e117c6f64a,Profile Francis,[''],['']
2019-03-07 19:45:02,CA,True,6cb57c27-e491-4465-92b3-9d1deb4d951a,Profile Zyxel_SON_Test,[''],['']
2019-03-07 20:45:02,CA,True,3c57e65b-1f27-4dfd-96fc-407c64fdc07b,Profile Maison MJ,[''],['']
2019-03-07 20:45:02,CA,True,d3fa6246-33eb-4653-be98-3ae01b4d7ced,Profile 612,[''],['']
2019-03-07 20:45:02,CA,True,3d974bd2-d415-4f1a-88c1-8c9d88969d9c,Profile ETS,[''],['']
2019-03-07 20:45:02,CA,True,624b3fb6-e41f-483f-b763-e8e117c6f64a,Profile Francis,[''],['']
2019-03-07 20:45:02,CA,True,6cb57c27-e491-4465-92b3-9d1deb4d951a,Profile Zyxel_SON_Test,[''],['']
2019-03-07 21:45:02,CA,True,3c57e65b-1f27-4dfd-96fc-407c64fdc07b,Profile Maison MJ,[''],['']
2019-03-07 21:45:02,CA,True,d3fa6246-33eb-4653-be98-3ae01b4d7ced,Profile 612,[''],['']
2019-03-07 21:45:02,CA,True,3d974bd2-d415-4f1a-88c1-8c9d88969d9c,Profile ETS,[''],['']
2019-03-07 21:45:02,CA,True,624b3fb6-e41f-483f-b763-e8e117c6f64a,Profile Francis,[''],['']
2019-03-07 21:45:02,CA,True,6cb57c27-e491-4465-92b3-9d1deb4d951a,Profile Zyxel_SON_Test,[''],['']
2019-03-07 22:45:02,CA,True,3c57e65b-1f27-4dfd-96fc-407c64fdc07b,Profile Maison MJ,[''],['']
2019-03-07 22:45:02,CA,True,d3fa6246-33eb-4653-be98-3ae01b4d7ced,Profile 612,[''],['']
2019-03-07 22:45:02,CA,True,3d974bd2-d415-4f1a-88c1-8c9d88969d9c,Profile ETS,[''],['']
2019-03-07 22:45:02,CA,True,624b3fb6-e41f-483f-b763-e8e117c6f64a,Profile Francis,[''],['']
2019-03-07 22:45:02,CA,True,6cb57c27-e491-4465-92b3-9d1deb4d951a,Profile Zyxel_SON_Test,[''],['']
2019-03-07 23:45:01,CA,True,3c57e65b-1f27-4dfd-96fc-407c64fdc07b,Profile Maison MJ,[''],['']
2019-03-07 23:45:01,CA,True,d3fa6246-33eb-4653-be98-3ae01b4d7ced,Profile 612,[''],['']
2019-03-07 23:45:01,CA,True,3d974bd2-d415-4f1a-88c1-8c9d88969d9c,Profile ETS,[''],['']
2019-03-07 23:45:01,CA,True,624b3fb6-e41f-483f-b763-e8e117c6f64a,Profile Francis,[''],['']
2019-03-07 23:45:01,CA,True,6cb57c27-e491-4465-92b3-9d1deb4d951a,Profile Zyxel_SON_Test,[''],['']
