

Historical Alarms - Detailed Log
ap,apId,apName,entity,category,severity,message,deviceType,createdTime,updatedTime,ackBy,ackTime
04:bf:6d:5e:12:8f,8108662df1b804bf6d5e128f,AP-4728,04:bf:6d:5e:12:8f/noiseInterference2G,noiseInterference2G,CLEAR,All High Noise Interference Alarms handled. Alarm Severity Modified to CLEAR By RRM,,1553617287755,-1,,-1
04:bf:6d:5e:12:8f,8108662df1b804bf6d5e128f,AP-4728,04:bf:6d:5e:12:8f/noiseInterference2G,noiseInterference2G,MINOR,Noise -50 on channel 2412 Exceeded threshold -70 on AP 04:bf:6d:5e:12:8f,,1553617241383,-1,,-1
04:bf:6d:5e:12:8f,8108662df1b804bf6d5e128f,AP-4728,04:bf:6d:5e:12:8f/noiseInterference2G,noiseInterference2G,CLEAR,All High Noise Interference Alarms handled. Alarm Severity Modified to CLEAR By RRM,,1553617167753,-1,,-1
04:bf:6d:5e:12:8f,8108662df1b804bf6d5e128f,AP-4728,04:bf:6d:5e:12:8f/noiseInterference2G,noiseInterference2G,MINOR,Noise -70 on channel 2462 Exceeded threshold -70 on AP 04:bf:6d:5e:12:8f,,1553617121391,-1,,-1
04:bf:6d:5e:12:8f,8108662df1b804bf6d5e128f,AP-4728,04:bf:6d:5e:12:8f/noiseInterference2G,noiseInterference2G,CLEAR,Channel Noise -78 is under threshold on channel 2412 on AP 04:bf:6d:5e:12:8f,,1553616410350,-1,,-1
04:bf:6d:5e:12:8f,8108662df1b804bf6d5e128f,AP-4728,04:bf:6d:5e:12:8f/noiseInterference2G,noiseInterference2G,MINOR,Noise -50 on channel 2412 Exceeded threshold -70 on AP 04:bf:6d:5e:12:8f,,1553616341547,-1,,-1
04:bf:6d:5e:12:8f,8108662df1b804bf6d5e128f,AP-4728,04:bf:6d:5e:12:8f/noiseInterference2G,noiseInterference2G,CLEAR,All High Noise Interference Alarms handled. Alarm Severity Modified to CLEAR By RRM,,1553616267913,-1,,-1
04:bf:6d:5e:12:8f,8108662df1b804bf6d5e128f,AP-4728,04:bf:6d:5e:12:8f/noiseInterference2G,noiseInterference2G,MINOR,Noise -50 on channel 2462 Exceeded threshold -70 on AP 04:bf:6d:5e:12:8f,,1553616183895,-1,,-1
04:bf:6d:5e:12:8f,8108662df1b804bf6d5e128f,AP-4728,04:bf:6d:5e:12:8f/noiseInterference2G,noiseInterference2G,CLEAR,All High Noise Interference Alarms handled. Alarm Severity Modified to CLEAR By RRM,,1553616087762,-1,,-1
04:bf:6d:5e:12:8f,8108662df1b804bf6d5e128f,AP-4728,04:bf:6d:5e:12:8f/noiseInterference2G,noiseInterference2G,MINOR,Noise -50 on channel 2412 Exceeded threshold -70 on AP 04:bf:6d:5e:12:8f,,1553616053462,-1,,-1
04:bf:6d:5e:12:8f,8108662df1b804bf6d5e128f,AP-4728,04:bf:6d:5e:12:8f/noiseInterference2G,noiseInterference2G,CLEAR,All High Noise Interference Alarms handled. Alarm Severity Modified to CLEAR By RRM,,1553615847749,-1,,-1
04:bf:6d:5e:12:8f,8108662df1b804bf6d5e128f,AP-4728,04:bf:6d:5e:12:8f/noiseInterference2G,noiseInterference2G,MINOR,Noise -50 on channel 2412 Exceeded threshold -70 on AP 04:bf:6d:5e:12:8f,,1553615798793,-1,,-1
04:bf:6d:5e:12:8f,8108662df1b804bf6d5e128f,AP-4728,04:bf:6d:5e:12:8f/noiseInterference2G,noiseInterference2G,CLEAR,All High Noise Interference Alarms handled. Alarm Severity Modified to CLEAR By RRM,,1553615727751,-1,,-1
04:bf:6d:5e:12:8f,8108662df1b804bf6d5e128f,AP-4728,04:bf:6d:5e:12:8f/noiseInterference2G,noiseInterference2G,MINOR,Noise -50 on channel 2462 Exceeded threshold -70 on AP 04:bf:6d:5e:12:8f,,1553615698975,-1,,-1
04:bf:6d:5e:12:8f,8108662df1b804bf6d5e128f,AP-4728,04:bf:6d:5e:12:8f/noiseInterference2G,noiseInterference2G,CLEAR,All High Noise Interference Alarms handled. Alarm Severity Modified to CLEAR By RRM,,1553615607756,-1,,-1
04:bf:6d:5e:12:8f,8108662df1b804bf6d5e128f,AP-4728,04:bf:6d:5e:12:8f/noiseInterference2G,noiseInterference2G,MINOR,Noise -70 on channel 2437 Exceeded threshold -70 on AP 04:bf:6d:5e:12:8f,,1553615575168,-1,,-1
04:bf:6d:5e:12:8f,8108662df1b804bf6d5e128f,AP-4728,04:bf:6d:5e:12:8f/noiseInterference2G,noiseInterference2G,CLEAR,All High Noise Interference Alarms handled. Alarm Severity Modified to CLEAR By RRM,,1553602887735,-1,,-1
04:bf:6d:5e:12:8f,8108662df1b804bf6d5e128f,AP-4728,04:bf:6d:5e:12:8f/noiseInterference2G,noiseInterference2G,MINOR,Noise -50 on channel 2412 Exceeded threshold -70 on AP 04:bf:6d:5e:12:8f,,1553602842322,-1,,-1
04:bf:6d:5e:12:8f,8108662df1b804bf6d5e128f,AP-4728,04:bf:6d:5e:12:8f/noiseInterference2G,noiseInterference2G,CLEAR,All High Noise Interference Alarms handled. Alarm Severity Modified to CLEAR By RRM,,1553602647739,-1,,-1
04:bf:6d:5e:12:8f,8108662df1b804bf6d5e128f,AP-4728,04:bf:6d:5e:12:8f/noiseInterference2G,noiseInterference2G,MINOR,Noise -50 on channel 2412 Exceeded threshold -70 on AP 04:bf:6d:5e:12:8f,,1553602616491,-1,,-1
04:bf:6d:5e:12:8f,8108662df1b804bf6d5e128f,AP-4728,04:bf:6d:5e:12:8f/noiseInterference2G,noiseInterference2G,CLEAR,All High Noise Interference Alarms handled. Alarm Severity Modified to CLEAR By RRM,,1553602527866,-1,,-1
04:bf:6d:5e:12:8f,8108662df1b804bf6d5e128f,AP-4728,04:bf:6d:5e:12:8f/noiseInterference2G,noiseInterference2G,MINOR,Noise -50 on channel 2437 Exceeded threshold -70 on AP 04:bf:6d:5e:12:8f,,1553602458242,-1,,-1
04:bf:6d:5e:12:8f,8108662df1b804bf6d5e128f,AP-4728,04:bf:6d:5e:12:8f/noiseInterference2G,noiseInterference2G,CLEAR,All High Noise Interference Alarms handled. Alarm Severity Modified to CLEAR By RRM,,1553602377875,-1,,-1
04:bf:6d:5e:12:8f,8108662df1b804bf6d5e128f,AP-4728,04:bf:6d:5e:12:8f/noiseInterference2G,noiseInterference2G,MINOR,Noise -50 on channel 2412 Exceeded threshold -70 on AP 04:bf:6d:5e:12:8f,,1553602297464,-1,,-1
04:bf:6d:5e:12:8f,8108662df1b804bf6d5e128f,AP-4728,04:bf:6d:5e:12:8f/noiseInterference2G,noiseInterference2G,CLEAR,All High Noise Interference Alarms handled. Alarm Severity Modified to CLEAR By RRM,,1553602227734,-1,,-1
04:bf:6d:5e:12:8f,8108662df1b804bf6d5e128f,AP-4728,04:bf:6d:5e:12:8f/noiseInterference2G,noiseInterference2G,MINOR,Noise -70 on channel 2462 Exceeded threshold -70 on AP 04:bf:6d:5e:12:8f,,1553602176684,-1,,-1
04:bf:6d:5e:12:8f,8108662df1b804bf6d5e128f,AP-4728,04:bf:6d:5e:12:8f/noiseInterference2G,noiseInterference2G,CLEAR,All High Noise Interference Alarms handled. Alarm Severity Modified to CLEAR By RRM,,1553601747738,-1,,-1
04:bf:6d:5e:12:8f,8108662df1b804bf6d5e128f,AP-4728,04:bf:6d:5e:12:8f/noiseInterference2G,noiseInterference2G,MINOR,Noise -50 on channel 2412 Exceeded threshold -70 on AP 04:bf:6d:5e:12:8f,,1553601713943,-1,,-1
04:bf:6d:5e:12:8f,8108662df1b804bf6d5e128f,AP-4728,04:bf:6d:5e:12:8f/noiseInterference2G,noiseInterference2G,CLEAR,Channel Noise -79 is under threshold on channel 2412 on AP 04:bf:6d:5e:12:8f,,1553601495277,-1,,-1
04:bf:6d:5e:12:8f,8108662df1b804bf6d5e128f,AP-4728,04:bf:6d:5e:12:8f/noiseInterference2G,noiseInterference2G,MINOR,Noise -50 on channel 2412 Exceeded threshold -70 on AP 04:bf:6d:5e:12:8f,,1553601427206,-1,,-1
04:bf:6d:5e:12:8f,8108662df1b804bf6d5e128f,AP-4728,04:bf:6d:5e:12:8f/noiseInterference2G,noiseInterference2G,CLEAR,All High Noise Interference Alarms handled. Alarm Severity Modified to CLEAR By RRM,,1553601357734,-1,,-1
04:bf:6d:5e:12:8f,8108662df1b804bf6d5e128f,AP-4728,04:bf:6d:5e:12:8f/noiseInterference2G,noiseInterference2G,MINOR,Noise -70 on channel 2462 Exceeded threshold -70 on AP 04:bf:6d:5e:12:8f,,1553601306967,-1,,-1










