dateTime,baseConfig,enabled,id,name,rrmConfig
2019-03-26 00:45:01,0,,00000000-0000-0000-0000-000000000000,Default ClusterConfig,False
2019-03-26 00:45:01,0,,00000000-0000-0000-0000-0000balanced,Balanced,False
2019-03-26 00:45:01,2,,00000000-0000-0000-0000-00aggressive,Aggressive,False
2019-03-26 00:45:01,1,,00000000-0000-0000-0000-conservative,Conservative,False
2019-03-26 01:45:02,0,,00000000-0000-0000-0000-000000000000,Default ClusterConfig,False
2019-03-26 01:45:02,0,,00000000-0000-0000-0000-0000balanced,Balanced,False
2019-03-26 01:45:02,2,,00000000-0000-0000-0000-00aggressive,Aggressive,False
2019-03-26 01:45:02,1,,00000000-0000-0000-0000-conservative,Conservative,False
2019-03-26 02:45:01,0,,00000000-0000-0000-0000-000000000000,Default ClusterConfig,False
2019-03-26 02:45:01,0,,00000000-0000-0000-0000-0000balanced,Balanced,False
2019-03-26 02:45:01,2,,00000000-0000-0000-0000-00aggressive,Aggressive,False
2019-03-26 02:45:01,1,,00000000-0000-0000-0000-conservative,Conservative,False
2019-03-26 03:45:01,0,,00000000-0000-0000-0000-000000000000,Default ClusterConfig,False
2019-03-26 03:45:01,0,,00000000-0000-0000-0000-0000balanced,Balanced,False
2019-03-26 03:45:01,2,,00000000-0000-0000-0000-00aggressive,Aggressive,False
2019-03-26 03:45:01,1,,00000000-0000-0000-0000-conservative,Conservative,False
2019-03-26 04:45:02,0,,00000000-0000-0000-0000-000000000000,Default ClusterConfig,False
2019-03-26 04:45:02,0,,00000000-0000-0000-0000-0000balanced,Balanced,False
2019-03-26 04:45:02,2,,00000000-0000-0000-0000-00aggressive,Aggressive,False
2019-03-26 04:45:02,1,,00000000-0000-0000-0000-conservative,Conservative,False
2019-03-26 05:45:01,0,,00000000-0000-0000-0000-000000000000,Default ClusterConfig,False
2019-03-26 05:45:01,0,,00000000-0000-0000-0000-0000balanced,Balanced,False
2019-03-26 05:45:01,2,,00000000-0000-0000-0000-00aggressive,Aggressive,False
2019-03-26 05:45:01,1,,00000000-0000-0000-0000-conservative,Conservative,False
2019-03-26 06:45:01,0,,00000000-0000-0000-0000-000000000000,Default ClusterConfig,False
2019-03-26 06:45:01,0,,00000000-0000-0000-0000-0000balanced,Balanced,False
2019-03-26 06:45:01,2,,00000000-0000-0000-0000-00aggressive,Aggressive,False
2019-03-26 06:45:01,1,,00000000-0000-0000-0000-conservative,Conservative,False
2019-03-26 07:45:02,0,,00000000-0000-0000-0000-000000000000,Default ClusterConfig,False
2019-03-26 07:45:02,0,,00000000-0000-0000-0000-0000balanced,Balanced,False
2019-03-26 07:45:02,2,,00000000-0000-0000-0000-00aggressive,Aggressive,False
2019-03-26 07:45:02,1,,00000000-0000-0000-0000-conservative,Conservative,False
2019-03-26 08:45:01,0,,00000000-0000-0000-0000-000000000000,Default ClusterConfig,False
2019-03-26 08:45:01,0,,00000000-0000-0000-0000-0000balanced,Balanced,False
2019-03-26 08:45:01,2,,00000000-0000-0000-0000-00aggressive,Aggressive,False
2019-03-26 08:45:01,1,,00000000-0000-0000-0000-conservative,Conservative,False
2019-03-26 09:45:01,0,,00000000-0000-0000-0000-000000000000,Default ClusterConfig,False
2019-03-26 09:45:01,0,,00000000-0000-0000-0000-0000balanced,Balanced,False
2019-03-26 09:45:01,2,,00000000-0000-0000-0000-00aggressive,Aggressive,False
2019-03-26 09:45:01,1,,00000000-0000-0000-0000-conservative,Conservative,False
2019-03-26 10:45:01,0,,00000000-0000-0000-0000-000000000000,Default ClusterConfig,False
2019-03-26 10:45:01,0,,00000000-0000-0000-0000-0000balanced,Balanced,False
2019-03-26 10:45:01,2,,00000000-0000-0000-0000-00aggressive,Aggressive,False
2019-03-26 10:45:01,1,,00000000-0000-0000-0000-conservative,Conservative,False
2019-03-26 11:45:01,0,,00000000-0000-0000-0000-000000000000,Default ClusterConfig,False
2019-03-26 11:45:01,0,,00000000-0000-0000-0000-0000balanced,Balanced,False
2019-03-26 11:45:01,2,,00000000-0000-0000-0000-00aggressive,Aggressive,False
2019-03-26 11:45:01,1,,00000000-0000-0000-0000-conservative,Conservative,False
2019-03-26 12:45:02,0,,00000000-0000-0000-0000-000000000000,Default ClusterConfig,False
2019-03-26 12:45:02,0,,00000000-0000-0000-0000-0000balanced,Balanced,False
2019-03-26 12:45:02,2,,00000000-0000-0000-0000-00aggressive,Aggressive,False
2019-03-26 12:45:02,1,,00000000-0000-0000-0000-conservative,Conservative,False
2019-03-26 13:45:01,0,,00000000-0000-0000-0000-000000000000,Default ClusterConfig,False
2019-03-26 13:45:01,0,,00000000-0000-0000-0000-0000balanced,Balanced,False
2019-03-26 13:45:01,2,,00000000-0000-0000-0000-00aggressive,Aggressive,False
2019-03-26 13:45:01,1,,00000000-0000-0000-0000-conservative,Conservative,False
2019-03-26 14:45:01,0,,00000000-0000-0000-0000-000000000000,Default ClusterConfig,False
2019-03-26 14:45:01,0,,00000000-0000-0000-0000-0000balanced,Balanced,False
2019-03-26 14:45:01,2,,00000000-0000-0000-0000-00aggressive,Aggressive,False
2019-03-26 14:45:01,1,,00000000-0000-0000-0000-conservative,Conservative,False
2019-03-26 15:45:01,0,,00000000-0000-0000-0000-000000000000,Default ClusterConfig,False
2019-03-26 15:45:01,0,,00000000-0000-0000-0000-0000balanced,Balanced,False
2019-03-26 15:45:01,2,,00000000-0000-0000-0000-00aggressive,Aggressive,False
2019-03-26 15:45:01,1,,00000000-0000-0000-0000-conservative,Conservative,False
2019-03-26 16:45:02,0,,00000000-0000-0000-0000-000000000000,Default ClusterConfig,False
2019-03-26 16:45:02,0,,00000000-0000-0000-0000-0000balanced,Balanced,False
2019-03-26 16:45:02,2,,00000000-0000-0000-0000-00aggressive,Aggressive,False
2019-03-26 16:45:02,1,,00000000-0000-0000-0000-conservative,Conservative,False
2019-03-26 17:45:01,0,,00000000-0000-0000-0000-000000000000,Default ClusterConfig,False
2019-03-26 17:45:01,0,,00000000-0000-0000-0000-0000balanced,Balanced,False
2019-03-26 17:45:01,2,,00000000-0000-0000-0000-00aggressive,Aggressive,False
2019-03-26 17:45:01,1,,00000000-0000-0000-0000-conservative,Conservative,False
2019-03-26 18:45:02,0,,00000000-0000-0000-0000-000000000000,Default ClusterConfig,False
2019-03-26 18:45:02,0,,00000000-0000-0000-0000-0000balanced,Balanced,False
2019-03-26 18:45:02,2,,00000000-0000-0000-0000-00aggressive,Aggressive,False
2019-03-26 18:45:02,1,,00000000-0000-0000-0000-conservative,Conservative,False
2019-03-26 19:45:01,0,,00000000-0000-0000-0000-000000000000,Default ClusterConfig,False
2019-03-26 19:45:01,0,,00000000-0000-0000-0000-0000balanced,Balanced,False
2019-03-26 19:45:01,2,,00000000-0000-0000-0000-00aggressive,Aggressive,False
2019-03-26 19:45:01,1,,00000000-0000-0000-0000-conservative,Conservative,False
2019-03-26 20:45:01,0,,00000000-0000-0000-0000-000000000000,Default ClusterConfig,False
2019-03-26 20:45:01,0,,00000000-0000-0000-0000-0000balanced,Balanced,False
2019-03-26 20:45:01,2,,00000000-0000-0000-0000-00aggressive,Aggressive,False
2019-03-26 20:45:01,1,,00000000-0000-0000-0000-conservative,Conservative,False
2019-03-26 21:45:02,0,,00000000-0000-0000-0000-000000000000,Default ClusterConfig,False
2019-03-26 21:45:02,0,,00000000-0000-0000-0000-0000balanced,Balanced,False
2019-03-26 21:45:02,2,,00000000-0000-0000-0000-00aggressive,Aggressive,False
2019-03-26 21:45:02,1,,00000000-0000-0000-0000-conservative,Conservative,False
2019-03-26 22:45:01,0,,00000000-0000-0000-0000-000000000000,Default ClusterConfig,False
2019-03-26 22:45:01,0,,00000000-0000-0000-0000-0000balanced,Balanced,False
2019-03-26 22:45:01,2,,00000000-0000-0000-0000-00aggressive,Aggressive,False
2019-03-26 22:45:01,1,,00000000-0000-0000-0000-conservative,Conservative,False
2019-03-26 23:45:02,0,,00000000-0000-0000-0000-000000000000,Default ClusterConfig,False
2019-03-26 23:45:02,0,,00000000-0000-0000-0000-0000balanced,Balanced,False
2019-03-26 23:45:02,2,,00000000-0000-0000-0000-00aggressive,Aggressive,False
2019-03-26 23:45:02,1,,00000000-0000-0000-0000-conservative,Conservative,False
