AP,date:time,channel,new channel,reason for change,interference before,interference after,overall before,overall after,noise level before,noise level after,result,client,client mac,rssi before,rssi after
04:bf:6d:5e:12:8f,26/03/2019 07:55,11,1,Noise Alarm,2,3,2,3,-50,-79,Success,,,,
04:bf:6d:5e:12:8f,26/03/2019 07:58,1,11,Noise Threshold,3,2,3,2,-50,-87,Success,,,,
04:bf:6d:5e:12:8f,26/03/2019 08:00,11,1,Noise Threshold,2,4,2,4,-87,-50,Success,,,,
04:bf:6d:5e:12:8f,26/03/2019 08:02,1,11,Noise Alarm,3,10,3,10,-50,-90,Success,,,,
04:bf:6d:5e:12:8f,26/03/2019 08:10,11,1,Noise Alarm,2,7,2,7,-50,-52,Success,,,,
04:bf:6d:5e:12:8f,26/03/2019 08:12,1,6,Noise Alarm,3,9,3,9,-50,-52,Success,,,,
04:bf:6d:5e:12:8f,26/03/2019 08:15,6,1,Noise Alarm,9,5,9,5,-52,-53,Success,,,,
04:bf:6d:5e:12:8f,26/03/2019 08:17,1,6,Noise Alarm,4,15,4,15,-50,-85,Success,,,,
04:bf:6d:5e:12:8f,26/03/2019 08:19,6,1,Noise Threshold,15,9,15,9,-85,-55,Success,,,,
04:bf:6d:5e:12:8f,26/03/2019 08:21,1,6,Noise Alarm,6,10,6,10,-88,-80,Success,,,,
04:bf:6d:5e:12:8f,26/03/2019 11:53,6,11,Noise Alarm,17,3,17,3,-77,-50,Success,Chromecast,e4:f0:42:a5:85:38,-54,
04:bf:6d:5e:12:8f,26/03/2019 11:55,11,1,Noise Alarm,3,7,3,7,-50,-52,Success,,,,
04:bf:6d:5e:12:8f,26/03/2019 11:57,1,11,Noise Alarm,5,3,5,3,-50,-86,Success,,,,
04:bf:6d:5e:12:8f,26/03/2019 11:59,11,1,Noise Threshold,3,7,3,7,-86,-50,Success,,,,
04:bf:6d:5e:12:8f,26/03/2019 12:01,1,11,Noise Alarm,5,5,5,5,-50,-50,Success,,,,
04:bf:6d:5e:12:8f,26/03/2019 12:04,11,1,Noise Alarm,5,3,5,3,-50,-78,Success,,,,
04:bf:6d:5e:12:8f,26/03/2019 12:06,1,11,Noise Threshold,6,4,6,4,-50,-88,Success,,,,
04:bf:6d:5e:12:8f,26/03/2019 12:08,11,1,Noise Threshold,4,7,4,7,-88,-88,Success,,,,
04:bf:6d:5e:12:8f,26/03/2019 12:10,1,11,Noise Threshold,7,4,7,4,-88,-74,Success,,,,
04:bf:6d:5e:12:8f,26/03/2019 12:19,11,1,Noise Alarm,5,7,5,7,-50,-52,Success,,,,
04:bf:6d:5e:12:8f,26/03/2019 12:21,1,11,Noise Alarm,4,22,4,22,-50,-91,Success,,,,
04:bf:6d:5e:12:8f,26/03/2019 12:23,11,1,Noise Threshold,22,10,22,10,-91,-93,Success,,,,
04:bf:6d:5e:12:8f,26/03/2019 12:25,1,11,Noise Threshold,10,31,10,31,-93,-90,Success,,,,