Client MAC Address, Source AP, Source AP Band, Target AP, Target AP Band, Source SS, Target SS, Steering Type, Steering Status, Steering Time, Update Time, LocalTime, Time Zone
64:a2:f9:3b:5f:dd,b8:ec:a3:2f:bd:55,5G,,,-80,,LOW Signal Strength,Missing,1553623668,1553623907,26-03-2019 14:11:47,America/New_York
c0:ee:fb:dd:2f:ed,04:bf:6d:5e:12:99,5G,b8:ec:a3:2f:bd:39,5G,-75,-55,LOW Signal Strength,Success,1553655077,1553655257,26-03-2019 22:54:17,America/New_York
44:91:60:d0:01:ce,04:bf:6d:5e:11:8d,5G,,,-78,,LOW Signal Strength,Not Moved,1553573147,1553573327,26-03-2019 00:08:47,America/New_York
44:91:60:d0:01:ce,04:bf:6d:5e:11:8d,5G,,,-83,,LOW Signal Strength,Missing,1553573357,1553573597,26-03-2019 00:13:17,America/New_York
fc:c2:de:94:56:d9,04:bf:6d:5e:26:65,5G,,,-76,,LOW Signal Strength,Not Moved,1553604917,1553605097,26-03-2019 08:58:17,America/New_York
c0:a6:00:02:f4:31,04:bf:6d:5e:11:8d,5G,,,-79,,LOW Signal Strength,Not Moved,1553616917,1553617097,26-03-2019 12:18:17,America/New_York
c0:a6:00:02:f4:31,04:bf:6d:5e:11:8d,5G,04:bf:6d:5e:11:8c,2.4G,-83,-79,LOW Signal Strength,Success,1553617097,1553617277,26-03-2019 12:21:17,America/New_York
c0:a6:00:02:f4:31,04:bf:6d:5e:11:8d,5G,,,-75,,LOW Signal Strength,Not Moved,1553636417,1553636597,26-03-2019 17:43:17,America/New_York
c0:a6:00:02:f4:31,04:bf:6d:5e:11:8d,5G,,,-79,,LOW Signal Strength,Not Moved,1553636597,1553636777,26-03-2019 17:46:17,America/New_York
c0:a6:00:02:f4:31,04:bf:6d:5e:11:8d,5G,04:bf:6d:5e:11:8c,2.4G,-80,-46,LOW Signal Strength,Success,1553650877,1553651057,26-03-2019 21:44:17,America/New_York
c0:a6:00:02:f4:31,04:bf:6d:5e:11:8c,2.4G,04:bf:6d:5e:11:8d,5G,-46,-55,5G PREFERENCE,Success,1553651067,1553651267,26-03-2019 21:47:47,America/New_York
c0:a6:00:02:f4:31,04:bf:6d:5e:11:8d,5G,,,-75,,LOW Signal Strength,Not Moved,1553654957,1553655137,26-03-2019 22:52:17,America/New_York
c0:a6:00:02:f4:31,04:bf:6d:5e:11:8d,5G,,,-76,,LOW Signal Strength,Not Moved,1553655137,1553655317,26-03-2019 22:55:17,America/New_York
c0:bd:d1:7e:1a:7e,a0:e4:cb:fc:b4:ec,2.4G,a0:e4:cb:fc:b4:ed,5G,-42,-63,5G PREFERENCE,Success,1553599857,1553600057,26-03-2019 07:34:17,America/New_York
e4:f0:42:a5:85:38,04:bf:6d:5e:12:8d,5G,04:bf:6d:5e:12:8c,2.4G,-75,-47,LOW Signal Strength,Success,1553609837,1553610017,26-03-2019 10:20:17,America/New_York
e4:f0:42:a5:85:38,04:bf:6d:5e:12:8d,5G,,,-75,,LOW Signal Strength,Not Moved,1553615957,1553616137,26-03-2019 12:02:17,America/New_York
e4:f0:42:a5:85:38,04:bf:6d:5e:12:8d,5G,04:bf:6d:5e:12:8c,2.4G,-75,-58,LOW Signal Strength,Success,1553617787,1553617967,26-03-2019 12:32:47,America/New_York
e4:f0:42:a5:85:38,04:bf:6d:5e:12:8d,5G,04:bf:6d:5e:12:8c,2.4G,-76,-52,LOW Signal Strength,Success,1553637407,1553637587,26-03-2019 17:59:47,America/New_York
e4:f0:42:a5:85:38,04:bf:6d:5e:12:8d,5G,04:bf:6d:5e:12:8c,2.4G,-75,-55,LOW Signal Strength,Success,1553640137,1553640317,26-03-2019 18:45:17,America/New_York
e4:f0:42:a5:85:38,04:bf:6d:5e:12:8d,5G,04:bf:6d:5e:12:8c,2.4G,-75,-50,LOW Signal Strength,Success,1553650937,1553651117,26-03-2019 21:45:17,America/New_York
e4:f0:42:a5:85:38,04:bf:6d:5e:12:8d,5G,,,-78,,LOW Signal Strength,Missing,1553654627,1553654867,26-03-2019 22:47:47,America/New_York
d0:d2:b0:4e:d9:8d,04:bf:6d:5e:26:69,5G,,,-75,,LOW Signal Strength,Not Moved,1553598977,1553599157,26-03-2019 07:19:17,America/New_York
d0:d2:b0:4e:d9:8d,04:bf:6d:5e:26:69,5G,,,-75,,LOW Signal Strength,Not Moved,1553606957,1553607137,26-03-2019 09:32:17,America/New_York
d0:d2:b0:4e:d9:8d,04:bf:6d:5e:26:68,2.4G,04:bf:6d:5e:26:69,5G,-58,-71,5G PREFERENCE,Success,1553609367,1553609567,26-03-2019 10:12:47,America/New_York
d0:d2:b0:4e:d9:8d,04:bf:6d:5e:26:69,5G,,,-75,,LOW Signal Strength,Not Moved,1553614667,1553614847,26-03-2019 11:40:47,America/New_York
d0:d2:b0:4e:d9:8d,04:bf:6d:5e:26:69,5G,,,-75,,LOW Signal Strength,Not Moved,1553619497,1553619677,26-03-2019 13:01:17,America/New_York
d0:d2:b0:4e:d9:8d,04:bf:6d:5e:26:69,5G,,,-76,,LOW Signal Strength,Missing,1553619707,1553619947,26-03-2019 13:05:47,America/New_York
d0:d2:b0:4e:d9:8d,04:bf:6d:5e:26:69,5G,04:bf:6d:5e:26:68,2.4G,-75,-75,LOW Signal Strength,Success,1553623547,1553623727,26-03-2019 14:08:47,America/New_York
d0:d2:b0:4e:d9:8d,04:bf:6d:5e:26:69,5G,,,-83,,LOW Signal Strength,Missing,1553623727,1553623967,26-03-2019 14:12:47,America/New_York
d0:d2:b0:4e:d9:8d,04:bf:6d:5e:26:69,5G,,,-76,,LOW Signal Strength,Not Moved,1553633417,1553633597,26-03-2019 16:53:17,America/New_York
d0:d2:b0:4e:d9:8d,04:bf:6d:5e:26:69,5G,,,-76,,LOW Signal Strength,Missing,1553638847,1553639087,26-03-2019 18:24:47,America/New_York
d0:d2:b0:4e:d9:8d,04:bf:6d:5e:26:69,5G,,,-75,,LOW Signal Strength,Not Moved,1553643407,1553643587,26-03-2019 19:39:47,America/New_York
d0:d2:b0:4e:d9:8d,04:bf:6d:5e:26:69,5G,,,-75,,LOW Signal Strength,Not Moved,1553643617,1553643797,26-03-2019 19:43:17,America/New_York
d0:d2:b0:4e:d9:8d,04:bf:6d:5e:26:69,5G,,,-75,,LOW Signal Strength,Not Moved,1553647937,1553648117,26-03-2019 20:55:17,America/New_York
8c:f5:a3:cf:a6:39,b8:ec:a3:2f:bd:5c,2.4G,b8:ec:a3:2f:bd:5d,5G,-56,-58,5G PREFERENCE,Success,1553638948,1553639147,26-03-2019 18:25:47,America/New_York
8c:f5:a3:cf:a6:39,b8:ec:a3:2f:bd:5c,2.4G,,,-52,,5G PREFERENCE,Missing,1553639728,1553639987,26-03-2019 18:39:47,America/New_York
bc:e1:43:0a:09:04,b8:ec:a3:2f:bd:7d,5G,,,-76,,LOW Signal Strength,Not Moved,1553603057,1553603237,26-03-2019 08:27:17,America/New_York
bc:e1:43:0a:09:04,b8:ec:a3:2f:bd:7d,5G,,,-80,,LOW Signal Strength,Not Moved,1553618477,1553618657,26-03-2019 12:44:17,America/New_York
bc:e1:43:0a:09:04,b8:ec:a3:2f:bd:7d,5G,b8:ec:a3:2f:bd:7c,2.4G,-75,-59,LOW Signal Strength,Success,1553638637,1553638817,26-03-2019 18:20:17,America/New_York
bc:e1:43:0a:09:04,b8:ec:a3:2f:bd:7d,5G,,,-75,,LOW Signal Strength,Not Moved,1553638817,1553638997,26-03-2019 18:23:17,America/New_York
34:12:f9:e8:4d:da,a0:e4:cb:fc:b4:ec,2.4G,,,-44,,5G PREFERENCE,Not Moved,1553574057,1553574257,26-03-2019 00:24:17,America/New_York
34:12:f9:e8:4d:da,a0:e4:cb:fc:b4:ed,5G,,,-75,,LOW Signal Strength,Not Moved,1553581367,1553581547,26-03-2019 02:25:47,America/New_York
34:12:f9:e8:4d:da,a0:e4:cb:fc:b4:ed,5G,,,-77,,LOW Signal Strength,Missing,1553581547,1553581787,26-03-2019 02:29:47,America/New_York
34:12:f9:e8:4d:da,a0:e4:cb:fc:b4:ec,2.4G,a0:e4:cb:fc:b4:ed,5G,-48,-61,5G PREFERENCE,Success,1553635977,1553636177,26-03-2019 17:36:17,America/New_York
34:12:f9:e8:4d:da,a0:e4:cb:fc:b4:ed,5G,a0:e4:cb:fc:b4:ec,2.4G,-75,-52,LOW Signal Strength,Success,1553655017,1553655197,26-03-2019 22:53:17,America/New_York
34:12:f9:e8:4d:da,a0:e4:cb:fc:b4:ed,5G,a0:e4:cb:fc:b4:ec,2.4G,-75,-56,LOW Signal Strength,Success,1553655227,1553655407,26-03-2019 22:56:47,America/New_York
a0:99:9b:39:ae:b0,04:bf:6d:5e:12:81,5G,,,-79,,LOW Signal Strength,Not Moved,1553634377,1553634557,26-03-2019 17:09:17,America/New_York
a0:99:9b:39:ae:b0,04:bf:6d:5e:12:81,5G,,,-84,,LOW Signal Strength,Not Moved,1553634557,1553634737,26-03-2019 17:12:17,America/New_York
f8:62:14:bd:f6:d2,04:bf:6d:5e:11:8c,2.4G,04:bf:6d:5e:11:8d,5G,-47,-56,5G PREFERENCE,Success,1553620377,1553620577,26-03-2019 13:16:17,America/New_York
f8:62:14:bd:f6:d2,04:bf:6d:5e:11:8d,5G,,,-75,,LOW Signal Strength,Not Moved,1553636477,1553636657,26-03-2019 17:44:17,America/New_York
f8:62:14:bd:f6:d2,04:bf:6d:5e:11:8d,5G,,,-75,,LOW Signal Strength,Missing,1553636687,1553636927,26-03-2019 17:48:47,America/New_York
f8:62:14:bd:f6:d2,04:bf:6d:5e:11:8d,5G,,,-76,,LOW Signal Strength,Not Moved,1553654957,1553655137,26-03-2019 22:52:17,America/New_York
f8:62:14:bd:f6:d2,04:bf:6d:5e:11:8d,5G,,,-77,,LOW Signal Strength,Not Moved,1553655137,1553655317,26-03-2019 22:55:17,America/New_York
54:b1:21:d4:37:2c,04:bf:6d:5e:12:71,5G,,,-77,,LOW Signal Strength,Not Moved,1553599607,1553599787,26-03-2019 07:29:47,America/New_York
54:b1:21:d4:37:2c,04:bf:6d:5e:12:71,5G,,,-78,,LOW Signal Strength,Missing,1553599817,1553600057,26-03-2019 07:34:17,America/New_York
54:b1:21:d4:37:2c,04:bf:6d:5e:12:71,5G,b8:ec:a3:2f:bd:35,5G,-77,-55,LOW Signal Strength,Success,1553620457,1553620637,26-03-2019 13:17:17,America/New_York
54:b1:21:d4:37:2c,04:bf:6d:5e:12:71,5G,,,-80,,LOW Signal Strength,Not Moved,1553620637,1553620817,26-03-2019 13:20:17,America/New_York
54:b1:21:d4:37:2c,04:bf:6d:5e:12:71,5G,b8:ec:a3:2f:bd:34,2.4G,-75,-65,LOW Signal Strength,Success,1553621477,1553621657,26-03-2019 13:34:17,America/New_York
54:b1:21:d4:37:2c,b8:ec:a3:2f:bd:34,2.4G,04:bf:6d:5e:12:71,5G,-62,-59,5G PREFERENCE,Success,1553621847,1553622047,26-03-2019 13:40:47,America/New_York
54:b1:21:d4:37:2c,b8:ec:a3:2f:bd:34,2.4G,04:bf:6d:5e:12:71,5G,-62,-49,5G PREFERENCE,Success,1553622267,1553622467,26-03-2019 13:47:47,America/New_York
54:b1:21:d4:37:2c,b8:ec:a3:2f:bd:34,2.4G,04:bf:6d:5e:12:71,5G,-62,-53,5G PREFERENCE,Success,1553622477,1553622677,26-03-2019 13:51:17,America/New_York
54:b1:21:d4:37:2c,04:bf:6d:5e:12:71,5G,b8:ec:a3:2f:bd:35,5G,-77,-51,LOW Signal Strength,Success,1553634137,1553634317,26-03-2019 17:05:17,America/New_York
54:b1:21:d4:37:2c,b8:ec:a3:2f:bd:34,2.4G,04:bf:6d:5e:12:70,2.4G,-40,-68,5G PREFERENCE,,1553656227,1553656427,26-03-2019 23:13:47,America/New_York
54:b1:21:d4:37:2c,04:bf:6d:5e:12:71,5G,04:bf:6d:5e:12:70,2.4G,-77,-66,LOW Signal Strength,Success,1553656307,1553656487,26-03-2019 23:14:47,America/New_York
54:b1:21:d4:37:2c,b8:ec:a3:2f:bd:34,2.4G,b8:ec:a3:2f:bd:35,5G,-40,-45,5G PREFERENCE,Success,1553656497,1553656697,26-03-2019 23:18:17,America/New_York
9c:e0:63:36:09:ce,b8:ec:a3:2f:bd:25,5G,,,-81,,LOW Signal Strength,Not Moved,1553648117,1553648297,26-03-2019 20:58:17,America/New_York
9c:e0:63:36:09:ce,b8:ec:a3:2f:bd:25,5G,,,-85,,LOW Signal Strength,Not Moved,1553648327,1553648507,26-03-2019 21:01:47,America/New_York
30:24:32:9b:3b:f1,04:bf:6d:5e:26:68,2.4G,04:bf:6d:5e:26:69,5G,-54,-59,5G PREFERENCE,Success,1553621847,1553622047,26-03-2019 13:40:47,America/New_York
f8:2d:7c:89:d5:3f,b8:ec:a3:2f:bd:dc,2.4G,b8:ec:a3:2f:bd:dd,5G,-42,-55,5G PREFERENCE,Success,1553608077,1553608277,26-03-2019 09:51:17,America/New_York
f8:2d:7c:89:d5:3f,b8:ec:a3:2f:bd:dd,5G,,,-76,,LOW Signal Strength,Not Moved,1553616497,1553616677,26-03-2019 12:11:17,America/New_York
f8:2d:7c:89:d5:3f,b8:ec:a3:2f:bd:dd,5G,,,-77,,LOW Signal Strength,Missing,1553616707,1553616947,26-03-2019 12:15:47,America/New_York
f8:2d:7c:89:d5:3f,b8:ec:a3:2f:bd:dd,5G,,,-76,,LOW Signal Strength,Not Moved,1553627717,1553627897,26-03-2019 15:18:17,America/New_York
f8:2d:7c:89:d5:3f,b8:ec:a3:2f:bd:dd,5G,,,-84,,LOW Signal Strength,Missing,1553633688,1553633927,26-03-2019 16:58:47,America/New_York
10:98:c3:c1:6f:6f,04:bf:6d:5e:12:65,5G,,,-79,,LOW Signal Strength,Missing,1553605307,1553605547,26-03-2019 09:05:47,America/New_York
10:98:c3:c1:6f:6f,04:bf:6d:5e:12:65,5G,,,-84,,LOW Signal Strength,Not Moved,1553618237,1553618417,26-03-2019 12:40:17,America/New_York
10:98:c3:c1:6f:6f,04:bf:6d:5e:12:65,5G,,,-79,,LOW Signal Strength,Not Moved,1553622648,1553622827,26-03-2019 13:53:47,America/New_York
10:98:c3:c1:6f:6f,04:bf:6d:5e:12:65,5G,,,-82,,LOW Signal Strength,Not Moved,1553622828,1553623007,26-03-2019 13:56:47,America/New_York
14:bb:6e:9d:be:f7,a0:e4:cb:fc:b4:ec,2.4G,,,-46,,5G PREFERENCE,Not Moved,1553575377,1553575577,26-03-2019 00:46:17,America/New_York
14:bb:6e:9d:be:f7,a0:e4:cb:fc:b4:ec,2.4G,,,-46,,5G PREFERENCE,Not Moved,1553575587,1553575787,26-03-2019 00:49:47,America/New_York
14:bb:6e:9d:be:f7,a0:e4:cb:fc:b4:ec,2.4G,,,-46,,5G PREFERENCE,Not Moved,1553575797,1553575997,26-03-2019 00:53:17,America/New_York
44:91:60:6b:19:c9,b8:ec:a3:2f:bd:59,5G,,,-83,,LOW Signal Strength,Missing,1553600777,1553601017,26-03-2019 07:50:17,America/New_York
44:91:60:6b:19:c9,b8:ec:a3:2f:bd:59,5G,b8:ec:a3:2f:bd:58,2.4G,-80,-83,LOW Signal Strength,Success,1553644277,1553644457,26-03-2019 19:54:17,America/New_York
44:91:60:6b:19:c9,b8:ec:a3:2f:bd:59,5G,b8:ec:a3:2f:bd:58,2.4G,-79,-83,LOW Signal Strength,Success,1553644457,1553644637,26-03-2019 19:57:17,America/New_York
f0:0f:ec:f8:01:ac,b8:ec:a3:2f:bd:2d,5G,,,-77,,LOW Signal Strength,Not Moved,1553608757,1553608937,26-03-2019 10:02:17,America/New_York
f0:0f:ec:f8:01:ac,b8:ec:a3:2f:bd:2d,5G,,,-80,,LOW Signal Strength,Not Moved,1553638427,1553638607,26-03-2019 18:16:47,America/New_York
f0:0f:ec:f8:01:ac,b8:ec:a3:2f:bd:2d,5G,,,-83,,LOW Signal Strength,Not Moved,1553638607,1553638787,26-03-2019 18:19:47,America/New_York
d8:c4:6a:23:6a:7a,b8:ec:a3:2f:bd:1d,5G,,,-81,,LOW Signal Strength,Not Moved,1553605307,1553605487,26-03-2019 09:04:47,America/New_York
00:9d:6b:46:11:5f,04:bf:6d:5e:12:65,5G,,,-75,,LOW Signal Strength,Not Moved,1553605187,1553605367,26-03-2019 09:02:47,America/New_York
00:9d:6b:46:11:5f,04:bf:6d:5e:12:65,5G,,,-75,,LOW Signal Strength,Missing,1553605397,1553605637,26-03-2019 09:07:17,America/New_York
04:d6:aa:66:76:5a,04:bf:6d:5e:26:69,5G,04:bf:6d:5e:26:68,2.4G,-75,-45,LOW Signal Strength,Success,1553636057,1553636237,26-03-2019 17:37:17,America/New_York
04:d6:aa:66:76:5a,04:bf:6d:5e:26:69,5G,04:bf:6d:5e:26:68,2.4G,-75,-43,LOW Signal Strength,Success,1553636237,1553636417,26-03-2019 17:40:17,America/New_York
04:d6:aa:66:76:5a,04:bf:6d:5e:26:68,2.4G,04:bf:6d:5e:26:69,5G,-43,-55,5G PREFERENCE,Success,1553636427,1553636627,26-03-2019 17:43:47,America/New_York
04:d6:aa:66:76:5a,04:bf:6d:5e:26:69,5G,04:bf:6d:5e:26:68,2.4G,-75,-61,LOW Signal Strength,Success,1553637257,1553637437,26-03-2019 17:57:17,America/New_York
04:d6:aa:66:76:5a,04:bf:6d:5e:26:69,5G,04:bf:6d:5e:26:68,2.4G,-75,-49,LOW Signal Strength,Success,1553637437,1553637617,26-03-2019 18:00:17,America/New_York
04:d6:aa:66:76:5a,04:bf:6d:5e:26:68,2.4G,04:bf:6d:5e:26:69,5G,-49,-73,5G PREFERENCE,Success,1553637627,1553637827,26-03-2019 18:03:47,America/New_York
04:d6:aa:66:76:5a,04:bf:6d:5e:26:69,5G,04:bf:6d:5e:26:68,2.4G,-75,-48,LOW Signal Strength,Success,1553637857,1553638037,26-03-2019 18:07:17,America/New_York
04:d6:aa:66:76:5a,04:bf:6d:5e:26:69,5G,04:bf:6d:5e:26:68,2.4G,-75,-48,LOW Signal Strength,Success,1553638037,1553638217,26-03-2019 18:10:17,America/New_York
04:d6:aa:66:76:5a,04:bf:6d:5e:26:68,2.4G,04:bf:6d:5e:26:69,5G,-48,-63,5G PREFERENCE,Success,1553638227,1553638427,26-03-2019 18:13:47,America/New_York
04:d6:aa:66:76:5a,04:bf:6d:5e:26:69,5G,,,-76,,LOW Signal Strength,Not Moved,1553638817,1553638997,26-03-2019 18:23:17,America/New_York
04:d6:aa:66:76:5a,04:bf:6d:5e:26:69,5G,,,-82,,LOW Signal Strength,Missing,1553639027,1553639267,26-03-2019 18:27:47,America/New_York
04:d6:aa:66:76:5a,04:bf:6d:5e:26:69,5G,04:bf:6d:5e:26:68,2.4G,-75,-55,LOW Signal Strength,Success,1553641037,1553641217,26-03-2019 19:00:17,America/New_York
04:d6:aa:66:76:5a,04:bf:6d:5e:26:68,2.4G,04:bf:6d:5e:26:69,5G,-55,-63,5G PREFERENCE,Success,1553641227,1553641427,26-03-2019 19:03:47,America/New_York
04:d6:aa:66:76:5a,04:bf:6d:5e:26:69,5G,,,-76,,LOW Signal Strength,Not Moved,1553641247,1553641427,26-03-2019 19:03:47,America/New_York
04:d6:aa:66:76:5a,04:bf:6d:5e:26:69,5G,,,-75,,LOW Signal Strength,Not Moved,1553644067,1553644247,26-03-2019 19:50:47,America/New_York
04:d6:aa:66:76:5a,04:bf:6d:5e:26:69,5G,,,-75,,LOW Signal Strength,Not Moved,1553646227,1553646407,26-03-2019 20:26:47,America/New_York
04:d6:aa:66:76:5a,04:bf:6d:5e:26:69,5G,,,-75,,LOW Signal Strength,Not Moved,1553648387,1553648567,26-03-2019 21:02:47,America/New_York
04:d6:aa:66:76:5a,04:bf:6d:5e:26:69,5G,04:bf:6d:5e:26:68,2.4G,-75,-61,LOW Signal Strength,Success,1553649587,1553649767,26-03-2019 21:22:47,America/New_York
04:d6:aa:66:76:5a,04:bf:6d:5e:26:68,2.4G,04:bf:6d:5e:26:69,5G,-61,-64,5G PREFERENCE,Success,1553649777,1553649977,26-03-2019 21:26:17,America/New_York
04:d6:aa:66:76:5a,04:bf:6d:5e:26:69,5G,,,-75,,LOW Signal Strength,Not Moved,1553650757,1553650937,26-03-2019 21:42:17,America/New_York
cc:fa:00:b5:65:de,04:bf:6d:5e:12:8d,5G,,,-75,,LOW Signal Strength,Missing,1553599397,1553599637,26-03-2019 07:27:17,America/New_York
cc:fa:00:b5:65:de,04:bf:6d:5e:12:8d,5G,,,-82,,LOW Signal Strength,Missing,1553604857,1553605097,26-03-2019 08:58:17,America/New_York
cc:fa:00:b5:65:de,04:bf:6d:5e:12:8d,5G,,,-83,,LOW Signal Strength,Missing,1553637887,1553638127,26-03-2019 18:08:47,America/New_York
48:4b:aa:af:cb:19,b8:ec:a3:2f:bd:31,5G,b8:ec:a3:2f:bd:30,2.4G,-75,-55,LOW Signal Strength,Success,1553621117,1553621297,26-03-2019 13:28:17,America/New_York
48:4b:aa:af:cb:19,b8:ec:a3:2f:bd:30,2.4G,,,-55,,5G PREFERENCE,Not Moved,1553621307,1553621507,26-03-2019 13:31:47,America/New_York
48:4b:aa:af:cb:19,b8:ec:a3:2f:bd:31,5G,b8:ec:a3:2f:bd:30,2.4G,-79,-62,LOW Signal Strength,Success,1553632847,1553633027,26-03-2019 16:43:47,America/New_York
48:4b:aa:af:cb:19,b8:ec:a3:2f:bd:31,5G,b8:ec:a3:2f:bd:30,2.4G,-82,-61,LOW Signal Strength,Success,1553633027,1553633207,26-03-2019 16:46:47,America/New_York
94:65:2d:82:4f:8d,b8:ec:a3:2f:bd:f9,5G,,,-80,,LOW Signal Strength,Missing,1553605217,1553605457,26-03-2019 09:04:17,America/New_York
94:65:2d:82:4f:8d,b8:ec:a3:2f:bd:f8,2.4G,b8:ec:a3:2f:bd:f9,5G,-44,-42,5G PREFERENCE,Success,1553612667,1553612867,26-03-2019 11:07:47,America/New_York
94:65:2d:82:4f:8d,b8:ec:a3:2f:bd:f9,5G,,,-75,,LOW Signal Strength,Not Moved,1553647637,1553647817,26-03-2019 20:50:17,America/New_York
94:65:2d:82:4f:8d,b8:ec:a3:2f:bd:f9,5G,,,-76,,LOW Signal Strength,Missing,1553647817,1553648057,26-03-2019 20:54:17,America/New_York
40:4e:36:d2:ca:a1,04:bf:6d:5e:12:65,5G,,,-77,,LOW Signal Strength,Not Moved,1553622168,1553622347,26-03-2019 13:45:47,America/New_York
2c:0e:3d:95:a6:4e,04:bf:6d:5e:12:8d,5G,,,-77,,LOW Signal Strength,Not Moved,1553612627,1553612807,26-03-2019 11:06:47,America/New_York
dc:ef:ca:d6:22:f1,04:bf:6d:5e:26:71,5G,,,-83,,LOW Signal Strength,Not Moved,1553603747,1553603927,26-03-2019 08:38:47,America/New_York
dc:ef:ca:d6:22:f1,04:bf:6d:5e:26:71,5G,,,-83,,LOW Signal Strength,Missing,1553603927,1553604167,26-03-2019 08:42:47,America/New_York
a4:50:46:1f:87:eb,b8:ec:a3:2f:bd:44,2.4G,b8:ec:a3:2f:bd:45,5G,-49,-53,5G PREFERENCE,Success,1553635047,1553635247,26-03-2019 17:20:47,America/New_York
60:30:d4:3d:2a:73,b8:ec:a3:2f:bd:dd,5G,b8:ec:a3:2f:bd:dc,2.4G,-75,-53,LOW Signal Strength,Success,1553633688,1553633867,26-03-2019 16:57:47,America/New_York
60:30:d4:3d:2a:73,b8:ec:a3:2f:bd:dc,2.4G,b8:ec:a3:2f:bd:dd,5G,-53,-66,5G PREFERENCE,Success,1553633877,1553634077,26-03-2019 17:01:17,America/New_York
60:30:d4:3d:2a:73,b8:ec:a3:2f:bd:dd,5G,,,-77,,LOW Signal Strength,Not Moved,1553634887,1553635067,26-03-2019 17:17:47,America/New_York
cc:c0:79:98:52:39,04:bf:6d:5e:12:81,5G,,,-77,,LOW Signal Strength,Not Moved,1553620007,1553620187,26-03-2019 13:09:47,America/New_York
cc:c0:79:98:52:39,04:bf:6d:5e:12:81,5G,,,-86,,LOW Signal Strength,Missing,1553620187,1553620427,26-03-2019 13:13:47,America/New_York
d4:a3:3d:a6:43:3c,b8:ec:a3:2f:bd:45,5G,,,-75,,LOW Signal Strength,Not Moved,1553604017,1553604197,26-03-2019 08:43:17,America/New_York
d4:a3:3d:a6:43:3c,b8:ec:a3:2f:bd:45,5G,,,-83,,LOW Signal Strength,Not Moved,1553635217,1553635397,26-03-2019 17:23:17,America/New_York
d4:a3:3d:a6:43:3c,b8:ec:a3:2f:bd:44,2.4G,b8:ec:a3:2f:bd:45,5G,-55,-58,5G PREFERENCE,Success,1553642427,1553642627,26-03-2019 19:23:47,America/New_York
88:66:a5:ba:5b:1b,04:bf:6d:5e:12:71,5G,b8:ec:a3:2f:bd:35,5G,-75,-54,LOW Signal Strength,Success,1553604467,1553604647,26-03-2019 08:50:47,America/New_York
88:66:a5:ba:5b:1b,04:bf:6d:5e:12:71,5G,b8:ec:a3:2f:bd:35,5G,-75,-39,LOW Signal Strength,Success,1553604677,1553604857,26-03-2019 08:54:17,America/New_York
88:66:a5:ba:5b:1b,04:bf:6d:5e:12:71,5G,,,-76,,LOW Signal Strength,Not Moved,1553607857,1553608037,26-03-2019 09:47:17,America/New_York
88:66:a5:ba:5b:1b,04:bf:6d:5e:12:71,5G,,,-83,,LOW Signal Strength,Not Moved,1553608037,1553608217,26-03-2019 09:50:17,America/New_York
88:66:a5:ba:5b:1b,04:bf:6d:5e:12:71,5G,,,-79,,LOW Signal Strength,Not Moved,1553609417,1553609597,26-03-2019 10:13:17,America/New_York
88:66:a5:ba:5b:1b,04:bf:6d:5e:12:70,2.4G,04:bf:6d:5e:12:71,5G,-49,-64,5G PREFERENCE,Success,1553609817,1553610017,26-03-2019 10:20:17,America/New_York
88:66:a5:ba:5b:1b,04:bf:6d:5e:12:71,5G,,,-75,,LOW Signal Strength,Not Moved,1553617157,1553617337,26-03-2019 12:22:17,America/New_York
88:66:a5:ba:5b:1b,04:bf:6d:5e:12:71,5G,,,-83,,LOW Signal Strength,Not Moved,1553617337,1553617517,26-03-2019 12:25:17,America/New_York
88:66:a5:ba:5b:1b,04:bf:6d:5e:12:71,5G,b8:ec:a3:2f:bd:35,5G,-81,-52,LOW Signal Strength,Success,1553630447,1553630627,26-03-2019 16:03:47,America/New_York
88:66:a5:ba:5b:1b,04:bf:6d:5e:12:71,5G,b8:ec:a3:2f:bd:35,5G,-83,-53,LOW Signal Strength,Success,1553630627,1553630807,26-03-2019 16:06:47,America/New_York
88:66:a5:ba:5b:1b,04:bf:6d:5e:12:71,5G,b8:ec:a3:2f:bd:35,5G,-75,-63,LOW Signal Strength,Success,1553635247,1553635427,26-03-2019 17:23:47,America/New_York
88:66:a5:ba:5b:1b,04:bf:6d:5e:12:71,5G,,,-76,,LOW Signal Strength,Not Moved,1553635427,1553635607,26-03-2019 17:26:47,America/New_York
88:66:a5:ba:5b:1b,04:bf:6d:5e:12:71,5G,b8:ec:a3:2f:bd:35,5G,-80,-53,LOW Signal Strength,Success,1553655947,1553656127,26-03-2019 23:08:47,America/New_York
60:30:d4:85:94:a0,04:bf:6d:5e:12:71,5G,b8:ec:a3:2f:bd:35,5G,-75,-52,LOW Signal Strength,Success,1553621867,1553622047,26-03-2019 13:40:47,America/New_York
60:30:d4:85:94:a0,04:bf:6d:5e:12:71,5G,b8:ec:a3:2f:bd:35,5G,-75,-48,LOW Signal Strength,Success,1553631887,1553632067,26-03-2019 16:27:47,America/New_York
78:40:e4:19:f0:f9,b8:ec:a3:2f:bd:15,5G,,,-77,,LOW Signal Strength,Not Moved,1553586887,1553587067,26-03-2019 03:57:47,America/New_York
78:40:e4:19:f0:f9,b8:ec:a3:2f:bd:15,5G,,,-79,,LOW Signal Strength,Missing,1553587097,1553587337,26-03-2019 04:02:17,America/New_York
a0:c9:a0:89:33:71,04:bf:6d:5e:26:79,5G,,,-75,,LOW Signal Strength,Not Moved,1553628947,1553629127,26-03-2019 15:38:47,America/New_York
a0:c9:a0:89:33:71,04:bf:6d:5e:26:79,5G,,,-76,,LOW Signal Strength,Missing,1553629127,1553629367,26-03-2019 15:42:47,America/New_York
f0:98:9d:a3:89:f1,04:bf:6d:5e:11:91,5G,,,-79,,LOW Signal Strength,Not Moved,1553623877,1553624057,26-03-2019 14:14:17,America/New_York
f0:79:60:68:b4:f7,b8:ec:a3:2f:bd:7d,5G,,,-76,,LOW Signal Strength,Not Moved,1553617847,1553618027,26-03-2019 12:33:47,America/New_York
f0:79:60:68:b4:f7,b8:ec:a3:2f:bd:7d,5G,,,-86,,LOW Signal Strength,Not Moved,1553644967,1553645147,26-03-2019 20:05:47,America/New_York
