Event Log

MAC Address,Prim. MAC Address,Channel,Type,Module (from),Module (to),Message,Time stamp
b8:ec:a3:2f:bd:34,b8:ec:a3:2f:bd:37,6 (2437 MHz),INFORM CS - MODIFY AP CONFIGURATION,RRM,CONFIG_SERVICE,"{candidateBssList=[{ ""bssid"" : ""b8:ec:a3:2f:bd:35"" , ""channel"" : 149 , ""bandwidth"" : 80}], deassociateStaList=[54:b1:21:d4:37:2c], frequencySetBy=10}",2019-03-26 23:14
b8:ec:a3:2f:bd:34,b8:ec:a3:2f:bd:37,6 (2437 MHz),INFORM CS - MODIFY AP CONFIGURATION,RRM,CONFIG_SERVICE,"{candidateBssList=[{ ""bssid"" : ""b8:ec:a3:2f:bd:35"" , ""channel"" : 149 , ""bandwidth"" : 80}], deassociateStaList=[54:b1:21:d4:37:2c], frequencySetBy=10}",2019-03-26 23:10
04:bf:6d:5e:11:8c,04:bf:6d:5e:11:8f,1 (2412 MHz),INFORM CS - MODIFY AP CONFIGURATION,RRM,CONFIG_SERVICE,"{candidateBssList=[{ ""bssid"" : ""04:bf:6d:5e:11:8d"" , ""channel"" : 149 , ""bandwidth"" : 80}], deassociateStaList=[c0:a6:00:02:f4:31], frequencySetBy=10}",2019-03-26 21:44
04:bf:6d:5e:26:68,04:bf:6d:5e:26:6b,11 (2462 MHz),INFORM CS - MODIFY AP CONFIGURATION,RRM,CONFIG_SERVICE,"{candidateBssList=[{ ""bssid"" : ""04:bf:6d:5e:26:69"" , ""channel"" : 157 , ""bandwidth"" : 80}], deassociateStaList=[04:d6:aa:66:76:5a], frequencySetBy=10}",2019-03-26 21:22
b8:ec:a3:2f:bd:44,b8:ec:a3:2f:bd:47,1 (2412 MHz),INFORM CS - MODIFY AP CONFIGURATION,RRM,CONFIG_SERVICE,"{candidateBssList=[{ ""bssid"" : ""b8:ec:a3:2f:bd:45"" , ""channel"" : 153 , ""bandwidth"" : 80}], deassociateStaList=[d4:a3:3d:a6:43:3c], frequencySetBy=10}",2019-03-26 19:20
04:bf:6d:5e:26:68,04:bf:6d:5e:26:6b,11 (2462 MHz),INFORM CS - MODIFY AP CONFIGURATION,RRM,CONFIG_SERVICE,"{candidateBssList=[{ ""bssid"" : ""04:bf:6d:5e:26:69"" , ""channel"" : 157 , ""bandwidth"" : 80}], deassociateStaList=[04:d6:aa:66:76:5a], frequencySetBy=10}",2019-03-26 19:00
b8:ec:a3:2f:bd:5c,b8:ec:a3:2f:bd:5f,1 (2412 MHz),INFORM CS - MODIFY AP CONFIGURATION,RRM,CONFIG_SERVICE,"{candidateBssList=[{ ""bssid"" : ""b8:ec:a3:2f:bd:5d"" , ""channel"" : 161 , ""bandwidth"" : 80}], deassociateStaList=[8c:f5:a3:cf:a6:39], frequencySetBy=10}",2019-03-26 18:35
b8:ec:a3:2f:bd:5c,b8:ec:a3:2f:bd:5f,1 (2412 MHz),INFORM CS - MODIFY AP CONFIGURATION,RRM,CONFIG_SERVICE,"{candidateBssList=[{ ""bssid"" : ""b8:ec:a3:2f:bd:5d"" , ""channel"" : 161 , ""bandwidth"" : 80}], deassociateStaList=[8c:f5:a3:cf:a6:39], frequencySetBy=10}",2019-03-26 18:22
04:bf:6d:5e:26:68,04:bf:6d:5e:26:6b,11 (2462 MHz),INFORM CS - MODIFY AP CONFIGURATION,RRM,CONFIG_SERVICE,"{candidateBssList=[{ ""bssid"" : ""04:bf:6d:5e:26:69"" , ""channel"" : 157 , ""bandwidth"" : 80}], deassociateStaList=[04:d6:aa:66:76:5a], frequencySetBy=10}",2019-03-26 18:10
04:bf:6d:5e:26:68,04:bf:6d:5e:26:6b,11 (2462 MHz),INFORM CS - MODIFY AP CONFIGURATION,RRM,CONFIG_SERVICE,"{candidateBssList=[{ ""bssid"" : ""04:bf:6d:5e:26:69"" , ""channel"" : 157 , ""bandwidth"" : 80}], deassociateStaList=[04:d6:aa:66:76:5a], frequencySetBy=10}",2019-03-26 18:00
04:bf:6d:5e:26:68,04:bf:6d:5e:26:6b,11 (2462 MHz),INFORM CS - MODIFY AP CONFIGURATION,RRM,CONFIG_SERVICE,"{candidateBssList=[{ ""bssid"" : ""04:bf:6d:5e:26:69"" , ""channel"" : 157 , ""bandwidth"" : 80}], deassociateStaList=[04:d6:aa:66:76:5a], frequencySetBy=10}",2019-03-26 17:40
a0:e4:cb:fc:b4:ec,a0:e4:cb:fc:b4:ef,6 (2437 MHz),INFORM CS - MODIFY AP CONFIGURATION,RRM,CONFIG_SERVICE,"{candidateBssList=[{ ""bssid"" : ""a0:e4:cb:fc:b4:ed"" , ""channel"" : 149 , ""bandwidth"" : 80}], deassociateStaList=[34:12:f9:e8:4d:da], frequencySetBy=10}",2019-03-26 17:32
b8:ec:a3:2f:bd:44,b8:ec:a3:2f:bd:47,1 (2412 MHz),INFORM CS - MODIFY AP CONFIGURATION,RRM,CONFIG_SERVICE,"{candidateBssList=[{ ""bssid"" : ""b8:ec:a3:2f:bd:45"" , ""channel"" : 153 , ""bandwidth"" : 80}], deassociateStaList=[a4:50:46:1f:87:eb], frequencySetBy=10}",2019-03-26 17:17
b8:ec:a3:2f:bd:dc,b8:ec:a3:2f:bd:df,11 (2462 MHz),INFORM CS - MODIFY AP CONFIGURATION,RRM,CONFIG_SERVICE,"{candidateBssList=[{ ""bssid"" : ""b8:ec:a3:2f:bd:dd"" , ""channel"" : 149 , ""bandwidth"" : 80}], deassociateStaList=[60:30:d4:3d:2a:73], frequencySetBy=10}",2019-03-26 16:57
04:bf:6d:5e:26:68,04:bf:6d:5e:26:6b,11 (2462 MHz),INFORM CS - MODIFY AP CONFIGURATION,RRM,CONFIG_SERVICE,"{candidateBssList=[{ ""bssid"" : ""04:bf:6d:5e:26:69"" , ""channel"" : 157 , ""bandwidth"" : 80}], deassociateStaList=[04:d6:aa:66:76:5a], frequencySetBy=10}",2019-03-26 16:57
b8:ec:a3:2f:bd:65,b8:ec:a3:2f:bd:67,40 (5200 MHz),INFORM CS - MODIFY AP CONFIGURATION,RRM,CONFIG_SERVICE,"{FrequencySetBy Changed =-1 -> 4, channelSetSelection Changed =3 -> 4, Frequency(MHz) Changed=5200 -> 5765, Transmit Power(dBm) Changed=16.0 -> 22.0}",2019-03-26 15:45
b8:ec:a3:2f:bd:65,b8:ec:a3:2f:bd:67,40 (5200 MHz),INITIAL CHANNEL SELECTION,RRM,RRM,"{Description=This event is triggered after AP bootup and sends initial channel metrics, ap_manufacturer=ZyXEL_EMG2926}",2019-03-26 15:45
b8:ec:a3:2f:bd:64,b8:ec:a3:2f:bd:67,1 (2412 MHz),INFORM CS - MODIFY AP CONFIGURATION,RRM,CONFIG_SERVICE,"{channelSetSelection Changed =3 -> 4}",2019-03-26 15:45
b8:ec:a3:2f:bd:64,b8:ec:a3:2f:bd:67,1 (2412 MHz),INITIAL CHANNEL SELECTION,RRM,RRM,"{Description=This event is triggered after AP bootup and sends initial channel metrics, ap_manufacturer=ZyXEL_EMG2926}",2019-03-26 15:45
b8:ec:a3:2f:bd:65,b8:ec:a3:2f:bd:67,40 (5200 MHz),INFORM CS - AP BOOTUP AFTER POWER CYCLE,AP,CONFIG_SERVICE,"No changes",2019-03-26 15:44
b8:ec:a3:2f:bd:64,b8:ec:a3:2f:bd:67,1 (2412 MHz),INFORM CS - AP BOOTUP AFTER POWER CYCLE,AP,CONFIG_SERVICE,"No changes",2019-03-26 15:44
b8:ec:a3:2f:bd:34,b8:ec:a3:2f:bd:37,6 (2437 MHz),INFORM CS - MODIFY AP CONFIGURATION,RRM,CONFIG_SERVICE,"{candidateBssList=[{ ""bssid"" : ""b8:ec:a3:2f:bd:35"" , ""channel"" : 149 , ""bandwidth"" : 80}], deassociateStaList=[54:b1:21:d4:37:2c], frequencySetBy=10}",2019-03-26 13:47
b8:ec:a3:2f:bd:34,b8:ec:a3:2f:bd:37,6 (2437 MHz),INFORM CS - MODIFY AP CONFIGURATION,RRM,CONFIG_SERVICE,"{candidateBssList=[{ ""bssid"" : ""b8:ec:a3:2f:bd:35"" , ""channel"" : 149 , ""bandwidth"" : 80}], deassociateStaList=[54:b1:21:d4:37:2c], frequencySetBy=10}",2019-03-26 13:44
b8:ec:a3:2f:bd:34,b8:ec:a3:2f:bd:37,6 (2437 MHz),INFORM CS - MODIFY AP CONFIGURATION,RRM,CONFIG_SERVICE,"{candidateBssList=[{ ""bssid"" : ""b8:ec:a3:2f:bd:35"" , ""channel"" : 149 , ""bandwidth"" : 80}], deassociateStaList=[54:b1:21:d4:37:2c], frequencySetBy=10}",2019-03-26 13:37
04:bf:6d:5e:26:68,04:bf:6d:5e:26:6b,11 (2462 MHz),INFORM CS - MODIFY AP CONFIGURATION,RRM,CONFIG_SERVICE,"{candidateBssList=[{ ""bssid"" : ""04:bf:6d:5e:26:69"" , ""channel"" : 157 , ""bandwidth"" : 80}], deassociateStaList=[30:24:32:9b:3b:f1], frequencySetBy=10}",2019-03-26 13:37
b8:ec:a3:2f:bd:30,b8:ec:a3:2f:bd:33,6 (2437 MHz),INFORM CS - MODIFY AP CONFIGURATION,RRM,CONFIG_SERVICE,"{candidateBssList=[{ ""bssid"" : ""b8:ec:a3:2f:bd:31"" , ""channel"" : 153 , ""bandwidth"" : 80}], deassociateStaList=[48:4b:aa:af:cb:19], frequencySetBy=10}",2019-03-26 13:28
04:bf:6d:5e:11:8c,04:bf:6d:5e:11:8f,1 (2412 MHz),INFORM CS - MODIFY AP CONFIGURATION,RRM,CONFIG_SERVICE,"{candidateBssList=[{ ""bssid"" : ""04:bf:6d:5e:11:8d"" , ""channel"" : 149 , ""bandwidth"" : 80}], deassociateStaList=[f8:62:14:bd:f6:d2], frequencySetBy=10}",2019-03-26 13:12
04:bf:6d:5e:11:8d,04:bf:6d:5e:11:8f,48 (5240 MHz),INFORM CS - MODIFY AP CONFIGURATION,RRM,CONFIG_SERVICE,"{FrequencySetBy Changed =-1 -> 4, channelSetSelection Changed =3 -> 4, Frequency(MHz) Changed=5240 -> 5745, Transmit Power(dBm) Changed=16.0 -> 22.0}",2019-03-26 13:09
04:bf:6d:5e:11:8d,04:bf:6d:5e:11:8f,48 (5240 MHz),INITIAL CHANNEL SELECTION,RRM,RRM,"{Description=This event is triggered after AP bootup and sends initial channel metrics, ap_manufacturer=ZyXEL_EMG2926}",2019-03-26 13:09
04:bf:6d:5e:11:8c,04:bf:6d:5e:11:8f,1 (2412 MHz),INFORM CS - MODIFY AP CONFIGURATION,RRM,CONFIG_SERVICE,"{channelSetSelection Changed =3 -> 4}",2019-03-26 13:09
04:bf:6d:5e:11:8c,04:bf:6d:5e:11:8f,1 (2412 MHz),INITIAL CHANNEL SELECTION,RRM,RRM,"{Description=This event is triggered after AP bootup and sends initial channel metrics, ap_manufacturer=ZyXEL_EMG2926}",2019-03-26 13:09
04:bf:6d:5e:11:8d,04:bf:6d:5e:11:8f,48 (5240 MHz),INFORM CS - AP BOOTUP AFTER POWER CYCLE,AP,CONFIG_SERVICE,"No changes",2019-03-26 13:08
04:bf:6d:5e:11:8c,04:bf:6d:5e:11:8f,1 (2412 MHz),INFORM CS - AP BOOTUP AFTER POWER CYCLE,AP,CONFIG_SERVICE,"No changes",2019-03-26 13:08
04:bf:6d:5e:12:8c,04:bf:6d:5e:12:8f,1 (2412 MHz),INFORM CS - MODIFY AP CONFIGURATION,RRM,CONFIG_SERVICE,"{Frequency(MHz) Changed=2412 -> 2462}",2019-03-26 12:25
04:bf:6d:5e:12:8c,04:bf:6d:5e:12:8f,1 (2412 MHz),NOISE THRESHOLD EXCEEDED,RRM,RRM,"{Description=This event is triggered when reported noise threshold exceeds the specified threshold below for 2 reporting periods, ownChannelNoiseComputed=-62.5, ap_manufacturer=ZyXEL_EMG2926, noise_jammer_threshold=-70}",2019-03-26 12:25
04:bf:6d:5e:12:8c,04:bf:6d:5e:12:8f,11 (2462 MHz),INFORM CS - MODIFY AP CONFIGURATION,RRM,CONFIG_SERVICE,"{Frequency(MHz) Changed=2462 -> 2412}",2019-03-26 12:23
04:bf:6d:5e:12:8c,04:bf:6d:5e:12:8f,11 (2462 MHz),NOISE THRESHOLD EXCEEDED,RRM,RRM,"{Description=This event is triggered when reported noise threshold exceeds the specified threshold below for 2 reporting periods, ownChannelNoiseComputed=-68.0, ap_manufacturer=ZyXEL_EMG2926, noise_jammer_threshold=-70}",2019-03-26 12:23
04:bf:6d:5e:12:8c,04:bf:6d:5e:12:8f,1 (2412 MHz),INFORM CS - MODIFY AP CONFIGURATION,RRM,CONFIG_SERVICE,"{Frequency(MHz) Changed=2412 -> 2462}",2019-03-26 12:21
04:bf:6d:5e:12:8c,04:bf:6d:5e:12:8f,1 (2412 MHz),NOISE ALARM DETECTED,RRM,RRM,"{Description=This event is triggered when noise alarm reported by the AP, ap_manufacturer=ZyXEL_EMG2926, alarm message=Noise -50 on channel 2412 Exceeded threshold -70 on AP 04:bf:6d:5e:12:8f}",2019-03-26 12:21
04:bf:6d:5e:12:8c,04:bf:6d:5e:12:8f,11 (2462 MHz),INFORM CS - MODIFY AP CONFIGURATION,RRM,CONFIG_SERVICE,"{Frequency(MHz) Changed=2462 -> 2412}",2019-03-26 12:19
04:bf:6d:5e:12:8c,04:bf:6d:5e:12:8f,11 (2462 MHz),NOISE ALARM DETECTED,RRM,RRM,"{Description=This event is triggered when noise alarm reported by the AP, ap_manufacturer=ZyXEL_EMG2926, alarm message=Noise -70 on channel 2462 Exceeded threshold -70 on AP 04:bf:6d:5e:12:8f}",2019-03-26 12:19
04:bf:6d:5e:12:8c,04:bf:6d:5e:12:8f,1 (2412 MHz),INFORM CS - MODIFY AP CONFIGURATION,RRM,CONFIG_SERVICE,"{Frequency(MHz) Changed=2412 -> 2462}",2019-03-26 12:10
04:bf:6d:5e:12:8c,04:bf:6d:5e:12:8f,1 (2412 MHz),NOISE THRESHOLD EXCEEDED,RRM,RRM,"{Description=This event is triggered when reported noise threshold exceeds the specified threshold below for 2 reporting periods, ownChannelNoiseComputed=-64.4, ap_manufacturer=ZyXEL_EMG2926, noise_jammer_threshold=-70}",2019-03-26 12:10
04:bf:6d:5e:12:8c,04:bf:6d:5e:12:8f,11 (2462 MHz),INFORM CS - MODIFY AP CONFIGURATION,RRM,CONFIG_SERVICE,"{Frequency(MHz) Changed=2462 -> 2412}",2019-03-26 12:08
04:bf:6d:5e:12:8c,04:bf:6d:5e:12:8f,11 (2462 MHz),NOISE THRESHOLD EXCEEDED,RRM,RRM,"{Description=This event is triggered when reported noise threshold exceeds the specified threshold below for 2 reporting periods, ownChannelNoiseComputed=-64.0, ap_manufacturer=ZyXEL_EMG2926, noise_jammer_threshold=-70}",2019-03-26 12:08
04:bf:6d:5e:12:8c,04:bf:6d:5e:12:8f,1 (2412 MHz),INFORM CS - MODIFY AP CONFIGURATION,RRM,CONFIG_SERVICE,"{Frequency(MHz) Changed=2412 -> 2462}",2019-03-26 12:06
04:bf:6d:5e:12:8c,04:bf:6d:5e:12:8f,1 (2412 MHz),NOISE THRESHOLD EXCEEDED,RRM,RRM,"{Description=This event is triggered when reported noise threshold exceeds the specified threshold below for 2 reporting periods, ownChannelNoiseComputed=-50.0, ap_manufacturer=ZyXEL_EMG2926, noise_jammer_threshold=-70}",2019-03-26 12:06
04:bf:6d:5e:12:8c,04:bf:6d:5e:12:8f,11 (2462 MHz),INFORM CS - MODIFY AP CONFIGURATION,RRM,CONFIG_SERVICE,"{Frequency(MHz) Changed=2462 -> 2412}",2019-03-26 12:04
04:bf:6d:5e:12:8c,04:bf:6d:5e:12:8f,11 (2462 MHz),NOISE ALARM DETECTED,RRM,RRM,"{Description=This event is triggered when noise alarm reported by the AP, ap_manufacturer=ZyXEL_EMG2926, alarm message=Noise -50 on channel 2462 Exceeded threshold -70 on AP 04:bf:6d:5e:12:8f}",2019-03-26 12:04
04:bf:6d:5e:12:8c,04:bf:6d:5e:12:8f,1 (2412 MHz),INFORM CS - MODIFY AP CONFIGURATION,RRM,CONFIG_SERVICE,"{Frequency(MHz) Changed=2412 -> 2462}",2019-03-26 12:01
04:bf:6d:5e:12:8c,04:bf:6d:5e:12:8f,1 (2412 MHz),NOISE ALARM DETECTED,RRM,RRM,"{Description=This event is triggered when noise alarm reported by the AP, ap_manufacturer=ZyXEL_EMG2926, alarm message=Noise -50 on channel 2412 Exceeded threshold -70 on AP 04:bf:6d:5e:12:8f}",2019-03-26 12:01
04:bf:6d:5e:12:8c,04:bf:6d:5e:12:8f,11 (2462 MHz),INFORM CS - MODIFY AP CONFIGURATION,RRM,CONFIG_SERVICE,"{Frequency(MHz) Changed=2462 -> 2412}",2019-03-26 11:59
04:bf:6d:5e:12:8c,04:bf:6d:5e:12:8f,11 (2462 MHz),NOISE THRESHOLD EXCEEDED,RRM,RRM,"{Description=This event is triggered when reported noise threshold exceeds the specified threshold below for 2 reporting periods, ownChannelNoiseComputed=-63.666666666666664, ap_manufacturer=ZyXEL_EMG2926, noise_jammer_threshold=-70}",2019-03-26 11:59
04:bf:6d:5e:12:8c,04:bf:6d:5e:12:8f,1 (2412 MHz),INFORM CS - MODIFY AP CONFIGURATION,RRM,CONFIG_SERVICE,"{Frequency(MHz) Changed=2412 -> 2462}",2019-03-26 11:57
04:bf:6d:5e:12:8c,04:bf:6d:5e:12:8f,1 (2412 MHz),NOISE ALARM DETECTED,RRM,RRM,"{Description=This event is triggered when noise alarm reported by the AP, ap_manufacturer=ZyXEL_EMG2926, alarm message=Noise -50 on channel 2412 Exceeded threshold -70 on AP 04:bf:6d:5e:12:8f}",2019-03-26 11:57
04:bf:6d:5e:12:8c,04:bf:6d:5e:12:8f,11 (2462 MHz),INFORM CS - MODIFY AP CONFIGURATION,RRM,CONFIG_SERVICE,"{Frequency(MHz) Changed=2462 -> 2412}",2019-03-26 11:55
04:bf:6d:5e:12:8c,04:bf:6d:5e:12:8f,11 (2462 MHz),NOISE ALARM DETECTED,RRM,RRM,"{Description=This event is triggered when noise alarm reported by the AP, ap_manufacturer=ZyXEL_EMG2926, alarm message=Noise -50 on channel 2462 Exceeded threshold -70 on AP 04:bf:6d:5e:12:8f}",2019-03-26 11:55
04:bf:6d:5e:12:8c,04:bf:6d:5e:12:8f,6 (2437 MHz),INFORM CS - MODIFY AP CONFIGURATION,RRM,CONFIG_SERVICE,"{Frequency(MHz) Changed=2437 -> 2462}",2019-03-26 11:53
04:bf:6d:5e:12:8c,04:bf:6d:5e:12:8f,6 (2437 MHz),NOISE ALARM DETECTED,RRM,RRM,"{Description=This event is triggered when noise alarm reported by the AP, ap_manufacturer=ZyXEL_EMG2926, alarm message=Noise -70 on channel 2437 Exceeded threshold -70 on AP 04:bf:6d:5e:12:8f}",2019-03-26 11:53
b8:ec:a3:2f:bd:f8,b8:ec:a3:2f:bd:fb,6 (2437 MHz),INFORM CS - MODIFY AP CONFIGURATION,RRM,CONFIG_SERVICE,"{candidateBssList=[{ ""bssid"" : ""b8:ec:a3:2f:bd:f9"" , ""channel"" : 149 , ""bandwidth"" : 80}], deassociateStaList=[94:65:2d:82:4f:8d], frequencySetBy=10}",2019-03-26 11:04
04:bf:6d:5e:12:70,04:bf:6d:5e:12:73,1 (2412 MHz),INFORM CS - MODIFY AP CONFIGURATION,RRM,CONFIG_SERVICE,"{candidateBssList=[{ ""bssid"" : ""04:bf:6d:5e:12:71"" , ""channel"" : 153 , ""bandwidth"" : 80}], deassociateStaList=[88:66:a5:ba:5b:1b], frequencySetBy=10}",2019-03-26 10:16
04:bf:6d:5e:26:68,04:bf:6d:5e:26:6b,11 (2462 MHz),INFORM CS - MODIFY AP CONFIGURATION,RRM,CONFIG_SERVICE,"{candidateBssList=[{ ""bssid"" : ""04:bf:6d:5e:26:69"" , ""channel"" : 157 , ""bandwidth"" : 80}], deassociateStaList=[d0:d2:b0:4e:d9:8d], frequencySetBy=10}",2019-03-26 10:09
b8:ec:a3:2f:bd:dc,b8:ec:a3:2f:bd:df,11 (2462 MHz),INFORM CS - MODIFY AP CONFIGURATION,RRM,CONFIG_SERVICE,"{candidateBssList=[{ ""bssid"" : ""b8:ec:a3:2f:bd:dd"" , ""channel"" : 149 , ""bandwidth"" : 80}], deassociateStaList=[f8:2d:7c:89:d5:3f], frequencySetBy=10}",2019-03-26 09:47
04:bf:6d:5e:12:8c,04:bf:6d:5e:12:8f,1 (2412 MHz),INFORM CS - MODIFY AP CONFIGURATION,RRM,CONFIG_SERVICE,"{Frequency(MHz) Changed=2412 -> 2437}",2019-03-26 08:21
04:bf:6d:5e:12:8c,04:bf:6d:5e:12:8f,1 (2412 MHz),NOISE ALARM DETECTED,RRM,RRM,"{Description=This event is triggered when noise alarm reported by the AP, ap_manufacturer=ZyXEL_EMG2926, alarm message=Noise -50 on channel 2412 Exceeded threshold -70 on AP 04:bf:6d:5e:12:8f}",2019-03-26 08:21
04:bf:6d:5e:12:8c,04:bf:6d:5e:12:8f,6 (2437 MHz),INFORM CS - MODIFY AP CONFIGURATION,RRM,CONFIG_SERVICE,"{Frequency(MHz) Changed=2437 -> 2412}",2019-03-26 08:19
04:bf:6d:5e:12:8c,04:bf:6d:5e:12:8f,6 (2437 MHz),NOISE THRESHOLD EXCEEDED,RRM,RRM,"{Description=This event is triggered when reported noise threshold exceeds the specified threshold below for 2 reporting periods, ownChannelNoiseComputed=-62.833333333333336, ap_manufacturer=ZyXEL_EMG2926, noise_jammer_threshold=-70}",2019-03-26 08:19
04:bf:6d:5e:12:8c,04:bf:6d:5e:12:8f,1 (2412 MHz),INFORM CS - MODIFY AP CONFIGURATION,RRM,CONFIG_SERVICE,"{Frequency(MHz) Changed=2412 -> 2437}",2019-03-26 08:17
04:bf:6d:5e:12:8c,04:bf:6d:5e:12:8f,1 (2412 MHz),NOISE ALARM DETECTED,RRM,RRM,"{Description=This event is triggered when noise alarm reported by the AP, ap_manufacturer=ZyXEL_EMG2926, alarm message=Noise -50 on channel 2412 Exceeded threshold -70 on AP 04:bf:6d:5e:12:8f}",2019-03-26 08:17
04:bf:6d:5e:12:8c,04:bf:6d:5e:12:8f,6 (2437 MHz),INFORM CS - MODIFY AP CONFIGURATION,RRM,CONFIG_SERVICE,"{Frequency(MHz) Changed=2437 -> 2412}",2019-03-26 08:15
04:bf:6d:5e:12:8c,04:bf:6d:5e:12:8f,6 (2437 MHz),NOISE ALARM DETECTED,RRM,RRM,"{Description=This event is triggered when noise alarm reported by the AP, ap_manufacturer=ZyXEL_EMG2926, alarm message=Noise -50 on channel 2437 Exceeded threshold -70 on AP 04:bf:6d:5e:12:8f}",2019-03-26 08:15
04:bf:6d:5e:12:8c,04:bf:6d:5e:12:8f,1 (2412 MHz),INFORM CS - MODIFY AP CONFIGURATION,RRM,CONFIG_SERVICE,"{Frequency(MHz) Changed=2412 -> 2437}",2019-03-26 08:12
04:bf:6d:5e:12:8c,04:bf:6d:5e:12:8f,1 (2412 MHz),NOISE ALARM DETECTED,RRM,RRM,"{Description=This event is triggered when noise alarm reported by the AP, ap_manufacturer=ZyXEL_EMG2926, alarm message=Noise -50 on channel 2412 Exceeded threshold -70 on AP 04:bf:6d:5e:12:8f}",2019-03-26 08:12
04:bf:6d:5e:12:8c,04:bf:6d:5e:12:8f,11 (2462 MHz),INFORM CS - MODIFY AP CONFIGURATION,RRM,CONFIG_SERVICE,"{Frequency(MHz) Changed=2462 -> 2412}",2019-03-26 08:10
04:bf:6d:5e:12:8c,04:bf:6d:5e:12:8f,11 (2462 MHz),NOISE ALARM DETECTED,RRM,RRM,"{Description=This event is triggered when noise alarm reported by the AP, ap_manufacturer=ZyXEL_EMG2926, alarm message=Noise -70 on channel 2462 Exceeded threshold -70 on AP 04:bf:6d:5e:12:8f}",2019-03-26 08:10
04:bf:6d:5e:12:8c,04:bf:6d:5e:12:8f,1 (2412 MHz),INFORM CS - MODIFY AP CONFIGURATION,RRM,CONFIG_SERVICE,"{Frequency(MHz) Changed=2412 -> 2462}",2019-03-26 08:02
04:bf:6d:5e:12:8c,04:bf:6d:5e:12:8f,1 (2412 MHz),NOISE ALARM DETECTED,RRM,RRM,"{Description=This event is triggered when noise alarm reported by the AP, ap_manufacturer=ZyXEL_EMG2926, alarm message=Noise -50 on channel 2412 Exceeded threshold -70 on AP 04:bf:6d:5e:12:8f}",2019-03-26 08:02
04:bf:6d:5e:12:8c,04:bf:6d:5e:12:8f,11 (2462 MHz),INFORM CS - MODIFY AP CONFIGURATION,RRM,CONFIG_SERVICE,"{Frequency(MHz) Changed=2462 -> 2412}",2019-03-26 08:00
04:bf:6d:5e:12:8c,04:bf:6d:5e:12:8f,11 (2462 MHz),NOISE THRESHOLD EXCEEDED,RRM,RRM,"{Description=This event is triggered when reported noise threshold exceeds the specified threshold below for 2 reporting periods, ownChannelNoiseComputed=-69.6, ap_manufacturer=ZyXEL_EMG2926, noise_jammer_threshold=-70}",2019-03-26 08:00
04:bf:6d:5e:12:8c,04:bf:6d:5e:12:8f,1 (2412 MHz),INFORM CS - MODIFY AP CONFIGURATION,RRM,CONFIG_SERVICE,"{Frequency(MHz) Changed=2412 -> 2462}",2019-03-26 07:58
04:bf:6d:5e:12:8c,04:bf:6d:5e:12:8f,1 (2412 MHz),NOISE THRESHOLD EXCEEDED,RRM,RRM,"{Description=This event is triggered when reported noise threshold exceeds the specified threshold below for 2 reporting periods, ownChannelNoiseComputed=-60.8, ap_manufacturer=ZyXEL_EMG2926, noise_jammer_threshold=-70}",2019-03-26 07:58
04:bf:6d:5e:12:8c,04:bf:6d:5e:12:8f,11 (2462 MHz),INFORM CS - MODIFY AP CONFIGURATION,RRM,CONFIG_SERVICE,"{FrequencySetBy Changed =10 -> 4, Frequency(MHz) Changed=2462 -> 2412}",2019-03-26 07:55
04:bf:6d:5e:12:8c,04:bf:6d:5e:12:8f,11 (2462 MHz),NOISE ALARM DETECTED,RRM,RRM,"{Description=This event is triggered when noise alarm reported by the AP, ap_manufacturer=ZyXEL_EMG2926, alarm message=Noise -70 on channel 2462 Exceeded threshold -70 on AP 04:bf:6d:5e:12:8f}",2019-03-26 07:55
a0:e4:cb:fc:b4:ec,a0:e4:cb:fc:b4:ef,6 (2437 MHz),INFORM CS - MODIFY AP CONFIGURATION,RRM,CONFIG_SERVICE,"{candidateBssList=[{ ""bssid"" : ""a0:e4:cb:fc:b4:ed"" , ""channel"" : 149 , ""bandwidth"" : 80}], deassociateStaList=[c0:bd:d1:7e:1a:7e], frequencySetBy=10}",2019-03-26 07:30
a0:e4:cb:fc:b4:ec,a0:e4:cb:fc:b4:ef,6 (2437 MHz),INFORM CS - MODIFY AP CONFIGURATION,RRM,CONFIG_SERVICE,"{candidateBssList=[{ ""bssid"" : ""a0:e4:cb:fc:b4:ed"" , ""channel"" : 149 , ""bandwidth"" : 80}], deassociateStaList=[14:bb:6e:9d:be:f7], frequencySetBy=10}",2019-03-26 00:49
a0:e4:cb:fc:b4:ec,a0:e4:cb:fc:b4:ef,6 (2437 MHz),INFORM CS - MODIFY AP CONFIGURATION,RRM,CONFIG_SERVICE,"{candidateBssList=[{ ""bssid"" : ""a0:e4:cb:fc:b4:ed"" , ""channel"" : 149 , ""bandwidth"" : 80}], deassociateStaList=[14:bb:6e:9d:be:f7], frequencySetBy=10}",2019-03-26 00:46
a0:e4:cb:fc:b4:ec,a0:e4:cb:fc:b4:ef,6 (2437 MHz),INFORM CS - MODIFY AP CONFIGURATION,RRM,CONFIG_SERVICE,"{candidateBssList=[{ ""bssid"" : ""a0:e4:cb:fc:b4:ed"" , ""channel"" : 149 , ""bandwidth"" : 80}], deassociateStaList=[14:bb:6e:9d:be:f7], frequencySetBy=10}",2019-03-26 00:42
a0:e4:cb:fc:b4:ec,a0:e4:cb:fc:b4:ef,6 (2437 MHz),INFORM CS - MODIFY AP CONFIGURATION,RRM,CONFIG_SERVICE,"{candidateBssList=[{ ""bssid"" : ""a0:e4:cb:fc:b4:ed"" , ""channel"" : 149 , ""bandwidth"" : 80}], deassociateStaList=[34:12:f9:e8:4d:da], frequencySetBy=10}",2019-03-26 00:20












