dateTime,airTimePercentage2pt4GHz,airTimePercentage5GHz,atfEnabled2pt4GHz,atfEnabled5GHz,countryCode,enabled,id,isFairPolicy2pt4GHz,isFairPolicy5GHz,name,publicSsid2pt4Controlled,publicSsid5Controlled,publicWifiNetworkID2pt4GHz,publicWifiNetworkID5GHz,ssidList2pt4GHz,ssidList5GHz
2019-03-26 00:45:01,1,1,False,False,CA,True,5e60c5ff-56e0-4987-a72d-e86f5bdaef15,True,True,ZyXEL,False,False,,,[''],['']
2019-03-26 01:45:02,1,1,False,False,CA,True,5e60c5ff-56e0-4987-a72d-e86f5bdaef15,True,True,ZyXEL,False,False,,,[''],['']
2019-03-26 02:45:01,1,1,False,False,CA,True,5e60c5ff-56e0-4987-a72d-e86f5bdaef15,True,True,ZyXEL,False,False,,,[''],['']
2019-03-26 03:45:01,1,1,False,False,CA,True,5e60c5ff-56e0-4987-a72d-e86f5bdaef15,True,True,ZyXEL,False,False,,,[''],['']
2019-03-26 04:45:02,1,1,False,False,CA,True,5e60c5ff-56e0-4987-a72d-e86f5bdaef15,True,True,ZyXEL,False,False,,,[''],['']
2019-03-26 05:45:01,1,1,False,False,CA,True,5e60c5ff-56e0-4987-a72d-e86f5bdaef15,True,True,ZyXEL,False,False,,,[''],['']
2019-03-26 06:45:01,1,1,False,False,CA,True,5e60c5ff-56e0-4987-a72d-e86f5bdaef15,True,True,ZyXEL,False,False,,,[''],['']
2019-03-26 07:45:02,1,1,False,False,CA,True,5e60c5ff-56e0-4987-a72d-e86f5bdaef15,True,True,ZyXEL,False,False,,,[''],['']
2019-03-26 08:45:01,1,1,False,False,CA,True,5e60c5ff-56e0-4987-a72d-e86f5bdaef15,True,True,ZyXEL,False,False,,,[''],['']
2019-03-26 09:45:01,1,1,False,False,CA,True,5e60c5ff-56e0-4987-a72d-e86f5bdaef15,True,True,ZyXEL,False,False,,,[''],['']
2019-03-26 10:45:01,1,1,False,False,CA,True,5e60c5ff-56e0-4987-a72d-e86f5bdaef15,True,True,ZyXEL,False,False,,,[''],['']
2019-03-26 11:45:01,1,1,False,False,CA,True,5e60c5ff-56e0-4987-a72d-e86f5bdaef15,True,True,ZyXEL,False,False,,,[''],['']
2019-03-26 12:45:02,1,1,False,False,CA,True,5e60c5ff-56e0-4987-a72d-e86f5bdaef15,True,True,ZyXEL,False,False,,,[''],['']
2019-03-26 13:45:01,1,1,False,False,CA,True,5e60c5ff-56e0-4987-a72d-e86f5bdaef15,True,True,ZyXEL,False,False,,,[''],['']
2019-03-26 14:45:01,1,1,False,False,CA,True,5e60c5ff-56e0-4987-a72d-e86f5bdaef15,True,True,ZyXEL,False,False,,,[''],['']
2019-03-26 15:45:01,1,1,False,False,CA,True,5e60c5ff-56e0-4987-a72d-e86f5bdaef15,True,True,ZyXEL,False,False,,,[''],['']
2019-03-26 16:45:02,1,1,False,False,CA,True,5e60c5ff-56e0-4987-a72d-e86f5bdaef15,True,True,ZyXEL,False,False,,,[''],['']
2019-03-26 17:45:01,1,1,False,False,CA,True,5e60c5ff-56e0-4987-a72d-e86f5bdaef15,True,True,ZyXEL,False,False,,,[''],['']
2019-03-26 18:45:02,1,1,False,False,CA,True,5e60c5ff-56e0-4987-a72d-e86f5bdaef15,True,True,ZyXEL,False,False,,,[''],['']
2019-03-26 19:45:01,1,1,False,False,CA,True,5e60c5ff-56e0-4987-a72d-e86f5bdaef15,True,True,ZyXEL,False,False,,,[''],['']
2019-03-26 20:45:01,1,1,False,False,CA,True,5e60c5ff-56e0-4987-a72d-e86f5bdaef15,True,True,ZyXEL,False,False,,,[''],['']
2019-03-26 21:45:02,1,1,False,False,CA,True,5e60c5ff-56e0-4987-a72d-e86f5bdaef15,True,True,ZyXEL,False,False,,,[''],['']
2019-03-26 22:45:01,1,1,False,False,CA,True,5e60c5ff-56e0-4987-a72d-e86f5bdaef15,True,True,ZyXEL,False,False,,,[''],['']
2019-03-26 23:45:02,1,1,False,False,CA,True,5e60c5ff-56e0-4987-a72d-e86f5bdaef15,True,True,ZyXEL,False,False,,,[''],['']
