Event Log

MAC Address,Prim. MAC Address,Channel,Type,Module (from),Module (to),Message,Time stamp
04:bf:6d:5e:26:64,04:bf:6d:5e:26:67,6 (2437 MHz),INFORM CS - MODIFY AP CONFIGURATION,RRM,CONFIG_SERVICE,"{candidateBssList=[{ ""bssid"" : ""04:bf:6d:5e:26:65"" , ""channel"" : 149 , ""bandwidth"" : 80}], deassociateStaList=[fc:c2:de:94:56:d9], frequencySetBy=10}",2019-03-07 03:30
04:bf:6d:5e:12:64,04:bf:6d:5e:12:67,1 (2412 MHz),INFORM CS - MODIFY AP CONFIGURATION,RRM,CONFIG_SERVICE,"{candidateBssList=[{ ""bssid"" : ""04:bf:6d:5e:12:65"" , ""channel"" : 161 , ""bandwidth"" : 80}], deassociateStaList=[58:82:a8:64:a7:f1], frequencySetBy=10}",2019-03-07 01:17
a0:e4:cb:fc:b4:ec,a0:e4:cb:fc:b4:ef,6 (2437 MHz),INFORM CS - MODIFY AP CONFIGURATION,RRM,CONFIG_SERVICE,"{candidateBssList=[{ ""bssid"" : ""a0:e4:cb:fc:b4:ed"" , ""channel"" : 149 , ""bandwidth"" : 80}], deassociateStaList=[c0:bd:d1:7e:1a:7e], frequencySetBy=10}",2019-03-06 23:59
04:bf:6d:5e:26:64,04:bf:6d:5e:26:67,6 (2437 MHz),INFORM CS - MODIFY AP CONFIGURATION,RRM,CONFIG_SERVICE,"{candidateBssList=[{ ""bssid"" : ""04:bf:6d:5e:26:65"" , ""channel"" : 149 , ""bandwidth"" : 80}], deassociateStaList=[fc:c2:de:94:56:d9], frequencySetBy=10}",2019-03-06 22:21
a0:e4:cb:fc:b4:ec,a0:e4:cb:fc:b4:ef,6 (2437 MHz),INFORM CS - MODIFY AP CONFIGURATION,RRM,CONFIG_SERVICE,"{candidateBssList=[{ ""bssid"" : ""a0:e4:cb:fc:b4:ed"" , ""channel"" : 149 , ""bandwidth"" : 80}], deassociateStaList=[34:12:f9:e8:4d:da], frequencySetBy=10}",2019-03-06 22:10
b8:ec:a3:2f:bd:dc,b8:ec:a3:2f:bd:df,11 (2462 MHz),INFORM CS - MODIFY AP CONFIGURATION,RRM,CONFIG_SERVICE,"{candidateBssList=[{ ""bssid"" : ""b8:ec:a3:2f:bd:dd"" , ""channel"" : 149 , ""bandwidth"" : 80}], deassociateStaList=[60:30:d4:3d:2a:73], frequencySetBy=10}",2019-03-06 21:12
04:bf:6d:5e:26:68,04:bf:6d:5e:26:6b,11 (2462 MHz),INFORM CS - MODIFY AP CONFIGURATION,RRM,CONFIG_SERVICE,"{candidateBssList=[{ ""bssid"" : ""04:bf:6d:5e:26:69"" , ""channel"" : 157 , ""bandwidth"" : 80}], deassociateStaList=[d0:d2:b0:4e:d9:8d], frequencySetBy=10}",2019-03-06 21:10
04:bf:6d:5e:26:64,04:bf:6d:5e:26:67,6 (2437 MHz),INFORM CS - MODIFY AP CONFIGURATION,RRM,CONFIG_SERVICE,"{candidateBssList=[{ ""bssid"" : ""04:bf:6d:5e:26:65"" , ""channel"" : 149 , ""bandwidth"" : 80}], deassociateStaList=[fc:c2:de:94:56:d9], frequencySetBy=10}",2019-03-06 21:05
a0:e4:cb:fc:b4:ec,a0:e4:cb:fc:b4:ef,6 (2437 MHz),INFORM CS - MODIFY AP CONFIGURATION,RRM,CONFIG_SERVICE,"{candidateBssList=[{ ""bssid"" : ""a0:e4:cb:fc:b4:ed"" , ""channel"" : 149 , ""bandwidth"" : 80}], deassociateStaList=[34:12:f9:e8:4d:da], frequencySetBy=10}",2019-03-06 20:57
04:bf:6d:5e:12:8c,04:bf:6d:5e:12:8f,11 (2462 MHz),INFORM CS - MODIFY AP CONFIGURATION,RRM,CONFIG_SERVICE,"{candidateBssList=[{ ""bssid"" : ""04:bf:6d:5e:12:8d"" , ""channel"" : 149 , ""bandwidth"" : 80}], deassociateStaList=[e4:f0:42:a5:85:38], frequencySetBy=10}",2019-03-06 20:45
b8:ec:a3:2f:bd:74,b8:ec:a3:2f:bd:77,6 (2437 MHz),INFORM CS - MODIFY AP CONFIGURATION,RRM,CONFIG_SERVICE,"{candidateBssList=[{ ""bssid"" : ""b8:ec:a3:2f:bd:75"" , ""channel"" : 153 , ""bandwidth"" : 80}], deassociateStaList=[f4:96:34:86:af:ce], frequencySetBy=10}",2019-03-06 20:06
04:bf:6d:5e:11:84,04:bf:6d:5e:11:87,6 (2437 MHz),INFORM CS - MODIFY AP CONFIGURATION,RRM,CONFIG_SERVICE,"{candidateBssList=[{ ""bssid"" : ""04:bf:6d:5e:11:85"" , ""channel"" : 161 , ""bandwidth"" : 80}], deassociateStaList=[44:91:60:56:07:bc], frequencySetBy=10}",2019-03-06 20:05
b8:ec:a3:2f:bd:dc,b8:ec:a3:2f:bd:df,11 (2462 MHz),INFORM CS - MODIFY AP CONFIGURATION,RRM,CONFIG_SERVICE,"{candidateBssList=[{ ""bssid"" : ""b8:ec:a3:2f:bd:dd"" , ""channel"" : 149 , ""bandwidth"" : 80}], deassociateStaList=[60:30:d4:3d:2a:73], frequencySetBy=10}",2019-03-06 19:27
b8:ec:a3:2f:bd:2c,b8:ec:a3:2f:bd:2f,1 (2412 MHz),INFORM CS - MODIFY AP CONFIGURATION,RRM,CONFIG_SERVICE,"{candidateBssList=[{ ""bssid"" : ""b8:ec:a3:2f:bd:2d"" , ""channel"" : 157 , ""bandwidth"" : 80}], deassociateStaList=[f0:0f:ec:f8:01:ac], frequencySetBy=10}",2019-03-06 17:45
b8:ec:a3:2f:bd:74,b8:ec:a3:2f:bd:77,6 (2437 MHz),INFORM CS - MODIFY AP CONFIGURATION,RRM,CONFIG_SERVICE,"{candidateBssList=[{ ""bssid"" : ""b8:ec:a3:2f:bd:75"" , ""channel"" : 153 , ""bandwidth"" : 80}], deassociateStaList=[dc:ef:ca:7c:34:64], frequencySetBy=10}",2019-03-06 16:54
b8:ec:a3:2f:bd:44,b8:ec:a3:2f:bd:47,1 (2412 MHz),INFORM CS - MODIFY AP CONFIGURATION,RRM,CONFIG_SERVICE,"{candidateBssList=[{ ""bssid"" : ""b8:ec:a3:2f:bd:45"" , ""channel"" : 153 , ""bandwidth"" : 80}], deassociateStaList=[d4:a3:3d:a6:43:3c], frequencySetBy=10}",2019-03-06 16:51
b8:ec:a3:2f:bd:48,b8:ec:a3:2f:bd:4b,1 (2412 MHz),INFORM CS - MODIFY AP CONFIGURATION,RRM,CONFIG_SERVICE,"{candidateBssList=[{ ""bssid"" : ""b8:ec:a3:2f:bd:49"" , ""channel"" : 149 , ""bandwidth"" : 80}], deassociateStaList=[24:a0:74:0f:36:40], frequencySetBy=10}",2019-03-06 16:47
b8:ec:a3:2f:bd:2c,b8:ec:a3:2f:bd:2f,1 (2412 MHz),INFORM CS - MODIFY AP CONFIGURATION,RRM,CONFIG_SERVICE,"{candidateBssList=[{ ""bssid"" : ""b8:ec:a3:2f:bd:2d"" , ""channel"" : 157 , ""bandwidth"" : 80}], deassociateStaList=[f0:0f:ec:f8:01:ac], frequencySetBy=10}",2019-03-06 16:44
b8:ec:a3:2f:bd:2c,b8:ec:a3:2f:bd:2f,1 (2412 MHz),INFORM CS - MODIFY AP CONFIGURATION,RRM,CONFIG_SERVICE,"{candidateBssList=[{ ""bssid"" : ""b8:ec:a3:2f:bd:2d"" , ""channel"" : 157 , ""bandwidth"" : 80}], deassociateStaList=[f0:0f:ec:f8:01:ac], frequencySetBy=10}",2019-03-06 16:40
04:bf:6d:5e:26:64,04:bf:6d:5e:26:67,6 (2437 MHz),INFORM CS - MODIFY AP CONFIGURATION,RRM,CONFIG_SERVICE,"{candidateBssList=[{ ""bssid"" : ""04:bf:6d:5e:26:65"" , ""channel"" : 149 , ""bandwidth"" : 80}], deassociateStaList=[fc:c2:de:94:56:d9], frequencySetBy=10}",2019-03-06 16:30
b8:ec:a3:2f:bd:2c,b8:ec:a3:2f:bd:2f,1 (2412 MHz),INFORM CS - MODIFY AP CONFIGURATION,RRM,CONFIG_SERVICE,"{candidateBssList=[{ ""bssid"" : ""b8:ec:a3:2f:bd:2d"" , ""channel"" : 157 , ""bandwidth"" : 80}], deassociateStaList=[f0:0f:ec:f8:01:ac], frequencySetBy=10}",2019-03-06 16:27
b8:ec:a3:2f:bd:30,b8:ec:a3:2f:bd:33,6 (2437 MHz),INFORM CS - MODIFY AP CONFIGURATION,RRM,CONFIG_SERVICE,"{candidateBssList=[{ ""bssid"" : ""b8:ec:a3:2f:bd:31"" , ""channel"" : 153 , ""bandwidth"" : 80}], deassociateStaList=[48:4b:aa:af:cb:19], frequencySetBy=10}",2019-03-06 16:03
b8:ec:a3:2f:bd:30,b8:ec:a3:2f:bd:33,6 (2437 MHz),INFORM CS - MODIFY AP CONFIGURATION,RRM,CONFIG_SERVICE,"{candidateBssList=[{ ""bssid"" : ""b8:ec:a3:2f:bd:31"" , ""channel"" : 153 , ""bandwidth"" : 80}], deassociateStaList=[48:4b:aa:af:cb:19], frequencySetBy=10}",2019-03-06 15:55
b8:ec:a3:2f:bd:30,b8:ec:a3:2f:bd:33,6 (2437 MHz),INFORM CS - MODIFY AP CONFIGURATION,RRM,CONFIG_SERVICE,"{candidateBssList=[{ ""bssid"" : ""b8:ec:a3:2f:bd:31"" , ""channel"" : 153 , ""bandwidth"" : 80}], deassociateStaList=[48:4b:aa:af:cb:19], frequencySetBy=10}",2019-03-06 15:52
b8:ec:a3:2f:bd:30,b8:ec:a3:2f:bd:33,6 (2437 MHz),INFORM CS - MODIFY AP CONFIGURATION,RRM,CONFIG_SERVICE,"{candidateBssList=[{ ""bssid"" : ""b8:ec:a3:2f:bd:31"" , ""channel"" : 153 , ""bandwidth"" : 80}], deassociateStaList=[48:4b:aa:af:cb:19], frequencySetBy=10}",2019-03-06 15:48
b8:ec:a3:2f:bd:30,b8:ec:a3:2f:bd:33,6 (2437 MHz),INFORM CS - MODIFY AP CONFIGURATION,RRM,CONFIG_SERVICE,"{candidateBssList=[{ ""bssid"" : ""b8:ec:a3:2f:bd:31"" , ""channel"" : 153 , ""bandwidth"" : 80}], deassociateStaList=[48:4b:aa:af:cb:19], frequencySetBy=10}",2019-03-06 15:45
04:bf:6d:5e:26:7c,04:bf:6d:5e:26:7f,11 (2462 MHz),INFORM CS - MODIFY AP CONFIGURATION,RRM,CONFIG_SERVICE,"{candidateBssList=[{ ""bssid"" : ""04:bf:6d:5e:26:7d"" , ""channel"" : 149 , ""bandwidth"" : 80}], deassociateStaList=[10:cd:b6:00:ad:eb], frequencySetBy=10}",2019-03-06 15:44
b8:ec:a3:2f:bd:6c,b8:ec:a3:2f:bd:6f,6 (2437 MHz),INFORM CS - MODIFY AP CONFIGURATION,RRM,CONFIG_SERVICE,"{candidateBssList=[{ ""bssid"" : ""b8:ec:a3:2f:bd:6d"" , ""channel"" : 149 , ""bandwidth"" : 80}], deassociateStaList=[dc:0b:34:c8:d7:54], frequencySetBy=10}",2019-03-06 15:23
a0:e4:cb:fc:b4:ec,a0:e4:cb:fc:b4:ef,6 (2437 MHz),INFORM CS - MODIFY AP CONFIGURATION,RRM,CONFIG_SERVICE,"{candidateBssList=[{ ""bssid"" : ""a0:e4:cb:fc:b4:ed"" , ""channel"" : 149 , ""bandwidth"" : 80}], deassociateStaList=[34:12:f9:e8:4d:da], frequencySetBy=10}",2019-03-06 15:16
b8:ec:a3:2f:bd:30,b8:ec:a3:2f:bd:33,6 (2437 MHz),INFORM CS - MODIFY AP CONFIGURATION,RRM,CONFIG_SERVICE,"{candidateBssList=[{ ""bssid"" : ""b8:ec:a3:2f:bd:31"" , ""channel"" : 153 , ""bandwidth"" : 80}], deassociateStaList=[48:4b:aa:af:cb:19], frequencySetBy=10}",2019-03-06 15:11
b8:ec:a3:2f:bd:15,b8:ec:a3:2f:bd:17,48 (5240 MHz),INFORM CS - MODIFY AP CONFIGURATION,RRM,CONFIG_SERVICE,"{Frequency(MHz) Changed=5240 -> 5785, Transmit Power(dBm) Changed=16.0 -> 22.0}",2019-03-06 14:12
b8:ec:a3:2f:bd:15,b8:ec:a3:2f:bd:17,48 (5240 MHz),CHANNEL USAGE THRESHOLD EXCEEDED,RRM,RRM,"{Description=This event is triggered when out of BSS channel usage exceeds the specified threshold below, ap_manufacturer=ZyXEL_EMG2926, calculated_competitive_channel_usage=0.862, high_competitive_usage_threshold=0.75}",2019-03-06 14:12
b8:ec:a3:2f:bd:15,b8:ec:a3:2f:bd:17,48 (5240 MHz),CHANNEL USAGE THRESHOLD EXCEEDED,RRM,RRM,"{Description=This event is triggered when out of BSS channel usage exceeds the specified threshold below, ap_manufacturer=ZyXEL_EMG2926, calculated_competitive_channel_usage=0.862, high_competitive_usage_threshold=0.75}",2019-03-06 14:11
b8:ec:a3:2f:bd:15,b8:ec:a3:2f:bd:17,48 (5240 MHz),CHANNEL USAGE THRESHOLD EXCEEDED,RRM,RRM,"{Description=This event is triggered when out of BSS channel usage exceeds the specified threshold below, ap_manufacturer=ZyXEL_EMG2926, calculated_competitive_channel_usage=0.844, high_competitive_usage_threshold=0.75}",2019-03-06 14:11
b8:ec:a3:2f:bd:15,b8:ec:a3:2f:bd:17,48 (5240 MHz),CHANNEL USAGE THRESHOLD EXCEEDED,RRM,RRM,"{Description=This event is triggered when out of BSS channel usage exceeds the specified threshold below, ap_manufacturer=ZyXEL_EMG2926, calculated_competitive_channel_usage=0.844, high_competitive_usage_threshold=0.75}",2019-03-06 14:10
b8:ec:a3:2f:bd:38,b8:ec:a3:2f:bd:3b,6 (2437 MHz),INFORM CS - MODIFY AP CONFIGURATION,RRM,CONFIG_SERVICE,"{candidateBssList=[{ ""bssid"" : ""b8:ec:a3:2f:bd:39"" , ""channel"" : 149 , ""bandwidth"" : 80}], deassociateStaList=[c0:ee:fb:dd:2f:ed], frequencySetBy=10}",2019-03-06 13:56
b8:ec:a3:2f:bd:48,b8:ec:a3:2f:bd:4b,1 (2412 MHz),INFORM CS - MODIFY AP CONFIGURATION,RRM,CONFIG_SERVICE,"{candidateBssList=[{ ""bssid"" : ""b8:ec:a3:2f:bd:49"" , ""channel"" : 149 , ""bandwidth"" : 80}], deassociateStaList=[24:a0:74:0f:36:40], frequencySetBy=10}",2019-03-06 13:08
a0:e4:cb:fc:b4:ec,a0:e4:cb:fc:b4:ef,6 (2437 MHz),INFORM CS - MODIFY AP CONFIGURATION,RRM,CONFIG_SERVICE,"{candidateBssList=[{ ""bssid"" : ""a0:e4:cb:fc:b4:ed"" , ""channel"" : 149 , ""bandwidth"" : 80}], deassociateStaList=[34:12:f9:e8:4d:da], frequencySetBy=10}",2019-03-06 12:34
b8:ec:a3:2f:bd:6c,b8:ec:a3:2f:bd:6f,6 (2437 MHz),INFORM CS - MODIFY AP CONFIGURATION,RRM,CONFIG_SERVICE,"{candidateBssList=[{ ""bssid"" : ""b8:ec:a3:2f:bd:6d"" , ""channel"" : 149 , ""bandwidth"" : 80}], deassociateStaList=[dc:0b:34:c8:d7:54], frequencySetBy=10}",2019-03-06 12:14
b8:ec:a3:2f:bd:6c,b8:ec:a3:2f:bd:6f,6 (2437 MHz),INFORM CS - MODIFY AP CONFIGURATION,RRM,CONFIG_SERVICE,"{candidateBssList=[{ ""bssid"" : ""b8:ec:a3:2f:bd:6d"" , ""channel"" : 149 , ""bandwidth"" : 80}], deassociateStaList=[dc:0b:34:c8:d7:54], frequencySetBy=10}",2019-03-06 12:10
a0:e4:cb:fc:b4:ec,a0:e4:cb:fc:b4:ef,6 (2437 MHz),INFORM CS - MODIFY AP CONFIGURATION,RRM,CONFIG_SERVICE,"{candidateBssList=[{ ""bssid"" : ""a0:e4:cb:fc:b4:ed"" , ""channel"" : 149 , ""bandwidth"" : 80}], deassociateStaList=[34:12:f9:e8:4d:da], frequencySetBy=10}",2019-03-06 12:04
04:bf:6d:5e:26:78,04:bf:6d:5e:26:7b,11 (2462 MHz),INFORM CS - MODIFY AP CONFIGURATION,RRM,CONFIG_SERVICE,"{candidateBssList=[{ ""bssid"" : ""04:bf:6d:5e:26:79"" , ""channel"" : 153 , ""bandwidth"" : 80}], deassociateStaList=[b4:ae:2b:c6:2e:50], frequencySetBy=10}",2019-03-06 12:02
04:bf:6d:5e:12:8c,04:bf:6d:5e:12:8f,11 (2462 MHz),INFORM CS - MODIFY AP CONFIGURATION,RRM,CONFIG_SERVICE,"{candidateBssList=[{ ""bssid"" : ""04:bf:6d:5e:12:8d"" , ""channel"" : 149 , ""bandwidth"" : 80}], deassociateStaList=[cc:fa:00:b5:65:de], frequencySetBy=10}",2019-03-06 11:41
b8:ec:a3:2f:bd:5c,b8:ec:a3:2f:bd:5f,1 (2412 MHz),INFORM CS - MODIFY AP CONFIGURATION,RRM,CONFIG_SERVICE,"{candidateBssList=[{ ""bssid"" : ""b8:ec:a3:2f:bd:5d"" , ""channel"" : 161 , ""bandwidth"" : 80}], deassociateStaList=[8c:f5:a3:cf:a6:39], frequencySetBy=10}",2019-03-06 10:51
b8:ec:a3:2f:bd:2c,b8:ec:a3:2f:bd:2f,1 (2412 MHz),INFORM CS - MODIFY AP CONFIGURATION,RRM,CONFIG_SERVICE,"{candidateBssList=[{ ""bssid"" : ""b8:ec:a3:2f:bd:2d"" , ""channel"" : 157 , ""bandwidth"" : 80}], deassociateStaList=[f0:0f:ec:f8:01:ac], frequencySetBy=10}",2019-03-06 10:18
b8:ec:a3:2f:bd:34,b8:ec:a3:2f:bd:37,6 (2437 MHz),INFORM CS - MODIFY AP CONFIGURATION,RRM,CONFIG_SERVICE,"{candidateBssList=[{ ""bssid"" : ""b8:ec:a3:2f:bd:35"" , ""channel"" : 157 , ""bandwidth"" : 80}], deassociateStaList=[88:66:a5:ba:5b:1b], frequencySetBy=10}",2019-03-06 09:06
04:bf:6d:5e:26:68,04:bf:6d:5e:26:6b,11 (2462 MHz),INFORM CS - MODIFY AP CONFIGURATION,RRM,CONFIG_SERVICE,"{candidateBssList=[{ ""bssid"" : ""04:bf:6d:5e:26:69"" , ""channel"" : 157 , ""bandwidth"" : 80}], deassociateStaList=[04:d6:aa:66:76:5a], frequencySetBy=10}",2019-03-06 06:36
04:bf:6d:5e:26:68,04:bf:6d:5e:26:6b,11 (2462 MHz),INFORM CS - MODIFY AP CONFIGURATION,RRM,CONFIG_SERVICE,"{candidateBssList=[{ ""bssid"" : ""04:bf:6d:5e:26:69"" , ""channel"" : 157 , ""bandwidth"" : 80}], deassociateStaList=[04:d6:aa:66:76:5a], frequencySetBy=10}",2019-03-06 06:32
b8:ec:a3:2f:bd:5c,b8:ec:a3:2f:bd:5f,1 (2412 MHz),INFORM CS - MODIFY AP CONFIGURATION,RRM,CONFIG_SERVICE,"{candidateBssList=[{ ""bssid"" : ""b8:ec:a3:2f:bd:5d"" , ""channel"" : 161 , ""bandwidth"" : 80}], deassociateStaList=[8c:f5:a3:cf:a6:39], frequencySetBy=10}",2019-03-06 04:41
b8:ec:a3:2f:bd:34,b8:ec:a3:2f:bd:37,6 (2437 MHz),INFORM CS - MODIFY AP CONFIGURATION,RRM,CONFIG_SERVICE,"{candidateBssList=[{ ""bssid"" : ""b8:ec:a3:2f:bd:35"" , ""channel"" : 157 , ""bandwidth"" : 80}], deassociateStaList=[54:b1:21:d4:37:2c], frequencySetBy=10}",2019-03-06 04:30
04:bf:6d:5e:12:64,04:bf:6d:5e:12:67,1 (2412 MHz),INFORM CS - MODIFY AP CONFIGURATION,RRM,CONFIG_SERVICE,"{candidateBssList=[{ ""bssid"" : ""04:bf:6d:5e:12:65"" , ""channel"" : 161 , ""bandwidth"" : 80}], deassociateStaList=[58:82:a8:64:a7:f1], frequencySetBy=10}",2019-03-06 04:18
a0:e4:cb:fc:b4:ec,a0:e4:cb:fc:b4:ef,6 (2437 MHz),INFORM CS - MODIFY AP CONFIGURATION,RRM,CONFIG_SERVICE,"{candidateBssList=[{ ""bssid"" : ""a0:e4:cb:fc:b4:ed"" , ""channel"" : 149 , ""bandwidth"" : 80}], deassociateStaList=[c0:bd:d1:7e:1a:7e], frequencySetBy=10}",2019-03-06 02:49
a0:e4:cb:fc:b4:ec,a0:e4:cb:fc:b4:ef,6 (2437 MHz),INFORM CS - MODIFY AP CONFIGURATION,RRM,CONFIG_SERVICE,"{candidateBssList=[{ ""bssid"" : ""a0:e4:cb:fc:b4:ed"" , ""channel"" : 149 , ""bandwidth"" : 80}], deassociateStaList=[34:12:f9:e8:4d:da], frequencySetBy=10}",2019-03-06 01:30
b8:ec:a3:2f:bd:7c,b8:ec:a3:2f:bd:7f,11 (2462 MHz),INFORM CS - MODIFY AP CONFIGURATION,RRM,CONFIG_SERVICE,"{candidateBssList=[{ ""bssid"" : ""b8:ec:a3:2f:bd:7d"" , ""channel"" : 157 , ""bandwidth"" : 80}], deassociateStaList=[bc:e1:43:0a:09:04], frequencySetBy=10}",2019-03-06 01:09
04:bf:6d:5e:12:64,04:bf:6d:5e:12:67,1 (2412 MHz),INFORM CS - MODIFY AP CONFIGURATION,RRM,CONFIG_SERVICE,"{candidateBssList=[{ ""bssid"" : ""04:bf:6d:5e:12:65"" , ""channel"" : 161 , ""bandwidth"" : 80}], deassociateStaList=[58:82:a8:64:a7:f1], frequencySetBy=10}",2019-03-06 00:18












