dateTime,countryCode,enabled,id,name,ssidList2pt4GHz,ssidList5GHz
2019-03-28 00:45:01,CA,True,a21b3fed-aef4-4725-a6a3-8261d08fb884,Profile Generique Global,[''],['']
2019-03-28 00:45:01,CA,True,1487f815-4346-47b5-887e-23e858ea854b,Profile Global par defaut,[''],['']
2019-03-28 00:45:01,CA,True,f1b9598c-0a45-4030-b008-133696d7c2b2,Profile Generique Global 2,[''],['']
2019-03-28 01:45:01,CA,True,a21b3fed-aef4-4725-a6a3-8261d08fb884,Profile Generique Global,[''],['']
2019-03-28 01:45:01,CA,True,1487f815-4346-47b5-887e-23e858ea854b,Profile Global par defaut,[''],['']
2019-03-28 01:45:01,CA,True,f1b9598c-0a45-4030-b008-133696d7c2b2,Profile Generique Global 2,[''],['']
2019-03-28 02:45:02,CA,True,a21b3fed-aef4-4725-a6a3-8261d08fb884,Profile Generique Global,[''],['']
2019-03-28 02:45:02,CA,True,1487f815-4346-47b5-887e-23e858ea854b,Profile Global par defaut,[''],['']
2019-03-28 02:45:02,CA,True,f1b9598c-0a45-4030-b008-133696d7c2b2,Profile Generique Global 2,[''],['']
2019-03-28 03:45:01,CA,True,a21b3fed-aef4-4725-a6a3-8261d08fb884,Profile Generique Global,[''],['']
2019-03-28 03:45:01,CA,True,1487f815-4346-47b5-887e-23e858ea854b,Profile Global par defaut,[''],['']
2019-03-28 03:45:01,CA,True,f1b9598c-0a45-4030-b008-133696d7c2b2,Profile Generique Global 2,[''],['']
2019-03-28 04:45:01,CA,True,a21b3fed-aef4-4725-a6a3-8261d08fb884,Profile Generique Global,[''],['']
2019-03-28 04:45:01,CA,True,1487f815-4346-47b5-887e-23e858ea854b,Profile Global par defaut,[''],['']
2019-03-28 04:45:01,CA,True,f1b9598c-0a45-4030-b008-133696d7c2b2,Profile Generique Global 2,[''],['']
2019-03-28 05:45:01,CA,True,a21b3fed-aef4-4725-a6a3-8261d08fb884,Profile Generique Global,[''],['']
2019-03-28 05:45:01,CA,True,1487f815-4346-47b5-887e-23e858ea854b,Profile Global par defaut,[''],['']
2019-03-28 05:45:01,CA,True,f1b9598c-0a45-4030-b008-133696d7c2b2,Profile Generique Global 2,[''],['']
2019-03-28 06:45:01,CA,True,a21b3fed-aef4-4725-a6a3-8261d08fb884,Profile Generique Global,[''],['']
2019-03-28 06:45:01,CA,True,1487f815-4346-47b5-887e-23e858ea854b,Profile Global par defaut,[''],['']
2019-03-28 06:45:01,CA,True,f1b9598c-0a45-4030-b008-133696d7c2b2,Profile Generique Global 2,[''],['']
2019-03-28 07:45:02,CA,True,a21b3fed-aef4-4725-a6a3-8261d08fb884,Profile Generique Global,[''],['']
2019-03-28 07:45:02,CA,True,1487f815-4346-47b5-887e-23e858ea854b,Profile Global par defaut,[''],['']
2019-03-28 07:45:02,CA,True,f1b9598c-0a45-4030-b008-133696d7c2b2,Profile Generique Global 2,[''],['']
2019-03-28 08:45:01,CA,True,a21b3fed-aef4-4725-a6a3-8261d08fb884,Profile Generique Global,[''],['']
2019-03-28 08:45:01,CA,True,1487f815-4346-47b5-887e-23e858ea854b,Profile Global par defaut,[''],['']
2019-03-28 08:45:01,CA,True,f1b9598c-0a45-4030-b008-133696d7c2b2,Profile Generique Global 2,[''],['']
2019-03-28 09:45:02,CA,True,a21b3fed-aef4-4725-a6a3-8261d08fb884,Profile Generique Global,[''],['']
2019-03-28 09:45:02,CA,True,1487f815-4346-47b5-887e-23e858ea854b,Profile Global par defaut,[''],['']
2019-03-28 09:45:02,CA,True,f1b9598c-0a45-4030-b008-133696d7c2b2,Profile Generique Global 2,[''],['']
2019-03-28 10:45:01,CA,True,a21b3fed-aef4-4725-a6a3-8261d08fb884,Profile Generique Global,[''],['']
2019-03-28 10:45:01,CA,True,1487f815-4346-47b5-887e-23e858ea854b,Profile Global par defaut,[''],['']
2019-03-28 10:45:01,CA,True,f1b9598c-0a45-4030-b008-133696d7c2b2,Profile Generique Global 2,[''],['']
2019-03-28 11:45:02,CA,True,a21b3fed-aef4-4725-a6a3-8261d08fb884,Profile Generique Global,[''],['']
2019-03-28 11:45:02,CA,True,1487f815-4346-47b5-887e-23e858ea854b,Profile Global par defaut,[''],['']
2019-03-28 11:45:02,CA,True,f1b9598c-0a45-4030-b008-133696d7c2b2,Profile Generique Global 2,[''],['']
2019-03-28 12:45:01,CA,True,a21b3fed-aef4-4725-a6a3-8261d08fb884,Profile Generique Global,[''],['']
2019-03-28 12:45:01,CA,True,1487f815-4346-47b5-887e-23e858ea854b,Profile Global par defaut,[''],['']
2019-03-28 12:45:01,CA,True,f1b9598c-0a45-4030-b008-133696d7c2b2,Profile Generique Global 2,[''],['']
2019-03-28 13:45:01,CA,True,a21b3fed-aef4-4725-a6a3-8261d08fb884,Profile Generique Global,[''],['']
2019-03-28 13:45:01,CA,True,1487f815-4346-47b5-887e-23e858ea854b,Profile Global par defaut,[''],['']
2019-03-28 13:45:01,CA,True,f1b9598c-0a45-4030-b008-133696d7c2b2,Profile Generique Global 2,[''],['']
2019-03-28 14:45:02,CA,True,a21b3fed-aef4-4725-a6a3-8261d08fb884,Profile Generique Global,[''],['']
2019-03-28 14:45:02,CA,True,1487f815-4346-47b5-887e-23e858ea854b,Profile Global par defaut,[''],['']
2019-03-28 14:45:02,CA,True,f1b9598c-0a45-4030-b008-133696d7c2b2,Profile Generique Global 2,[''],['']
2019-03-28 15:45:01,CA,True,a21b3fed-aef4-4725-a6a3-8261d08fb884,Profile Generique Global,[''],['']
2019-03-28 15:45:01,CA,True,1487f815-4346-47b5-887e-23e858ea854b,Profile Global par defaut,[''],['']
2019-03-28 15:45:01,CA,True,f1b9598c-0a45-4030-b008-133696d7c2b2,Profile Generique Global 2,[''],['']
2019-03-28 16:45:02,CA,True,a21b3fed-aef4-4725-a6a3-8261d08fb884,Profile Generique Global,[''],['']
2019-03-28 16:45:02,CA,True,1487f815-4346-47b5-887e-23e858ea854b,Profile Global par defaut,[''],['']
2019-03-28 16:45:02,CA,True,f1b9598c-0a45-4030-b008-133696d7c2b2,Profile Generique Global 2,[''],['']
2019-03-28 17:45:01,CA,True,a21b3fed-aef4-4725-a6a3-8261d08fb884,Profile Generique Global,[''],['']
2019-03-28 17:45:01,CA,True,1487f815-4346-47b5-887e-23e858ea854b,Profile Global par defaut,[''],['']
2019-03-28 17:45:01,CA,True,f1b9598c-0a45-4030-b008-133696d7c2b2,Profile Generique Global 2,[''],['']
2019-03-28 18:45:02,CA,True,a21b3fed-aef4-4725-a6a3-8261d08fb884,Profile Generique Global,[''],['']
2019-03-28 18:45:02,CA,True,1487f815-4346-47b5-887e-23e858ea854b,Profile Global par defaut,[''],['']
2019-03-28 18:45:02,CA,True,f1b9598c-0a45-4030-b008-133696d7c2b2,Profile Generique Global 2,[''],['']
2019-03-28 19:45:01,CA,True,a21b3fed-aef4-4725-a6a3-8261d08fb884,Profile Generique Global,[''],['']
2019-03-28 19:45:01,CA,True,1487f815-4346-47b5-887e-23e858ea854b,Profile Global par defaut,[''],['']
2019-03-28 19:45:01,CA,True,f1b9598c-0a45-4030-b008-133696d7c2b2,Profile Generique Global 2,[''],['']
2019-03-28 20:45:02,CA,True,a21b3fed-aef4-4725-a6a3-8261d08fb884,Profile Generique Global,[''],['']
2019-03-28 20:45:02,CA,True,1487f815-4346-47b5-887e-23e858ea854b,Profile Global par defaut,[''],['']
2019-03-28 20:45:02,CA,True,f1b9598c-0a45-4030-b008-133696d7c2b2,Profile Generique Global 2,[''],['']
2019-03-28 21:45:01,CA,True,a21b3fed-aef4-4725-a6a3-8261d08fb884,Profile Generique Global,[''],['']
2019-03-28 21:45:01,CA,True,1487f815-4346-47b5-887e-23e858ea854b,Profile Global par defaut,[''],['']
2019-03-28 21:45:01,CA,True,f1b9598c-0a45-4030-b008-133696d7c2b2,Profile Generique Global 2,[''],['']
2019-03-28 22:45:01,CA,True,a21b3fed-aef4-4725-a6a3-8261d08fb884,Profile Generique Global,[''],['']
2019-03-28 22:45:01,CA,True,1487f815-4346-47b5-887e-23e858ea854b,Profile Global par defaut,[''],['']
2019-03-28 22:45:01,CA,True,f1b9598c-0a45-4030-b008-133696d7c2b2,Profile Generique Global 2,[''],['']
2019-03-28 23:45:01,CA,True,a21b3fed-aef4-4725-a6a3-8261d08fb884,Profile Generique Global,[''],['']
2019-03-28 23:45:01,CA,True,1487f815-4346-47b5-887e-23e858ea854b,Profile Global par defaut,[''],['']
2019-03-28 23:45:01,CA,True,f1b9598c-0a45-4030-b008-133696d7c2b2,Profile Generique Global 2,[''],['']
